[09Jul2025 23:44:53.619] [main/INFO] [cpw.mods.modlauncher.Launcher/MODLAUNCHER]: ModLauncher running: args [--launchTarget, forgeserver, --fml.forgeVersion, 47.3.33, --fml.mcVersion, 1.20.1, --fml.forgeGroup, net.minecraftforge, --fml.mcpVersion, 20230612.114412, nogui]
[09Jul2025 23:44:53.623] [main/INFO] [cpw.mods.modlauncher.Launcher/MODLAUNCHER]: ModLauncher 10.0.9+10.0.9+main.dcd20f30 starting: java version 17.0.15 by Ubuntu; OS Linux arch amd64 version 6.8.0-1027-azure
[09Jul2025 23:44:56.452] [main/INFO] [net.minecraftforge.fml.loading.ImmediateWindowHandler/]: ImmediateWindowProvider not loading because launch target is forgeserver
[09Jul2025 23:44:56.462] [main/INFO] [mixin-transmog/]: Mixin Transmogrifier is definitely up to no good...
[09Jul2025 23:44:56.485] [main/INFO] [mixin-transmog/]: crimes against java were committed
[09Jul2025 23:44:56.502] [main/INFO] [mixin-transmog/]: Original mixin transformation service successfully crobbed by mixin-transmogrifier!
[09Jul2025 23:44:56.537] [main/INFO] [mixin/]: SpongePowered MIXIN Subsystem Version=0.8.5 Source=union:/workspaces/WEA/servidor_minecraft/mods/Connector-1.0.0-beta.46+1.20.1.jar%23244%23247!/ Service=ModLauncher Env=SERVER
[09Jul2025 23:44:56.903] [main/WARN] [net.minecraftforge.fml.loading.moddiscovery.ModDiscoverer/SCAN]: Locator {mods folder locator at /workspaces/WEA/servidor_minecraft/mods} returned 2 files which are client-side-only mods, but we're on a dedicated server. They will be skipped!
[09Jul2025 23:44:56.995] [main/WARN] [net.minecraftforge.fml.loading.moddiscovery.ModFileParser/LOADING]: Mod file /workspaces/WEA/servidor_minecraft/libraries/net/minecraftforge/fmlcore/1.20.1-47.3.33/fmlcore-1.20.1-47.3.33.jar is missing mods.toml file
[09Jul2025 23:44:56.996] [main/WARN] [net.minecraftforge.fml.loading.moddiscovery.ModFileParser/LOADING]: Mod file /workspaces/WEA/servidor_minecraft/libraries/net/minecraftforge/javafmllanguage/1.20.1-47.3.33/javafmllanguage-1.20.1-47.3.33.jar is missing mods.toml file
[09Jul2025 23:44:56.997] [main/WARN] [net.minecraftforge.fml.loading.moddiscovery.ModFileParser/LOADING]: Mod file /workspaces/WEA/servidor_minecraft/libraries/net/minecraftforge/lowcodelanguage/1.20.1-47.3.33/lowcodelanguage-1.20.1-47.3.33.jar is missing mods.toml file
[09Jul2025 23:44:56.998] [main/WARN] [net.minecraftforge.fml.loading.moddiscovery.ModFileParser/LOADING]: Mod file /workspaces/WEA/servidor_minecraft/libraries/net/minecraftforge/mclanguage/1.20.1-47.3.33/mclanguage-1.20.1-47.3.33.jar is missing mods.toml file
[09Jul2025 23:44:58.037] [main/WARN] [net.minecraftforge.jarjar.selection.JarSelector/]: Attempted to select two dependency jars from JarJar which have the same identification: Mod File:  and Mod File: . Using Mod File: 
[09Jul2025 23:44:58.039] [main/WARN] [net.minecraftforge.jarjar.selection.JarSelector/]: Attempted to select a dependency jar for JarJar which was passed in as source: resourcefullib. Using Mod File: /workspaces/WEA/servidor_minecraft/mods/resourcefullib-forge-1.20.1-2.1.29.jar
[09Jul2025 23:44:58.039] [main/INFO] [net.minecraftforge.fml.loading.moddiscovery.JarInJarDependencyLocator/]: Found 104 dependencies adding them to mods collection
[09Jul2025 23:44:59.071] [main/INFO] [org.sinytra.connector.locator.DependencyResolver/]: Dependency resolution found 2 candidates to load
[09Jul2025 23:45:00.546] [main/INFO] [org.groovymc.gml.mappings.MappingsProvider/]: Starting runtime mappings setup...
[09Jul2025 23:45:00.566] [main/INFO] [org.groovymc.gml.internal.locator.ModLocatorInjector/]: Injecting ScriptModLocator candidates...
[09Jul2025 23:45:00.577] [main/INFO] [org.groovymc.gml.scriptmods.ScriptModLocator/]: Injected Jimfs file system
[09Jul2025 23:45:00.582] [main/INFO] [org.groovymc.gml.scriptmods.ScriptModLocator/]: Skipped loading script mods from directory /workspaces/WEA/servidor_minecraft/mods/scripts as it did not exist.
[09Jul2025 23:45:00.592] [main/INFO] [org.groovymc.gml.internal.locator.ModLocatorInjector/]: Injected ScriptModLocator mod candidates. Found 0 valid mod candidates and 0 broken mod files.
[09Jul2025 23:45:01.230] [main/INFO] [org.sinytra.connector.service.hacks.ModuleLayerMigrator/]: Successfully made module authlib transformable
[09Jul2025 23:45:03.537] [GML Mappings Thread/INFO] [org.groovymc.gml.mappings.MappingsProvider/]: Loaded runtime mappings in 2941ms
[09Jul2025 23:45:03.539] [GML Mappings Thread/INFO] [org.groovymc.gml.mappings.MappingsProvider/]: Finished runtime mappings setup.
[09Jul2025 23:45:04.897] [main/INFO] [mixin/]: Compatibility level set to JAVA_17
[09Jul2025 23:45:05.582] [main/INFO] [mixin/]: Successfully loaded Mixin Connector [ca.spottedleaf.starlight.mixin.MixinConnector]
[09Jul2025 23:45:05.597] [main/INFO] [cpw.mods.modlauncher.LaunchServiceHandler/MODLAUNCHER]: Launching target 'forgeserver' with arguments [nogui]
[09Jul2025 23:45:05.729] [main/INFO] [ModernFix/]: Loaded configuration file for ModernFix 5.23.0+mc1.20.1: 95 options available, 1 override(s) found
[09Jul2025 23:45:05.730] [main/WARN] [ModernFix/]: Option 'mixin.bugfix.buffer_builder_leak' overriden (by mods [witherstormmod]) to 'false'
[09Jul2025 23:45:05.730] [main/INFO] [ModernFix/]: Applying Nashorn fix
[09Jul2025 23:45:05.761] [main/INFO] [ModernFix/]: Applied Forge config corruption patch
[09Jul2025 23:45:05.883] [main/INFO] [Radium Config/]: Loaded configuration file for Radium: 125 options available, 1 override(s) found
[09Jul2025 23:45:05.924] [main/WARN] [mixin/]: Reference map 'aaa_particles-fabric-refmap.json' for aaa_particles.mixins.json could not be read. If this is a development environment you can ignore this message
[09Jul2025 23:45:05.936] [main/WARN] [mixin/]: Reference map 'puzzlesaccessapi.common.refmap.json' for puzzlesaccessapi.common.mixins.json could not be read. If this is a development environment you can ignore this message
[09Jul2025 23:45:05.974] [main/WARN] [mixin/]: Reference map 'fastpaintings-forge-refmap.json' for fastpaintings-forge.mixins.json could not be read. If this is a development environment you can ignore this message
[09Jul2025 23:45:06.075] [main/INFO] [Puzzles Lib/]: Loading 212 mods:
	- aaa_particles 1.20.1-1.4.5
	- alexsmobs 1.22.9
	- alltheleaks 0.1.2-beta+1.20.1-forge
		\-- mixinsquared 0.2.0
	- almanac 1.0.2
	- amendments 1.20-1.2.19
	- appleskin 2.5.1+mc1.20.1
	- architectury 9.2.14
	- artifacts 9.5.16
		\-- expandability 9.0.4
	- ati_structuresv 1.0.0
	- attributefix 21.0.4
	- azurelib 3.0.6
	- badoptimizations 2.2.2
	- bcc 4.0.8
	- bettercombat 1.8.6+1.20.1
	- betterdeserttemples 1.20-Forge-3.0.3
	- betterdungeons 1.20-Forge-4.0.4
	- betterendisland 1.20-Forge-2.0.6
	- betterstrongholds 1.20-Forge-4.0.3
	- biomesoplenty 18.0.0.592
	- bloodmagic 3.3.3-45
	- bookshelf 20.2.13
	- born_in_chaos_v1 1.7
	- bosses_of_mass_destruction 1.1.1
	- caelus 3.2.0+1.20.1
	- carryon 2.1.2.7
	- cataclysm 2.65
	- cerbons_api 1.0.0
	- chisel 2.0.0+mc1.20.1
	- citadel 2.6.1
	- cloth_config 11.1.136
	- clumps 12.0.0.4
	- commongroovylibrary 0.3.3
	- connectivity 1.20.1-7.1
	- connectorextras 1.11.2+1.20.1
		|-- amecsapi 1.5.3+mc1.20-pre1
		|-- connectorextras_architectury_bridge 1.11.2+1.20.1
		|-- connectorextras_emi_bridge 1.11.2+1.20.1
		|-- connectorextras_energy_bridge 1.11.2+1.20.1
		|-- connectorextras_geckolib_fabric_compat 1.11.2+1.20.1
		|-- connectorextras_jei_bridge 1.11.2+1.20.1
		|-- connectorextras_kubejs_bridge 1.11.2+1.20.1
		|-- connectorextras_modmenu_bridge 1.11.2+1.20.1
			\-- modmenu 7.2.2
		|-- connectorextras_pehkui_bridge 1.11.2+1.20.1
		|-- connectorextras_rei_bridge 1.11.2+1.20.1
		|-- connectorextras_terrablender_bridge 1.11.2+1.20.1
		|-- forgeconfigapiport 8.0.0
		\-- reach_entity_attributes 2.4.0
	- connectormod 1.0.0-beta.46+1.20.1
	- coroutil 1.20.1-1.3.7
	- cosmeticarmorreworked 1.20.1-v1a
	- create 6.0.6
		|-- flywheel 1.0.4
		\-- ponder 1.0.80
	- creeperoverhaul 3.0.2
	- cristellib 1.1.6
	- cryonicconfig 1.0.0+mc1.20.1
	- ctov 3.4.14
	- cupboard 1.20.1-2.7
	- curios 5.14.1+1.20.1
	- deeperdarker 1.3.3
	- deuf 1.20.1-1.3
	- diagonalwalls 8.0.4
		\-- diagonalblocks 8.0.6
	- dungeons_arise 2.1.58-1.20.x
	- dungeons_arise_seven_seas 1.0.2
	- dungeons_enhanced 5.4.1
	- eatinganimation 5.1.0
	- ecologics 2.2.0
	- eeeabsmobs 1.20.1-0.97
	- eldritch_end 0.3.3
	- enchantinginfuser 8.0.3
	- enchdesc 17.1.19
	- entity_model_features 2.4.1
	- entity_texture_features 6.2.9
	- fabric_api 0.92.2+1.11.12+1.20.1
		|-- fabric_api_base 0.4.31+ef105b4977
		|-- fabric_api_lookup_api_v1 1.6.36+67f9824077
		|-- fabric_biome_api_v1 13.0.13+dc36698e77
		|-- fabric_block_api_v1 1.0.11+0e6cb7f777
		|-- fabric_block_view_api_v2 1.0.1+0767707077
		|-- fabric_blockrenderlayer_v1 1.1.41+1d0da21e77
		|-- fabric_client_tags_api_v1 1.1.2+5d6761b877
		|-- fabric_command_api_v1 1.2.34+f71b366f77
		|-- fabric_command_api_v2 2.2.13+561530ec77
		|-- fabric_content_registries_v0 4.0.11+a670df1e77
		|-- fabric_convention_tags_v1 1.5.5+fa3d1c0177
		|-- fabric_data_attachment_api_v1 1.0.0+30ef839e77
		|-- fabric_data_generation_api_v1 12.3.4+369cb3a477
		|-- fabric_dimensions_v1 2.1.54+8005d10d77
		|-- fabric_entity_events_v1 1.6.0+4ca7515277
		|-- fabric_events_interaction_v0 0.6.2+0d0bd5a777
		|-- fabric_game_rule_api_v1 1.0.40+683d4da877
		|-- fabric_item_api_v1 2.1.28+4d0bbcfa77
		|-- fabric_item_group_api_v1 4.0.12+c9161c2d77
		|-- fabric_key_binding_api_v1 1.0.37+561530ec77
		|-- fabric_lifecycle_events_v1 2.2.22+afab492177
		|-- fabric_loot_api_v2 1.2.1+eb28f93e77
		|-- fabric_message_api_v1 5.1.9+52cc178c77
		|-- fabric_mining_level_api_v1 2.1.50+561530ec77
		|-- fabric_model_loading_api_v1 1.0.3+6274ab9d77
		|-- fabric_models_v0 0.4.2+7c3892a477
		|-- fabric_networking_api_v1 1.3.11+503a202477
		|-- fabric_object_builder_api_v1 11.1.3+4bd998fa77
		|-- fabric_particles_v1 1.1.2+78e1ecb877
		|-- fabric_recipe_api_v1 1.0.21+514a076577
		|-- fabric_registry_sync_v0 2.3.3+1c0ea72177
		|-- fabric_renderer_api_v1 3.2.1+cf68abbe77
		|-- fabric_renderer_indigo 1.5.2+b5b2da4177
		|-- fabric_rendering_data_attachment_v1 0.3.37+a6081afc77
		|-- fabric_rendering_fluids_v1 3.0.28+4ac5e37a77
		|-- fabric_rendering_v1 3.0.8+66e9a48f77
		|-- fabric_resource_conditions_api_v1 2.3.8+9e342fc177
		|-- fabric_resource_loader_v0 0.11.10+bcd08ed377
		|-- fabric_screen_api_v1 2.0.8+45a670a577
		|-- fabric_screen_handler_api_v1 1.3.30+561530ec77
		|-- fabric_sound_api_v1 1.0.13+4f23bd8477
		|-- fabric_transfer_api_v1 3.3.5+631c9cd677
		\-- fabric_transitive_access_wideners_v1 4.3.1+1880499877
	- fallingtree 4.3.4
	- farmersdelight 1.20.1-1.2.7
	- fastleafdecay 32
	- fastpaintings 1.20-1.2.7
	- ferritecore 6.0.1
	- forge 47.3.33
	- framework 0.7.15
	- geckolib 4.7.1.2
	- gml 4.0.11
	- gpumemleakfix 1.20.1-1.8
	- guardvillagers 1.20.1-1.6.10
	- illageandspillage 1.2.8
	- immediatelyfast 1.5.0+1.20.4
	- immersive_armors 1.7.0+1.20.1
	- improvedmobs 1.20.1-1.13.5
	- infernalmobs 1.20.1.10
	- insanelib 1.19.0
	- integrated_api 1.5.3+1.20.1-forge
		\-- mixinextras 0.2.0-beta.7
	- integrated_cataclysm 1.0.4+1.20.1
	- inventoryhud 3.4.26
	- inventoryprofilesnext 1.10.14
	- irons_spellbooks 1.20.1-3.4.0.9
	- itemproductionlib 1.0.2a
	- jei 15.20.0.106
	- jeresources 1.4.0.247
	- kotlinforforge 4.11.0
	- letmedespawn 1.5.0
	- libipn 4.0.2
	- lionfishapi 2.4-Fix
	- lithostitched 1.4.8
	- mantle 1.11.44
	- minecraft 1.20.1
	- moderately_enough_effect_desc 3.3.0
	- modernfix 5.23.0+mc1.20.1
	- moonlight 1.20-2.14.1
	- moremobvariants 1.3.0.1
	- mowziesmobs 1.7.2
	- mr_dungeons_andtaverns 3.0.3.f
	- naturalist 5.0pre2
		\-- midnightlib 1.4.2
	- necronomicon 1.6.0
	- nethersdelight 1.20.1-4.0
	- noisium 2.3.0+mc1.20-1.20.1
	- otyacraftengine 3.7.0-alpha.2
	- paraglider 20.1.3
	- patchouli 1.20.1-84.1-FORGE
	- pfm 1.4.2
	- playeranimator 1.0.2-rc1+1.20
	- polymorph 0.49.10+1.20.1
		\-- spectrelib 0.13.17+1.20.1
	- progressivebosses 3.9.7-mc1.20.1
	- projectile_damage 3.2.2+1.20.1
	- puzzleslib 8.1.32
		\-- puzzlesaccessapi 20.1.1
	- quark 4.0-462
	- radium 0.12.4+git.26c9d8e
	- raided 0.1.4
	- recipeessentials 1.20.1-4.0
	- refurbished_furniture 1.0.12
	- resourcefulconfig 2.1.3
	- resourcefullib 2.1.29
	- searchables 1.0.3
	- simplyswords 1.56.0-1.20.1
	- skilltree 0.6.14a
	- smoothchunk 1.20.1-4.1
	- sophisticatedbackpacks 3.23.17.1246
	- sophisticatedcore 1.2.63.993
	- soulsweapons 1.2.4-1.20.1-forge}
	- spartanshields 3.1.1
	- stalwart_dungeons 1.2.8
	- starlight 1.1.2+forge.1cda73c
	- structory 1.3.5
	- structure_gel 2.16.2
	- structureessentials 1.20.1-4.7
	- supplementaries 1.20-3.1.34
	- t_and_t 0.0NONE
	- tconstruct 3.9.2.37
	- tenshilib 1.20.1-1.7.6
	- terrablender 3.0.1.10
	- tombstone 8.9.6
	- toms_storage 1.7.1
	- twilightforest 4.3.2508
	- visualworkbench 8.0.0
	- watut 1.20.1-1.2.3
	- what_gecko 1.0.0
	- witherstormmod 4.2.1
		\-- crackerslib 1.20.1-0.4.1
	- xaerominimap 25.2.6
	- xaeroworldmap 1.39.9
	- yungsapi 1.20-Forge-4.0.6
	- zeta 1.0-30
[09Jul2025 23:45:06.162] [main/WARN] [mixin/]: Reference map 'cristellib-forge-refmap.json' for cristellib.mixins.json could not be read. If this is a development environment you can ignore this message
[09Jul2025 23:45:06.292] [main/WARN] [mixin/]: Reference map 'integrated_cataclysm.refmap.json' for integrated_cataclysm.mixins.json could not be read. If this is a development environment you can ignore this message
[09Jul2025 23:45:06.520] [main/WARN] [mixin/]: Reference map 'bloodmagic.refmap.json' for bloodmagic.mixins.json could not be read. If this is a development environment you can ignore this message
[09Jul2025 23:45:06.537] [main/WARN] [mixin/]: Reference map 'simplyswords-forge-refmap.json' for simplyswords.mixins.json could not be read. If this is a development environment you can ignore this message
[09Jul2025 23:45:06.625] [main/WARN] [mixin/]: Reference map 'coroutil.refmap.json' for coroutil.mixins.json could not be read. If this is a development environment you can ignore this message
[09Jul2025 23:45:06.726] [main/WARN] [mixin/]: Reference map '' for adapter.init.mixins.json could not be read. If this is a development environment you can ignore this message
[09Jul2025 23:45:07.565] [main/ERROR] [net.minecraftforge.fml.loading.RuntimeDistCleaner/DISTXFORM]: Attempted to load class net/minecraft/client/MouseHandler for invalid dist DEDICATED_SERVER
[09Jul2025 23:45:07.566] [main/WARN] [mixin/]: Error loading class: net/minecraft/client/MouseHandler (java.lang.RuntimeException: Attempted to load class net/minecraft/client/MouseHandler for invalid dist DEDICATED_SERVER)
[09Jul2025 23:45:07.566] [main/WARN] [mixin/]: @Mixin target net.minecraft.client.MouseHandler was not found fabric-screen-api-v1.mixins.json:MouseMixin from mod fabric_screen_api_v1
[09Jul2025 23:45:07.568] [main/ERROR] [net.minecraftforge.fml.loading.RuntimeDistCleaner/DISTXFORM]: Attempted to load class net/minecraft/client/gui/screens/Screen for invalid dist DEDICATED_SERVER
[09Jul2025 23:45:07.568] [main/WARN] [mixin/]: Error loading class: net/minecraft/client/gui/screens/Screen (java.lang.RuntimeException: Attempted to load class net/minecraft/client/gui/screens/Screen for invalid dist DEDICATED_SERVER)
[09Jul2025 23:45:07.568] [main/WARN] [mixin/]: @Mixin target net.minecraft.client.gui.screens.Screen was not found fabric-screen-api-v1.mixins.json:ScreenAccessor from mod fabric_screen_api_v1
[09Jul2025 23:45:08.012] [main/WARN] [Radium Config/]: Force-disabling mixin 'alloc.blockstate.StateMixin' as option 'mixin.alloc.blockstate' (added by mods [ferritecore]) disables it and children
[09Jul2025 23:45:08.248] [main/INFO] [dev.uncandango.alltheleaks.AllTheLeaks/]: Skipping issue ItemStackCreationStatistics from mod jei as it's dev only!
[09Jul2025 23:45:08.249] [main/INFO] [dev.uncandango.alltheleaks.AllTheLeaks/]: Class dev.uncandango.alltheleaks.leaks.common.mods.travelersbackpack.UntrackedIssue002 will NOT be loaded as mod travelersbackpack is not present
[09Jul2025 23:45:08.249] [main/INFO] [dev.uncandango.alltheleaks.AllTheLeaks/]: Class dev.uncandango.alltheleaks.leaks.common.mods.travelersbackpack.UntrackedIssue001 will NOT be loaded as mod travelersbackpack is not present
[09Jul2025 23:45:08.249] [main/INFO] [dev.uncandango.alltheleaks.AllTheLeaks/]: Class dev.uncandango.alltheleaks.leaks.common.mods.toolbelt.UntrackedIssue001 will NOT be loaded as mod toolbelt is not present
[09Jul2025 23:45:08.249] [main/INFO] [dev.uncandango.alltheleaks.AllTheLeaks/]: Class dev.uncandango.alltheleaks.leaks.common.mods.tfcthermaldeposits.UntrackedIssue001 will NOT be loaded as mod tfcthermaldeposits is not present
[09Jul2025 23:45:08.250] [main/INFO] [dev.uncandango.alltheleaks.AllTheLeaks/]: Class dev.uncandango.alltheleaks.leaks.common.mods.smallships.UntrackedIssue001 will NOT be loaded as mod smallships is not present
[09Jul2025 23:45:08.250] [main/INFO] [dev.uncandango.alltheleaks.AllTheLeaks/]: Class dev.uncandango.alltheleaks.leaks.common.mods.sereneseasons.UntrackedIssue001 will NOT be loaded as mod sereneseasons is not present
[09Jul2025 23:45:08.251] [main/INFO] [dev.uncandango.alltheleaks.AllTheLeaks/]: Class dev.uncandango.alltheleaks.leaks.common.mods.railcraft.UntrackedIssue001 will NOT be loaded as mod railcraft is not present
[09Jul2025 23:45:08.251] [main/INFO] [dev.uncandango.alltheleaks.AllTheLeaks/]: Class dev.uncandango.alltheleaks.leaks.common.mods.pneumaticcraft.UntrackedIssue001 will NOT be loaded as mod pneumaticcraft is not present
[09Jul2025 23:45:08.252] [main/INFO] [dev.uncandango.alltheleaks.AllTheLeaks/]: Class dev.uncandango.alltheleaks.leaks.common.mods.phosphophyllite.UntrackedIssue001 will NOT be loaded as mod phosphophyllite is not present
[09Jul2025 23:45:08.252] [main/INFO] [dev.uncandango.alltheleaks.AllTheLeaks/]: Class dev.uncandango.alltheleaks.leaks.common.mods.occultism.UntrackedIssue001 will NOT be loaded as mod occultism is not present
[09Jul2025 23:45:08.253] [main/INFO] [dev.uncandango.alltheleaks.AllTheLeaks/]: Class dev.uncandango.alltheleaks.leaks.common.mods.moonlight.UntrackedIssue001 will be loaded as it matches versions: 1.20-2.14.1 in [1.20-2.13.32,)
[09Jul2025 23:45:08.253] [main/INFO] [dev.uncandango.alltheleaks.AllTheLeaks/]: Mixins added to allowed list: [main.FakeLevelManagerMixin]
[09Jul2025 23:45:08.254] [main/INFO] [dev.uncandango.alltheleaks.AllTheLeaks/]: Class dev.uncandango.alltheleaks.leaks.common.mods.minecraft.UntrackedIssue002 will be loaded as it matches versions: 1.20.1 in 1.20.1
[09Jul2025 23:45:08.254] [main/INFO] [dev.uncandango.alltheleaks.AllTheLeaks/]: Mixins added to allowed list: [main.EntityTickListMixin]
[09Jul2025 23:45:08.254] [main/INFO] [dev.uncandango.alltheleaks.AllTheLeaks/]: Class dev.uncandango.alltheleaks.leaks.common.mods.minecraft.UntrackedIssue001 will be loaded as it matches versions: 1.20.1 in 1.20.1
[09Jul2025 23:45:08.255] [main/INFO] [dev.uncandango.alltheleaks.AllTheLeaks/]: Class dev.uncandango.alltheleaks.leaks.common.mods.irons_spellbooks.UntrackedIssue001 will be loaded as it matches versions: 1.20.1-3.4.0.9 in [1.20.1-3.4.0,)
[09Jul2025 23:45:08.255] [main/INFO] [dev.uncandango.alltheleaks.AllTheLeaks/]: Mixins added to allowed list: [main.ServerPlayerEventsMixin]
[09Jul2025 23:45:08.255] [main/INFO] [dev.uncandango.alltheleaks.AllTheLeaks/]: Class dev.uncandango.alltheleaks.leaks.common.mods.forge.UntrackedIssue003 will be loaded as it matches versions: 47.3.33 in [47.2,)
[09Jul2025 23:45:08.255] [main/INFO] [dev.uncandango.alltheleaks.AllTheLeaks/]: Class dev.uncandango.alltheleaks.leaks.common.mods.forge.UntrackedIssue002 will be loaded as it matches versions: 47.3.33 in [47.2,)
[09Jul2025 23:45:08.256] [main/INFO] [dev.uncandango.alltheleaks.AllTheLeaks/]: Mixins added to allowed list: [accessor.FakePlayerNetHandlerAccessor, accessor.ConnectionAccessor]
[09Jul2025 23:45:08.256] [main/INFO] [dev.uncandango.alltheleaks.AllTheLeaks/]: Class dev.uncandango.alltheleaks.leaks.common.mods.forge.UntrackedIssue001 will be loaded as it matches versions: 47.3.33 in [47.2,)
[09Jul2025 23:45:08.256] [main/INFO] [dev.uncandango.alltheleaks.AllTheLeaks/]: Mixins added to allowed list: [main.ServerPlayerMixin, main.PlayerListMixin]
[09Jul2025 23:45:08.256] [main/INFO] [dev.uncandango.alltheleaks.AllTheLeaks/]: Class dev.uncandango.alltheleaks.leaks.common.mods.forbidden_arcanus.UntrackedIssue001 will NOT be loaded as mod forbidden_arcanus is not present
[09Jul2025 23:45:08.257] [main/INFO] [dev.uncandango.alltheleaks.AllTheLeaks/]: Class dev.uncandango.alltheleaks.leaks.common.mods.domesticationinnovation.UntrackedIssue001 will NOT be loaded as mod domesticationinnovation is not present
[09Jul2025 23:45:08.257] [main/INFO] [dev.uncandango.alltheleaks.AllTheLeaks/]: Class dev.uncandango.alltheleaks.leaks.common.mods.curios.UntrackedIssue001 will be loaded as it matches versions: 5.14.1+1.20.1 in [5.9.1,)
[09Jul2025 23:45:08.257] [main/INFO] [dev.uncandango.alltheleaks.AllTheLeaks/]: Mixins added to allowed list: [main.CuriosEventHandlerMixin]
[09Jul2025 23:45:08.257] [main/INFO] [dev.uncandango.alltheleaks.AllTheLeaks/]: Class dev.uncandango.alltheleaks.leaks.common.mods.createaddition.UntrackedIssue001 will NOT be loaded as mod createaddition is not present
[09Jul2025 23:45:08.258] [main/INFO] [dev.uncandango.alltheleaks.AllTheLeaks/]: Class dev.uncandango.alltheleaks.leaks.common.mods.create.UntrackedIssue001 will be loaded as it matches versions: 6.0.6 in [0.5.1.c,)
[09Jul2025 23:45:08.259] [main/INFO] [dev.uncandango.alltheleaks.AllTheLeaks/]: Mixins added to allowed list: [accessor.ExtendoGripItemAccessor]
[09Jul2025 23:45:08.259] [main/INFO] [dev.uncandango.alltheleaks.AllTheLeaks/]: Class dev.uncandango.alltheleaks.leaks.common.mods.citadel.UntrackedIssue001 will be loaded as it matches versions: 2.6.1 in [2.5.4,)
[09Jul2025 23:45:08.260] [main/INFO] [dev.uncandango.alltheleaks.AllTheLeaks/]: Class dev.uncandango.alltheleaks.leaks.common.mods.betterf3.UntrackedIssue001 will NOT be loaded as mod betterf3 is not present
[09Jul2025 23:45:08.260] [main/INFO] [dev.uncandango.alltheleaks.AllTheLeaks/]: Class dev.uncandango.alltheleaks.leaks.common.mods.badpackets.UntrackedIssue001 will NOT be loaded as mod badpackets is not present
[09Jul2025 23:45:08.261] [main/INFO] [dev.uncandango.alltheleaks.AllTheLeaks/]: Class dev.uncandango.alltheleaks.leaks.common.mods.ars_nouveau.UntrackedIssue002 will NOT be loaded as mod ars_nouveau is not present
[09Jul2025 23:45:08.261] [main/INFO] [dev.uncandango.alltheleaks.AllTheLeaks/]: Class dev.uncandango.alltheleaks.leaks.common.mods.ars_nouveau.UntrackedIssue001 will NOT be loaded as mod ars_nouveau is not present
[09Jul2025 23:45:08.261] [main/INFO] [dev.uncandango.alltheleaks.AllTheLeaks/]: Class dev.uncandango.alltheleaks.leaks.common.mods.architectury.UntrackedIssue001 will be loaded as it matches versions: 9.2.14 in [9.0.8,)
[09Jul2025 23:45:08.262] [main/INFO] [dev.uncandango.alltheleaks.AllTheLeaks/]: Class dev.uncandango.alltheleaks.leaks.common.mods.alexsmobs.Issue2165 will be loaded as it matches versions: 1.22.9 in [1.22.5,)
[09Jul2025 23:45:08.262] [main/INFO] [dev.uncandango.alltheleaks.AllTheLeaks/]: Class dev.uncandango.alltheleaks.leaks.common.mods.aether.UntrackedIssue001 will NOT be loaded as mod aether is not present
[09Jul2025 23:45:08.262] [main/INFO] [dev.uncandango.alltheleaks.AllTheLeaks/]: Class dev.uncandango.alltheleaks.leaks.common.mods.ae2wtlib.UntrackedIssue001 will NOT be loaded as mod ae2wtlib is not present
[09Jul2025 23:45:08.262] [main/INFO] [dev.uncandango.alltheleaks.AllTheLeaks/]: Skipping issue [untracked] from mod twilightforest as it is client side only!
[09Jul2025 23:45:08.262] [main/INFO] [dev.uncandango.alltheleaks.AllTheLeaks/]: Skipping issue [untracked] from mod travelersbackpack as it is client side only!
[09Jul2025 23:45:08.262] [main/INFO] [dev.uncandango.alltheleaks.AllTheLeaks/]: Skipping issue [untracked] from mod tombstone as it is client side only!
[09Jul2025 23:45:08.263] [main/INFO] [dev.uncandango.alltheleaks.AllTheLeaks/]: Skipping issue [untracked] from mod sereneseasons as it is client side only!
[09Jul2025 23:45:08.263] [main/INFO] [dev.uncandango.alltheleaks.AllTheLeaks/]: Skipping issue [untracked] from mod pneumaticcraft as it is client side only!
[09Jul2025 23:45:08.263] [main/INFO] [dev.uncandango.alltheleaks.AllTheLeaks/]: Skipping issue [untracked] from mod nuclearcraft as it is client side only!
[09Jul2025 23:45:08.263] [main/INFO] [dev.uncandango.alltheleaks.AllTheLeaks/]: Skipping issue [untracked] from mod mowziesmobs as it is client side only!
[09Jul2025 23:45:08.263] [main/INFO] [dev.uncandango.alltheleaks.AllTheLeaks/]: Skipping issue [untracked] from mod mowziesmobs as it is client side only!
[09Jul2025 23:45:08.263] [main/INFO] [dev.uncandango.alltheleaks.AllTheLeaks/]: Skipping issue [untracked] from mod mousetweaks as it is client side only!
[09Jul2025 23:45:08.264] [main/INFO] [dev.uncandango.alltheleaks.AllTheLeaks/]: Skipping issue [untracked] from mod mna as it is client side only!
[09Jul2025 23:45:08.264] [main/INFO] [dev.uncandango.alltheleaks.AllTheLeaks/]: Skipping issue [untracked] from mod minecraft as it is client side only!
[09Jul2025 23:45:08.264] [main/INFO] [dev.uncandango.alltheleaks.AllTheLeaks/]: Skipping issue [untracked] from mod minecraft as mod modernfix is present!
[09Jul2025 23:45:08.264] [main/INFO] [dev.uncandango.alltheleaks.AllTheLeaks/]: Skipping issue [untracked] from mod minecolonies as it is client side only!
[09Jul2025 23:45:08.264] [main/INFO] [dev.uncandango.alltheleaks.AllTheLeaks/]: Skipping issue [untracked] from mod minecolonies as it is client side only!
[09Jul2025 23:45:08.265] [main/INFO] [dev.uncandango.alltheleaks.AllTheLeaks/]: Skipping issue [untracked] from mod ldlib as it is client side only!
[09Jul2025 23:45:08.265] [main/INFO] [dev.uncandango.alltheleaks.AllTheLeaks/]: Skipping issue [untracked] from mod journeymap as it is client side only!
[09Jul2025 23:45:08.265] [main/INFO] [dev.uncandango.alltheleaks.AllTheLeaks/]: Skipping issue [untracked] from mod jeresources as it is client side only!
[09Jul2025 23:45:08.266] [main/INFO] [dev.uncandango.alltheleaks.AllTheLeaks/]: Skipping issue [untracked] from mod jei as it is client side only!
[09Jul2025 23:45:08.266] [main/INFO] [dev.uncandango.alltheleaks.AllTheLeaks/]: Skipping issue [untracked] from mod jei as it is client side only!
[09Jul2025 23:45:08.267] [main/INFO] [dev.uncandango.alltheleaks.AllTheLeaks/]: Skipping issue [untracked] from mod irons_spellbooks as it is client side only!
[09Jul2025 23:45:08.267] [main/INFO] [dev.uncandango.alltheleaks.AllTheLeaks/]: Skipping issue [untracked] from mod irons_spellbooks as it is client side only!
[09Jul2025 23:45:08.267] [main/INFO] [dev.uncandango.alltheleaks.AllTheLeaks/]: Skipping issue [untracked] from mod iceberg as it is client side only!
[09Jul2025 23:45:08.268] [main/INFO] [dev.uncandango.alltheleaks.AllTheLeaks/]: Skipping issue [untracked] from mod iceberg as it is client side only!
[09Jul2025 23:45:08.268] [main/INFO] [dev.uncandango.alltheleaks.AllTheLeaks/]: Skipping issue [untracked] from mod iceberg as it is client side only!
[09Jul2025 23:45:08.268] [main/INFO] [dev.uncandango.alltheleaks.AllTheLeaks/]: Skipping issue [untracked] from mod geckolib as it is client side only!
[09Jul2025 23:45:08.268] [main/INFO] [dev.uncandango.alltheleaks.AllTheLeaks/]: Skipping issue [untracked] from mod ftblibrary as it is client side only!
[09Jul2025 23:45:08.269] [main/INFO] [dev.uncandango.alltheleaks.AllTheLeaks/]: Skipping issue [untracked] from mod flywheel as it is client side only!
[09Jul2025 23:45:08.269] [main/INFO] [dev.uncandango.alltheleaks.AllTheLeaks/]: Skipping issue [untracked] from mod findme as it is client side only!
[09Jul2025 23:45:08.269] [main/INFO] [dev.uncandango.alltheleaks.AllTheLeaks/]: Skipping issue [untracked] from mod entity_texture_features as it is client side only!
[09Jul2025 23:45:08.270] [main/INFO] [dev.uncandango.alltheleaks.AllTheLeaks/]: Skipping issue [untracked] from mod entity_model_features as it is client side only!
[09Jul2025 23:45:08.270] [main/INFO] [dev.uncandango.alltheleaks.AllTheLeaks/]: Skipping issue [untracked] from mod emi_loot as it is client side only!
[09Jul2025 23:45:08.270] [main/INFO] [dev.uncandango.alltheleaks.AllTheLeaks/]: Skipping issue [untracked] from mod emi as it is client side only!
[09Jul2025 23:45:08.270] [main/INFO] [dev.uncandango.alltheleaks.AllTheLeaks/]: Skipping issue [untracked] from mod easy_villagers as it is client side only!
[09Jul2025 23:45:08.270] [main/INFO] [dev.uncandango.alltheleaks.AllTheLeaks/]: Skipping issue [untracked] from mod difficultylock as it is client side only!
[09Jul2025 23:45:08.271] [main/INFO] [dev.uncandango.alltheleaks.AllTheLeaks/]: Skipping issue [untracked] from mod cyclopscore as it is client side only!
[09Jul2025 23:45:08.271] [main/INFO] [dev.uncandango.alltheleaks.AllTheLeaks/]: Skipping issue [untracked] from mod corpse as it is client side only!
[09Jul2025 23:45:08.271] [main/INFO] [dev.uncandango.alltheleaks.AllTheLeaks/]: Skipping issue [untracked] from mod citadel as it is client side only!
[09Jul2025 23:45:08.271] [main/INFO] [dev.uncandango.alltheleaks.AllTheLeaks/]: Skipping issue [untracked] from mod blue_skies as it is client side only!
[09Jul2025 23:45:08.272] [main/INFO] [dev.uncandango.alltheleaks.AllTheLeaks/]: Skipping issue [untracked] from mod beansbackpacks as it is client side only!
[09Jul2025 23:45:08.272] [main/INFO] [dev.uncandango.alltheleaks.AllTheLeaks/]: Skipping issue [untracked] from mod badpackets as it is client side only!
[09Jul2025 23:45:08.273] [main/INFO] [dev.uncandango.alltheleaks.AllTheLeaks/]: Skipping issue [untracked] from mod ae2wtlib as it is client side only!
[09Jul2025 23:45:08.273] [main/INFO] [dev.uncandango.alltheleaks.AllTheLeaks/]: Skipping issue [untracked] from mod ae2wtlib as it is client side only!
[09Jul2025 23:45:08.274] [main/INFO] [dev.uncandango.alltheleaks.AllTheLeaks/]: Class dev.uncandango.alltheleaks.fix.common.mods.modernfix.CancelRLMixin will be loaded as it matches versions: 5.23.0+mc1.20.1 in [5.0.0,)
[09Jul2025 23:45:08.274] [main/INFO] [dev.uncandango.alltheleaks.AllTheLeaks/]: Mixins added to cancel list: [org.embeddedt.modernfix.common.mixin.perf.deduplicate_location.MixinResourceLocation]
[09Jul2025 23:45:08.283] [main/INFO] [dev.uncandango.alltheleaks.AllTheLeaks/]: Skipping feature ResourceLocation Deduplication from mod minecraft as it's feature flag is not activated!
[09Jul2025 23:45:08.283] [main/INFO] [dev.uncandango.alltheleaks.AllTheLeaks/]: Skipping feature Ingredient Deduplication from mod minecraft as it's feature flag is not activated!
[09Jul2025 23:45:08.284] [main/INFO] [dev.uncandango.alltheleaks.AllTheLeaks/]: Skipping feature Prevent Search Ignored Items from mod jei as it's feature flag is not activated!
[09Jul2025 23:45:08.315] [main/WARN] [mixin/]: Error loading class: tfar/davespotioneering/blockentity/AdvancedBrewingStandBlockEntity (java.lang.ClassNotFoundException: tfar.davespotioneering.blockentity.AdvancedBrewingStandBlockEntity)
[09Jul2025 23:45:08.316] [main/WARN] [mixin/]: @Mixin target tfar.davespotioneering.blockentity.AdvancedBrewingStandBlockEntity was not found itemproductionlib.mixins.json:davespotioneering/AdvancedBrewingStandBlockEntityMixin from mod itemproductionlib
[09Jul2025 23:45:08.616] [main/INFO] [com.cupboard.Cupboard/]: Loaded config for: recipeessentials.json
[09Jul2025 23:45:08.637] [main/INFO] [com.cupboard.Cupboard/]: Loaded config for: structureessentials.json
[09Jul2025 23:45:08.934] [main/WARN] [mixin/]: Error loading class: net/minecraft/client/renderer/entity/PhantomRenderer (java.lang.ClassNotFoundException: net.minecraft.client.renderer.entity.PhantomRenderer)
[09Jul2025 23:45:08.934] [main/WARN] [mixin/]: @Mixin target net.minecraft.client.renderer.entity.PhantomRenderer was not found mixins.deeperdarker.json:PhantomRendererMixin from mod deeperdarker
[09Jul2025 23:45:09.276] [main/WARN] [mixin/]: Error loading class: fuzs/easymagic/world/inventory/ModEnchantmentMenu (java.lang.ClassNotFoundException: fuzs.easymagic.world.inventory.ModEnchantmentMenu)
[09Jul2025 23:45:09.276] [main/WARN] [mixin/]: @Mixin target fuzs.easymagic.world.inventory.ModEnchantmentMenu was not found skilltree.mixins.json:easymagic/ModEnchantmentMenuMixin from mod skilltree
[09Jul2025 23:45:09.280] [main/WARN] [mixin/]: Error loading class: dev/shadowsoffire/apotheosis/ench/table/ApothEnchantmentMenu (java.lang.ClassNotFoundException: dev.shadowsoffire.apotheosis.ench.table.ApothEnchantmentMenu)
[09Jul2025 23:45:09.280] [main/WARN] [mixin/]: @Mixin target dev.shadowsoffire.apotheosis.ench.table.ApothEnchantmentMenu was not found skilltree.mixins.json:apotheosis/ApothEnchantContainerMixin from mod skilltree
[09Jul2025 23:45:09.283] [main/WARN] [mixin/]: Error loading class: dev/shadowsoffire/apotheosis/adventure/socket/SocketingRecipe (java.lang.ClassNotFoundException: dev.shadowsoffire.apotheosis.adventure.socket.SocketingRecipe)
[09Jul2025 23:45:09.284] [main/WARN] [mixin/]: @Mixin target dev.shadowsoffire.apotheosis.adventure.socket.SocketingRecipe was not found skilltree.mixins.json:apotheosis/SocketingRecipeMixin from mod skilltree
[09Jul2025 23:45:09.287] [main/WARN] [mixin/]: Error loading class: dev/shadowsoffire/apotheosis/adventure/socket/gem/bonus/AttributeBonus (java.lang.ClassNotFoundException: dev.shadowsoffire.apotheosis.adventure.socket.gem.bonus.AttributeBonus)
[09Jul2025 23:45:09.287] [main/WARN] [mixin/]: @Mixin target dev.shadowsoffire.apotheosis.adventure.socket.gem.bonus.AttributeBonus was not found skilltree.mixins.json:apotheosis/AttributeBonusMixin from mod skilltree
[09Jul2025 23:45:09.291] [main/WARN] [mixin/]: Error loading class: dev/shadowsoffire/apotheosis/adventure/socket/gem/bonus/EnchantmentBonus (java.lang.ClassNotFoundException: dev.shadowsoffire.apotheosis.adventure.socket.gem.bonus.EnchantmentBonus)
[09Jul2025 23:45:09.291] [main/WARN] [mixin/]: @Mixin target dev.shadowsoffire.apotheosis.adventure.socket.gem.bonus.EnchantmentBonus was not found skilltree.mixins.json:apotheosis/EnchantmentBonusMixin from mod skilltree
[09Jul2025 23:45:09.378] [main/WARN] [mixin/]: Error loading class: noobanidus/mods/lootr/config/ConfigManager (java.lang.ClassNotFoundException: noobanidus.mods.lootr.config.ConfigManager)
[09Jul2025 23:45:09.378] [main/WARN] [mixin/]: @Mixin target noobanidus.mods.lootr.config.ConfigManager was not found quark_integrations.mixins.json:lootr.ConfigManagerMixin from mod quark
[09Jul2025 23:45:09.899] [main/INFO] [MixinExtras|Service/]: Initializing MixinExtras via com.llamalad7.mixinextras.service.MixinExtrasServiceImpl(version=0.4.1).
[09Jul2025 23:45:10.564] [main/INFO] [net.minecraft.server.Bootstrap/]: ModernFix reached bootstrap stage (19.64 s after launch)
[09Jul2025 23:45:10.869] [main/WARN] [mixin/]: @Final field delegatesByName:Ljava/util/Map; in modernfix-forge.mixins.json:perf.forge_registry_alloc.ForgeRegistryMixin from mod modernfix should be final
[09Jul2025 23:45:10.870] [main/WARN] [mixin/]: @Final field delegatesByValue:Ljava/util/Map; in modernfix-forge.mixins.json:perf.forge_registry_alloc.ForgeRegistryMixin from mod modernfix should be final
[09Jul2025 23:45:11.078] [main/INFO] [ModernFix/]: Injecting BlockStateBase cache population hook into getNeighborPathNodeType from me.jellysquid.mods.lithium.mixin.ai.pathing.AbstractBlockStateMixin
[09Jul2025 23:45:11.078] [main/INFO] [ModernFix/]: Injecting BlockStateBase cache population hook into getPathNodeType from me.jellysquid.mods.lithium.mixin.ai.pathing.AbstractBlockStateMixin
[09Jul2025 23:45:11.078] [main/INFO] [ModernFix/]: Injecting BlockStateBase cache population hook into getOpacityIfCached from ca.spottedleaf.starlight.mixin.common.blockstate.BlockStateBaseMixin
[09Jul2025 23:45:11.078] [main/INFO] [ModernFix/]: Injecting BlockStateBase cache population hook into isConditionallyFullOpaque from ca.spottedleaf.starlight.mixin.common.blockstate.BlockStateBaseMixin
[09Jul2025 23:45:11.078] [main/INFO] [ModernFix/]: Injecting BlockStateBase cache population hook into getAllFlags from me.jellysquid.mods.lithium.mixin.util.block_tracking.AbstractBlockStateMixin
[09Jul2025 23:45:14.337] [main/INFO] [net.minecraft.server.Bootstrap/]: Vanilla bootstrap took 3769 milliseconds
[09Jul2025 23:45:15.986] [main/WARN] [mixin/]: @Inject(@At("INVOKE_ASSIGN")) Shift.BY=2 on refurbished_furniture.common.mixins.json:LevelChunkMixin from mod refurbished_furniture::handler$cci000$refurbished_furniture$refurbishedFurniture$AfterRemoveBlockEntity exceeds the maximum allowed value: 0. Increase the value of maxShiftBy to suppress this warning.
[09Jul2025 23:45:16.239] [main/WARN] [mixin/]: @Inject(@At("INVOKE")) Shift.BY=2 on witherstormmod.mixins.json:MixinSwellGoal from mod witherstormmod::handler$bpi000$witherstormmod$canUseInvoke exceeds the maximum allowed value: 0. Increase the value of maxShiftBy to suppress this warning.
[09Jul2025 23:45:16.465] [main/WARN] [mixin/]: @Final field f_26027_:Lnet/minecraft/world/entity/ai/targeting/TargetingConditions; in guardvillagers.mixins.json:DefendVillageGoalGolemMixin from mod guardvillagers should be final
[09Jul2025 23:45:17.983] [main/WARN] [mixin/]: Static binding violation: PRIVATE @Overwrite method m_47505_ in modernfix-common.mixins.json:perf.remove_biome_temperature_cache.BiomeMixin from mod modernfix cannot reduce visibiliy of PUBLIC target method, visibility will be upgraded.
[09Jul2025 23:45:17.984] [main/WARN] [mixin/]: Method overwrite conflict for m_47505_ in lithium.mixins.json:world.temperature_cache.BiomeMixin from mod radium, previously written by org.embeddedt.modernfix.common.mixin.perf.remove_biome_temperature_cache.BiomeMixin. Skipping method.
[09Jul2025 23:45:18.221] [main/INFO] [necronomicon/]: File exists, reading config for elocindev.eldritch_end.config.entries.biomes.PrimordialAbyssConfig.
[09Jul2025 23:45:18.221] [main/INFO] [necronomicon/]: Config for elocindev.eldritch_end.config.entries.biomes.PrimordialAbyssConfig read successfully.
[09Jul2025 23:45:18.223] [main/INFO] [necronomicon/]: File exists, reading config for elocindev.eldritch_end.config.entries.biomes.HasturianWastesConfig.
[09Jul2025 23:45:18.223] [main/INFO] [necronomicon/]: Config for elocindev.eldritch_end.config.entries.biomes.HasturianWastesConfig read successfully.
[09Jul2025 23:45:18.224] [main/INFO] [necronomicon/]: File exists, reading config for elocindev.eldritch_end.config.entries.entities.AberrationConfig.
[09Jul2025 23:45:18.224] [main/INFO] [necronomicon/]: Config for elocindev.eldritch_end.config.entries.entities.AberrationConfig read successfully.
[09Jul2025 23:45:18.225] [main/INFO] [necronomicon/]: File exists, reading config for elocindev.eldritch_end.config.entries.entities.TentacleConfig.
[09Jul2025 23:45:18.226] [main/INFO] [necronomicon/]: Config for elocindev.eldritch_end.config.entries.entities.TentacleConfig read successfully.
[09Jul2025 23:45:18.226] [main/INFO] [necronomicon/]: File exists, reading config for elocindev.eldritch_end.config.entries.entities.DendlerConfig.
[09Jul2025 23:45:18.227] [main/INFO] [necronomicon/]: Config for elocindev.eldritch_end.config.entries.entities.DendlerConfig read successfully.
[09Jul2025 23:45:18.227] [main/INFO] [necronomicon/]: File exists, reading config for elocindev.eldritch_end.config.entries.entities.boss.FacelessConfig.
[09Jul2025 23:45:18.228] [main/INFO] [necronomicon/]: Config for elocindev.eldritch_end.config.entries.entities.boss.FacelessConfig read successfully.
[09Jul2025 23:45:18.231] [main/INFO] [necronomicon/]: File exists, reading config for elocindev.eldritch_end.config.entries.entities.boss.HasturConfig.
[09Jul2025 23:45:18.231] [main/INFO] [necronomicon/]: Config for elocindev.eldritch_end.config.entries.entities.boss.HasturConfig read successfully.
[09Jul2025 23:45:18.232] [main/INFO] [necronomicon/]: File exists, reading config for elocindev.eldritch_end.config.entries.mechanics.CorruptionConfig.
[09Jul2025 23:45:18.232] [main/INFO] [necronomicon/]: Config for elocindev.eldritch_end.config.entries.mechanics.CorruptionConfig read successfully.
[09Jul2025 23:45:18.239] [main/INFO] [necronomicon/]: File exists, reading config for elocindev.eldritch_end.config.entries.mechanics.InfusionConfig.
[09Jul2025 23:45:18.239] [main/INFO] [necronomicon/]: Config for elocindev.eldritch_end.config.entries.mechanics.InfusionConfig read successfully.
[09Jul2025 23:45:18.240] [main/INFO] [necronomicon/]: File exists, reading config for elocindev.eldritch_end.config.entries.item.XalConfig.
[09Jul2025 23:45:18.240] [main/INFO] [necronomicon/]: Config for elocindev.eldritch_end.config.entries.item.XalConfig read successfully.
[09Jul2025 23:45:18.245] [main/INFO] [eldritch_end/]: Eldritch End's Config Loaded!
[09Jul2025 23:45:18.289] [main/INFO] [eldritch_end/]: Registered Eldritch End items
[09Jul2025 23:45:18.330] [main/INFO] [dev.architectury.networking.forge.NetworkManagerImpl/]: Registering C2S receiver with id architectury:sync_ids
[09Jul2025 23:45:18.331] [main/INFO] [dev.architectury.networking.forge.NetworkManagerImpl/]: Registering C2S receiver with id aaa_particles:main/2b101225a0983c178c43c737d76def52
[09Jul2025 23:45:18.333] [main/INFO] [dev.architectury.networking.forge.NetworkManagerImpl/]: Registering C2S receiver with id aaa_particles:main/878ba3ad853235668eff51eb0a40c900
[09Jul2025 23:45:18.333] [main/INFO] [dev.architectury.networking.forge.NetworkManagerImpl/]: Registering C2S receiver with id aaa_particles:main/878ba3ad853235668eff51eb0a40c900
[09Jul2025 23:45:18.334] [main/INFO] [dev.architectury.networking.forge.NetworkManagerImpl/]: Registering C2S receiver with id aaa_particles:main/9b5bc39f00d53db2acf81d859b596583
[09Jul2025 23:45:18.409] [main/INFO] [org.groovymc.gml.internal.ModExtensionLoader/]: Skipping extension class org.groovymc.cgl.api.extension.client.MinecraftExtensions: it requires dist CLIENT, but we're running on DEDICATED_SERVER
[09Jul2025 23:45:18.451] [main/WARN] [mixin/]: @Redirect conflict. Skipping recipeessentials.mixins.json:RecipeManagerMixin from mod recipeessentials->@Redirect::logErrorOnce(Lorg/slf4j/Logger;Ljava/lang/String;Ljava/lang/Object;Ljava/lang/Object;)V with priority 200, already redirected by modernfix-forge.mixins.json:perf.datapack_reload_exceptions.RecipeManagerMixin from mod modernfix->@Redirect::silenceException(Lorg/slf4j/Logger;Ljava/lang/String;Ljava/lang/Object;Ljava/lang/Object;)V with priority 2000
[09Jul2025 23:45:18.811] [modloading-worker-0/WARN] [net.minecraftforge.common.ForgeConfigSpec/CORE]: Configuration file /workspaces/WEA/servidor_minecraft/config/guardvillagers-common.toml is not correct. Correcting
[09Jul2025 23:45:18.874] [modloading-worker-0/INFO] [dev.su5ed.sinytra.connectorextras.terrablenderbridge.TerraBlenderBridge/]: Injecting TerraBlender API classes
[09Jul2025 23:45:18.896] [modloading-worker-0/INFO] [Better Compatibility Checker/]: Better Compatibility Checker starting
[09Jul2025 23:45:18.909] [modloading-worker-0/INFO] [gml/]: Initialised GML mod. Version: 4.0.11
[09Jul2025 23:45:18.980] [modloading-worker-0/INFO] [noisium/]: Loading Noisium.
[09Jul2025 23:45:19.224] [modloading-worker-0/INFO] [Puzzles Lib/]: Constructing common components for enchantinginfuser:main
[09Jul2025 23:45:19.285] [modloading-worker-0/INFO] [Puzzles Lib/]: Constructing common components for visualworkbench:main
[09Jul2025 23:45:19.379] [modloading-worker-0/INFO] [net.minecraftforge.common.ForgeMod/FORGEMOD]: Forge mod loading, version 47.3.33, for MC 1.20.1 with MCP 20230612.114412
[09Jul2025 23:45:19.380] [modloading-worker-0/INFO] [net.minecraftforge.common.MinecraftForge/FORGE]: MinecraftForge v47.3.33 Initialized
[09Jul2025 23:45:19.518] [modloading-worker-0/INFO] [necronomicon/]: Necronomicon Initialized
[09Jul2025 23:45:19.519] [modloading-worker-0/INFO] [necronomicon/]: File exists, reading config for elocindev.necronomicon.NecronomiconConfig.
[09Jul2025 23:45:19.521] [modloading-worker-0/INFO] [necronomicon/]: Config for elocindev.necronomicon.NecronomiconConfig read successfully.
[09Jul2025 23:45:19.777] [modloading-worker-0/INFO] [Puzzles Lib/]: Constructing common components for puzzleslib:main
[09Jul2025 23:45:19.932] [modloading-worker-0/INFO] [zeta/]: Doing super early config setup for zeta
[09Jul2025 23:45:19.994] [modloading-worker-0/INFO] [insane96mcp.insanelib.InsaneLib/]: Found (COMMON) InsaneLib Feature class insane96mcp.insanelib.module.base.TagsFeature
[09Jul2025 23:45:20.001] [modloading-worker-0/INFO] [insane96mcp.insanelib.InsaneLib/]: Found (COMMON) InsaneLib Feature class insane96mcp.insanelib.module.base.FixesFeature
[09Jul2025 23:45:20.006] [modloading-worker-0/INFO] [insane96mcp.insanelib.InsaneLib/]: Found (COMMON) InsaneLib Feature class insane96mcp.insanelib.module.base.BaseFeature
[09Jul2025 23:45:20.007] [modloading-worker-0/INFO] [insane96mcp.insanelib.InsaneLib/]: Found (COMMON) InsaneLib Feature class insane96mcp.insanelib.module.base.AreaEffectCloud3DFeature
[09Jul2025 23:45:20.018] [modloading-worker-0/INFO] [thedarkcolour.kotlinforforge.test.KotlinForForge/]: Kotlin For Forge Enabled!
[09Jul2025 23:45:20.067] [modloading-worker-0/WARN] [mixin/]: @Final field f_31201_:Lorg/slf4j/Logger; in progressivebosses.mixins.json:DragonChargePlayerPhaseMixin from mod progressivebosses should be final
[09Jul2025 23:45:20.164] [modloading-worker-0/INFO] [Bookshelf/]: Fixing MC-151457. Crafting remainder for minecraft:pufferfish_bucket is now minecraft:bucket.
[09Jul2025 23:45:20.164] [modloading-worker-0/INFO] [Bookshelf/]: Fixing MC-151457. Crafting remainder for minecraft:salmon_bucket is now minecraft:bucket.
[09Jul2025 23:45:20.164] [modloading-worker-0/INFO] [Bookshelf/]: Fixing MC-151457. Crafting remainder for minecraft:cod_bucket is now minecraft:bucket.
[09Jul2025 23:45:20.165] [modloading-worker-0/INFO] [Bookshelf/]: Fixing MC-151457. Crafting remainder for minecraft:tropical_fish_bucket is now minecraft:bucket.
[09Jul2025 23:45:20.165] [modloading-worker-0/INFO] [Bookshelf/]: Fixing MC-151457. Crafting remainder for minecraft:axolotl_bucket is now minecraft:bucket.
[09Jul2025 23:45:20.165] [modloading-worker-0/INFO] [Bookshelf/]: Fixing MC-151457. Crafting remainder for minecraft:powder_snow_bucket is now minecraft:bucket.
[09Jul2025 23:45:20.165] [modloading-worker-0/INFO] [Bookshelf/]: Fixing MC-151457. Crafting remainder for minecraft:tadpole_bucket is now minecraft:bucket.
[09Jul2025 23:45:20.307] [ForkJoinPool.commonPool-worker-1/INFO] [com.unlikepaladin.pfm.PaladinFurnitureMod/]: [Paladin's Furniture Update Check] Cached update file detected, using that!
[09Jul2025 23:45:20.365] [modloading-worker-0/INFO] [Puzzles Lib/]: Constructing common components for diagonalwalls:main
[09Jul2025 23:45:20.410] [modloading-worker-0/INFO] [Puzzles Lib/]: Constructing common components for diagonalblocks:main
[09Jul2025 23:45:21.347] [modloading-worker-0/INFO] [Inventory Profiles Next/]: [Inventory Profiles Next] Inventory Profiles Next - init in Kotlin
[09Jul2025 23:45:21.522] [modloading-worker-0/INFO] [com.cupboard.Cupboard/]: Loaded config for: cupboard.json
[09Jul2025 23:45:21.535] [modloading-worker-0/INFO] [dev.architectury.networking.forge.NetworkManagerImpl/]: Registering C2S receiver with id otyacraftengine:block_entity_instruction
[09Jul2025 23:45:21.535] [modloading-worker-0/INFO] [dev.architectury.networking.forge.NetworkManagerImpl/]: Registering C2S receiver with id otyacraftengine:item_instruction
[09Jul2025 23:45:21.742] [modloading-worker-0/INFO] [com.simibubi.create.Create/]: Create 6.0.6 initializing! Commit hash: 338bfa0aec952fa51656e8f61bd621ca9b3b2e00
[09Jul2025 23:45:21.830] [modloading-worker-0/INFO] [dev.architectury.networking.forge.NetworkManagerImpl/]: Registering C2S receiver with id artifacts:networking_channel/42a7ad70b1cc371599a0eff744096b8a
[09Jul2025 23:45:21.831] [modloading-worker-0/INFO] [dev.architectury.networking.forge.NetworkManagerImpl/]: Registering C2S receiver with id artifacts:networking_channel/74a5e841822a3a87854ae896a33430d6
[09Jul2025 23:45:21.832] [modloading-worker-0/INFO] [dev.architectury.networking.forge.NetworkManagerImpl/]: Registering C2S receiver with id artifacts:networking_channel/eb3d1e2748533430848cadf0f37c7e9c
[09Jul2025 23:45:21.836] [modloading-worker-0/INFO] [dev.architectury.networking.forge.NetworkManagerImpl/]: Registering C2S receiver with id artifacts:networking_channel/91c8520f19f93b3e8b6a727568e194ab
[09Jul2025 23:45:21.837] [modloading-worker-0/INFO] [dev.architectury.networking.forge.NetworkManagerImpl/]: Registering C2S receiver with id artifacts:networking_channel/8c2784d778293fd482ed84b8aa5fedb9
[09Jul2025 23:45:21.838] [modloading-worker-0/INFO] [dev.architectury.networking.forge.NetworkManagerImpl/]: Registering C2S receiver with id artifacts:networking_channel/ea038224ea783d40b2863f52239e2604
[09Jul2025 23:45:21.842] [modloading-worker-0/INFO] [dev.architectury.networking.forge.NetworkManagerImpl/]: Registering C2S receiver with id artifacts:networking_channel/97ad64b7ecaf33209991c4f031501a58
[09Jul2025 23:45:21.983] [modloading-worker-0/INFO] [coroutil/]: forge loader environment detected
[09Jul2025 23:45:22.010] [modloading-worker-0/INFO] [azurelib/FileWatching]: Registered azurelib config for auto-sync function
[09Jul2025 23:45:22.430] [modloading-worker-0/INFO] [STDOUT/]: [wayoftime.bloodmagic.structures.DungeonRoomLoader:loadDungeons:191]: Loading schematic: bloodmagic:t_corridor
[09Jul2025 23:45:22.450] [modloading-worker-0/INFO] [STDOUT/]: [wayoftime.bloodmagic.structures.DungeonRoomLoader:loadDungeons:193]: Resulting dungeon: wayoftime.bloodmagic.structures.DungeonRoom@797f5bb5
[09Jul2025 23:45:22.450] [modloading-worker-0/INFO] [STDOUT/]: [wayoftime.bloodmagic.structures.DungeonRoomLoader:loadDungeons:191]: Loading schematic: bloodmagic:four_way_corridor_loot
[09Jul2025 23:45:22.452] [modloading-worker-0/INFO] [STDOUT/]: [wayoftime.bloodmagic.structures.DungeonRoomLoader:loadDungeons:193]: Resulting dungeon: wayoftime.bloodmagic.structures.DungeonRoom@3f7017e7
[09Jul2025 23:45:22.452] [modloading-worker-0/INFO] [STDOUT/]: [wayoftime.bloodmagic.structures.DungeonRoomLoader:loadDungeons:191]: Loading schematic: bloodmagic:four_way_corridor
[09Jul2025 23:45:22.452] [modloading-worker-0/INFO] [STDOUT/]: [wayoftime.bloodmagic.structures.DungeonRoomLoader:loadDungeons:193]: Resulting dungeon: wayoftime.bloodmagic.structures.DungeonRoom@3543b95f
[09Jul2025 23:45:22.453] [modloading-worker-0/INFO] [STDOUT/]: [wayoftime.bloodmagic.structures.DungeonRoomLoader:loadDungeons:191]: Loading schematic: bloodmagic:standard/ore_hold_1
[09Jul2025 23:45:22.455] [modloading-worker-0/INFO] [STDOUT/]: [wayoftime.bloodmagic.structures.DungeonRoomLoader:loadDungeons:193]: Resulting dungeon: wayoftime.bloodmagic.structures.DungeonRoom@70c1bf2
[09Jul2025 23:45:22.455] [modloading-worker-0/INFO] [STDOUT/]: [wayoftime.bloodmagic.structures.DungeonRoomLoader:loadDungeons:191]: Loading schematic: bloodmagic:straight_corridor
[09Jul2025 23:45:22.456] [modloading-worker-0/INFO] [STDOUT/]: [wayoftime.bloodmagic.structures.DungeonRoomLoader:loadDungeons:193]: Resulting dungeon: wayoftime.bloodmagic.structures.DungeonRoom@54448cfc
[09Jul2025 23:45:22.456] [modloading-worker-0/INFO] [STDOUT/]: [wayoftime.bloodmagic.structures.DungeonRoomLoader:loadDungeons:191]: Loading schematic: bloodmagic:overlapped_corridor
[09Jul2025 23:45:22.461] [modloading-worker-0/INFO] [STDOUT/]: [wayoftime.bloodmagic.structures.DungeonRoomLoader:loadDungeons:193]: Resulting dungeon: wayoftime.bloodmagic.structures.DungeonRoom@132a1014
[09Jul2025 23:45:22.461] [modloading-worker-0/INFO] [STDOUT/]: [wayoftime.bloodmagic.structures.DungeonRoomLoader:loadDungeons:191]: Loading schematic: bloodmagic:spiral_staircase
[09Jul2025 23:45:22.461] [modloading-worker-0/INFO] [STDOUT/]: [wayoftime.bloodmagic.structures.DungeonRoomLoader:loadDungeons:193]: Resulting dungeon: wayoftime.bloodmagic.structures.DungeonRoom@256e7aad
[09Jul2025 23:45:22.462] [modloading-worker-0/INFO] [STDOUT/]: [wayoftime.bloodmagic.structures.DungeonRoomLoader:loadDungeons:191]: Loading schematic: bloodmagic:standard/water_way
[09Jul2025 23:45:22.464] [modloading-worker-0/INFO] [STDOUT/]: [wayoftime.bloodmagic.structures.DungeonRoomLoader:loadDungeons:193]: Resulting dungeon: wayoftime.bloodmagic.structures.DungeonRoom@6c794fe0
[09Jul2025 23:45:22.464] [modloading-worker-0/INFO] [STDOUT/]: [wayoftime.bloodmagic.structures.DungeonRoomLoader:loadDungeons:191]: Loading schematic: bloodmagic:standard/mine_entrance
[09Jul2025 23:45:22.465] [modloading-worker-0/INFO] [STDOUT/]: [wayoftime.bloodmagic.structures.DungeonRoomLoader:loadDungeons:193]: Resulting dungeon: wayoftime.bloodmagic.structures.DungeonRoom@69035b74
[09Jul2025 23:45:22.465] [modloading-worker-0/INFO] [STDOUT/]: [wayoftime.bloodmagic.structures.DungeonRoomLoader:loadDungeons:191]: Loading schematic: bloodmagic:mines/mine_key
[09Jul2025 23:45:22.466] [modloading-worker-0/INFO] [STDOUT/]: [wayoftime.bloodmagic.structures.DungeonRoomLoader:loadDungeons:193]: Resulting dungeon: wayoftime.bloodmagic.structures.DungeonRoom@69778f02
[09Jul2025 23:45:22.467] [modloading-worker-0/INFO] [STDOUT/]: [wayoftime.bloodmagic.structures.DungeonRoomLoader:loadDungeons:191]: Loading schematic: bloodmagic:mines/pit
[09Jul2025 23:45:22.467] [modloading-worker-0/INFO] [STDOUT/]: [wayoftime.bloodmagic.structures.DungeonRoomLoader:loadDungeons:193]: Resulting dungeon: wayoftime.bloodmagic.structures.DungeonRoom@3a696ecd
[09Jul2025 23:45:22.467] [modloading-worker-0/INFO] [STDOUT/]: [wayoftime.bloodmagic.structures.DungeonRoomLoader:loadDungeons:191]: Loading schematic: bloodmagic:mines/corner_zombie_trap
[09Jul2025 23:45:22.468] [modloading-worker-0/INFO] [STDOUT/]: [wayoftime.bloodmagic.structures.DungeonRoomLoader:loadDungeons:193]: Resulting dungeon: wayoftime.bloodmagic.structures.DungeonRoom@651563c5
[09Jul2025 23:45:22.468] [modloading-worker-0/INFO] [STDOUT/]: [wayoftime.bloodmagic.structures.DungeonRoomLoader:loadDungeons:191]: Loading schematic: bloodmagic:mines/split_road
[09Jul2025 23:45:22.468] [modloading-worker-0/INFO] [STDOUT/]: [wayoftime.bloodmagic.structures.DungeonRoomLoader:loadDungeons:193]: Resulting dungeon: wayoftime.bloodmagic.structures.DungeonRoom@185674e6
[09Jul2025 23:45:22.468] [modloading-worker-0/INFO] [STDOUT/]: [wayoftime.bloodmagic.structures.DungeonRoomLoader:loadDungeons:191]: Loading schematic: bloodmagic:mines/station
[09Jul2025 23:45:22.469] [modloading-worker-0/INFO] [STDOUT/]: [wayoftime.bloodmagic.structures.DungeonRoomLoader:loadDungeons:193]: Resulting dungeon: wayoftime.bloodmagic.structures.DungeonRoom@3d3edd96
[09Jul2025 23:45:22.469] [modloading-worker-0/INFO] [STDOUT/]: [wayoftime.bloodmagic.structures.DungeonRoomLoader:loadDungeons:191]: Loading schematic: bloodmagic:mines/downward_tunnel
[09Jul2025 23:45:22.470] [modloading-worker-0/INFO] [STDOUT/]: [wayoftime.bloodmagic.structures.DungeonRoomLoader:loadDungeons:193]: Resulting dungeon: wayoftime.bloodmagic.structures.DungeonRoom@672d42b2
[09Jul2025 23:45:22.473] [modloading-worker-0/INFO] [STDOUT/]: [wayoftime.bloodmagic.structures.DungeonRoomLoader:loadDungeons:191]: Loading schematic: bloodmagic:mines/junction_station
[09Jul2025 23:45:22.474] [modloading-worker-0/INFO] [STDOUT/]: [wayoftime.bloodmagic.structures.DungeonRoomLoader:loadDungeons:193]: Resulting dungeon: wayoftime.bloodmagic.structures.DungeonRoom@5d4ffa2e
[09Jul2025 23:45:22.477] [modloading-worker-0/INFO] [STDOUT/]: [wayoftime.bloodmagic.structures.DungeonRoomLoader:loadDungeons:191]: Loading schematic: bloodmagic:mines/downward_shaft
[09Jul2025 23:45:22.477] [modloading-worker-0/INFO] [STDOUT/]: [wayoftime.bloodmagic.structures.DungeonRoomLoader:loadDungeons:193]: Resulting dungeon: wayoftime.bloodmagic.structures.DungeonRoom@2a464ec1
[09Jul2025 23:45:22.478] [modloading-worker-0/INFO] [STDOUT/]: [wayoftime.bloodmagic.structures.DungeonRoomLoader:loadDungeons:191]: Loading schematic: bloodmagic:mines/nature_crossroad
[09Jul2025 23:45:22.478] [modloading-worker-0/INFO] [STDOUT/]: [wayoftime.bloodmagic.structures.DungeonRoomLoader:loadDungeons:193]: Resulting dungeon: wayoftime.bloodmagic.structures.DungeonRoom@560a1746
[09Jul2025 23:45:22.481] [modloading-worker-0/INFO] [simplyswords/]: Registering Eldritch End compat Items for simplyswords
[09Jul2025 23:45:22.482] [modloading-worker-0/INFO] [STDOUT/]: [wayoftime.bloodmagic.structures.DungeonRoomLoader:loadDungeons:191]: Loading schematic: bloodmagic:mines/wolf_den
[09Jul2025 23:45:22.483] [modloading-worker-0/INFO] [STDOUT/]: [wayoftime.bloodmagic.structures.DungeonRoomLoader:loadDungeons:193]: Resulting dungeon: wayoftime.bloodmagic.structures.DungeonRoom@1ae30dd7
[09Jul2025 23:45:22.483] [modloading-worker-0/INFO] [STDOUT/]: [wayoftime.bloodmagic.structures.DungeonRoomLoader:loadDungeons:191]: Loading schematic: bloodmagic:mines/ore_cavern
[09Jul2025 23:45:22.483] [modloading-worker-0/INFO] [STDOUT/]: [wayoftime.bloodmagic.structures.DungeonRoomLoader:loadDungeons:193]: Resulting dungeon: wayoftime.bloodmagic.structures.DungeonRoom@f71f84d
[09Jul2025 23:45:22.484] [modloading-worker-0/INFO] [STDOUT/]: [wayoftime.bloodmagic.structures.DungeonRoomLoader:loadDungeons:191]: Loading schematic: bloodmagic:mines/straight_corridor
[09Jul2025 23:45:22.483] [modloading-worker-0/INFO] [STDOUT/]: [net.sweenus.simplyswords.SimplySwords:init:134]: /workspaces/WEA/servidor_minecraft/config
[09Jul2025 23:45:22.484] [modloading-worker-0/INFO] [STDOUT/]: [wayoftime.bloodmagic.structures.DungeonRoomLoader:loadDungeons:193]: Resulting dungeon: wayoftime.bloodmagic.structures.DungeonRoom@682b7d3f
[09Jul2025 23:45:22.484] [modloading-worker-0/INFO] [STDOUT/]: [wayoftime.bloodmagic.structures.DungeonRoomLoader:loadDungeons:191]: Loading schematic: bloodmagic:mines/bent_corridor
[09Jul2025 23:45:22.485] [modloading-worker-0/INFO] [STDOUT/]: [wayoftime.bloodmagic.structures.DungeonRoomLoader:loadDungeons:193]: Resulting dungeon: wayoftime.bloodmagic.structures.DungeonRoom@ec05038
[09Jul2025 23:45:22.485] [modloading-worker-0/INFO] [STDOUT/]: [wayoftime.bloodmagic.structures.DungeonRoomLoader:loadDungeons:191]: Loading schematic: bloodmagic:mines/fourway_corridor
[09Jul2025 23:45:22.485] [modloading-worker-0/INFO] [STDOUT/]: [wayoftime.bloodmagic.structures.DungeonRoomLoader:loadDungeons:193]: Resulting dungeon: wayoftime.bloodmagic.structures.DungeonRoom@1b3c44e8
[09Jul2025 23:45:22.486] [modloading-worker-0/INFO] [STDOUT/]: [wayoftime.bloodmagic.structures.DungeonRoomLoader:loadDungeons:191]: Loading schematic: bloodmagic:mini_dungeon/library
[09Jul2025 23:45:22.487] [modloading-worker-0/INFO] [STDOUT/]: [wayoftime.bloodmagic.structures.DungeonRoomLoader:loadDungeons:193]: Resulting dungeon: wayoftime.bloodmagic.structures.DungeonRoom@52c05f00
[09Jul2025 23:45:22.488] [modloading-worker-0/INFO] [STDOUT/]: [wayoftime.bloodmagic.structures.DungeonRoomLoader:loadDungeons:191]: Loading schematic: bloodmagic:mini_dungeon/armoury
[09Jul2025 23:45:22.489] [modloading-worker-0/INFO] [STDOUT/]: [wayoftime.bloodmagic.structures.DungeonRoomLoader:loadDungeons:193]: Resulting dungeon: wayoftime.bloodmagic.structures.DungeonRoom@2c28837a
[09Jul2025 23:45:22.490] [modloading-worker-0/INFO] [STDOUT/]: [wayoftime.bloodmagic.structures.DungeonRoomLoader:loadDungeons:191]: Loading schematic: bloodmagic:mini_dungeon/farm
[09Jul2025 23:45:22.490] [modloading-worker-0/INFO] [STDOUT/]: [wayoftime.bloodmagic.structures.DungeonRoomLoader:loadDungeons:193]: Resulting dungeon: wayoftime.bloodmagic.structures.DungeonRoom@380061f7
[09Jul2025 23:45:22.490] [modloading-worker-0/INFO] [STDOUT/]: [wayoftime.bloodmagic.structures.DungeonRoomLoader:loadDungeons:191]: Loading schematic: bloodmagic:mini_dungeon/portal_nether
[09Jul2025 23:45:22.490] [modloading-worker-0/INFO] [STDOUT/]: [wayoftime.bloodmagic.structures.DungeonRoomLoader:loadDungeons:193]: Resulting dungeon: wayoftime.bloodmagic.structures.DungeonRoom@194ae3cc
[09Jul2025 23:45:22.491] [modloading-worker-0/INFO] [libIPN/]: [libIPN] libIPN - init in Kotlin
[09Jul2025 23:45:22.493] [modloading-worker-0/INFO] [STDOUT/]: [wayoftime.bloodmagic.structures.DungeonRoomLoader:loadDungeons:191]: Loading schematic: bloodmagic:mini_dungeon/crypt
[09Jul2025 23:45:22.495] [modloading-worker-0/INFO] [STDOUT/]: [wayoftime.bloodmagic.structures.DungeonRoomLoader:loadDungeons:193]: Resulting dungeon: wayoftime.bloodmagic.structures.DungeonRoom@683055eb
[09Jul2025 23:45:22.496] [modloading-worker-0/INFO] [STDOUT/]: [wayoftime.bloodmagic.structures.DungeonRoomLoader:loadDungeons:191]: Loading schematic: bloodmagic:standard/challenge_tower
[09Jul2025 23:45:22.497] [modloading-worker-0/INFO] [STDOUT/]: [wayoftime.bloodmagic.structures.DungeonRoomLoader:loadDungeons:193]: Resulting dungeon: wayoftime.bloodmagic.structures.DungeonRoom@2902c01
[09Jul2025 23:45:22.497] [modloading-worker-0/INFO] [STDOUT/]: [wayoftime.bloodmagic.structures.DungeonRoomLoader:loadDungeons:191]: Loading schematic: bloodmagic:standard/big_library
[09Jul2025 23:45:22.498] [modloading-worker-0/INFO] [STDOUT/]: [wayoftime.bloodmagic.structures.DungeonRoomLoader:loadDungeons:193]: Resulting dungeon: wayoftime.bloodmagic.structures.DungeonRoom@66e30a33
[09Jul2025 23:45:22.501] [modloading-worker-0/INFO] [STDOUT/]: [wayoftime.bloodmagic.structures.DungeonRoomLoader:loadDungeons:191]: Loading schematic: bloodmagic:standard/small_crane
[09Jul2025 23:45:22.501] [modloading-worker-0/INFO] [STDOUT/]: [wayoftime.bloodmagic.structures.DungeonRoomLoader:loadDungeons:193]: Resulting dungeon: wayoftime.bloodmagic.structures.DungeonRoom@39401b9c
[09Jul2025 23:45:22.501] [modloading-worker-0/INFO] [STDOUT/]: [wayoftime.bloodmagic.structures.DungeonRoomLoader:loadDungeons:191]: Loading schematic: bloodmagic:standard/small_library
[09Jul2025 23:45:22.502] [modloading-worker-0/INFO] [STDOUT/]: [wayoftime.bloodmagic.structures.DungeonRoomLoader:loadDungeons:193]: Resulting dungeon: wayoftime.bloodmagic.structures.DungeonRoom@2e60377a
[09Jul2025 23:45:22.502] [modloading-worker-0/INFO] [STDOUT/]: [wayoftime.bloodmagic.structures.DungeonRoomLoader:loadDungeons:191]: Loading schematic: bloodmagic:standard/small_smithy
[09Jul2025 23:45:22.502] [modloading-worker-0/INFO] [STDOUT/]: [wayoftime.bloodmagic.structures.DungeonRoomLoader:loadDungeons:193]: Resulting dungeon: wayoftime.bloodmagic.structures.DungeonRoom@5c0e8565
[09Jul2025 23:45:22.502] [modloading-worker-0/INFO] [STDOUT/]: [wayoftime.bloodmagic.structures.DungeonRoomLoader:loadDungeons:191]: Loading schematic: bloodmagic:standard/tall_spiral
[09Jul2025 23:45:22.503] [modloading-worker-0/INFO] [STDOUT/]: [wayoftime.bloodmagic.structures.DungeonRoomLoader:loadDungeons:193]: Resulting dungeon: wayoftime.bloodmagic.structures.DungeonRoom@2129e88
[09Jul2025 23:45:22.503] [modloading-worker-0/INFO] [STDOUT/]: [wayoftime.bloodmagic.structures.DungeonRoomLoader:loadDungeons:191]: Loading schematic: bloodmagic:standard/small_arena
[09Jul2025 23:45:22.503] [modloading-worker-0/INFO] [STDOUT/]: [wayoftime.bloodmagic.structures.DungeonRoomLoader:loadDungeons:193]: Resulting dungeon: wayoftime.bloodmagic.structures.DungeonRoom@26863708
[09Jul2025 23:45:22.503] [modloading-worker-0/INFO] [STDOUT/]: [wayoftime.bloodmagic.structures.DungeonRoomLoader:loadDungeons:191]: Loading schematic: bloodmagic:standard/antechamber
[09Jul2025 23:45:22.504] [modloading-worker-0/INFO] [STDOUT/]: [wayoftime.bloodmagic.structures.DungeonRoomLoader:loadDungeons:193]: Resulting dungeon: wayoftime.bloodmagic.structures.DungeonRoom@6ad16a07
[09Jul2025 23:45:22.504] [modloading-worker-0/INFO] [STDOUT/]: [wayoftime.bloodmagic.structures.DungeonRoomLoader:loadDungeons:191]: Loading schematic: bloodmagic:standard/destroyed_end_portal
[09Jul2025 23:45:22.504] [modloading-worker-0/INFO] [STDOUT/]: [wayoftime.bloodmagic.structures.DungeonRoomLoader:loadDungeons:193]: Resulting dungeon: wayoftime.bloodmagic.structures.DungeonRoom@46c6c4d2
[09Jul2025 23:45:22.504] [modloading-worker-0/INFO] [STDOUT/]: [wayoftime.bloodmagic.structures.DungeonRoomLoader:loadDungeons:191]: Loading schematic: bloodmagic:standard/four_way_corridor_loot
[09Jul2025 23:45:22.507] [modloading-worker-0/INFO] [STDOUT/]: [wayoftime.bloodmagic.structures.DungeonRoomLoader:loadDungeons:193]: Resulting dungeon: wayoftime.bloodmagic.structures.DungeonRoom@71a85e0d
[09Jul2025 23:45:22.507] [modloading-worker-0/INFO] [STDOUT/]: [wayoftime.bloodmagic.structures.DungeonRoomLoader:loadDungeons:191]: Loading schematic: bloodmagic:t3_entrance
[09Jul2025 23:45:22.507] [modloading-worker-0/INFO] [STDOUT/]: [wayoftime.bloodmagic.structures.DungeonRoomLoader:loadDungeons:193]: Resulting dungeon: wayoftime.bloodmagic.structures.DungeonRoom@1003bf5c
[09Jul2025 23:45:22.508] [modloading-worker-0/INFO] [STDOUT/]: [wayoftime.bloodmagic.structures.DungeonRoomLoader:loadDungeons:191]: Loading schematic: bloodmagic:standard_entrance
[09Jul2025 23:45:22.508] [modloading-worker-0/INFO] [STDOUT/]: [wayoftime.bloodmagic.structures.DungeonRoomLoader:loadDungeons:193]: Resulting dungeon: wayoftime.bloodmagic.structures.DungeonRoom@69b50f70
[09Jul2025 23:45:22.508] [modloading-worker-0/INFO] [STDOUT/]: [wayoftime.bloodmagic.structures.DungeonRoomLoader:loadDungeons:191]: Loading schematic: bloodmagic:default_deadend
[09Jul2025 23:45:22.508] [modloading-worker-0/INFO] [STDOUT/]: [wayoftime.bloodmagic.structures.DungeonRoomLoader:loadDungeons:193]: Resulting dungeon: wayoftime.bloodmagic.structures.DungeonRoom@7aea3805
[09Jul2025 23:45:22.509] [modloading-worker-0/INFO] [STDOUT/]: [wayoftime.bloodmagic.structures.DungeonRoomLoader:loadDungeons:191]: Loading schematic: bloodmagic:mines/deadend
[09Jul2025 23:45:22.509] [modloading-worker-0/INFO] [STDOUT/]: [wayoftime.bloodmagic.structures.DungeonRoomLoader:loadDungeons:193]: Resulting dungeon: wayoftime.bloodmagic.structures.DungeonRoom@6a82f936
[09Jul2025 23:45:22.509] [modloading-worker-0/INFO] [STDOUT/]: [wayoftime.bloodmagic.structures.DungeonRoomLoader:loadDungeons:197]: # schematics: 42
[09Jul2025 23:45:22.586] [modloading-worker-0/INFO] [Spartan Shields/]: Constructing Mod: Spartan Shields
[09Jul2025 23:45:22.639] [modloading-worker-0/INFO] [quark/]: Initializing TerraBlender underground biome compat
[09Jul2025 23:45:22.884] [modloading-worker-0/INFO] [quark-zeta/]: Discovered 164 modules to load.
[09Jul2025 23:45:22.886] [modloading-worker-0/INFO] [quark-zeta/]: Constructing module Abacus...
[09Jul2025 23:45:22.898] [modloading-worker-0/INFO] [quark-zeta/]: Constructing module Adjustable Chat...
[09Jul2025 23:45:22.898] [modloading-worker-0/INFO] [quark-zeta/]: Constructing module Ambient Discs...
[09Jul2025 23:45:22.901] [modloading-worker-0/INFO] [quark-zeta/]: Constructing module Ancient Tomes...
[09Jul2025 23:45:22.917] [modloading-worker-0/INFO] [quark-zeta/]: Constructing module Ancient Wood...
[09Jul2025 23:45:22.935] [modloading-worker-0/INFO] [quark-zeta/]: Constructing module Armed Armor Stands...
[09Jul2025 23:45:22.935] [modloading-worker-0/INFO] [quark-zeta/]: Constructing module Auto Walk Keybind...
[09Jul2025 23:45:22.936] [modloading-worker-0/INFO] [quark-zeta/]: Constructing module Automatic Recipe Unlock...
[09Jul2025 23:45:22.937] [modloading-worker-0/INFO] [quark-zeta/]: Constructing module Automatic Tool Restock...
[09Jul2025 23:45:22.939] [modloading-worker-0/INFO] [quark-zeta/]: Constructing module Azalea Wood...
[09Jul2025 23:45:22.940] [modloading-worker-0/INFO] [quark-zeta/]: Constructing module Back Button Keybind...
[09Jul2025 23:45:22.941] [modloading-worker-0/INFO] [quark-zeta/]: Constructing module Backpack...
[09Jul2025 23:45:22.960] [modloading-worker-0/INFO] [quark-zeta/]: Constructing module Beacon Redirection...
[09Jul2025 23:45:22.961] [modloading-worker-0/INFO] [quark-zeta/]: Constructing module Better Elytra Rocket...
[09Jul2025 23:45:22.963] [modloading-worker-0/INFO] [quark-zeta/]: Constructing module Big Stone Clusters...
[09Jul2025 23:45:22.977] [modloading-worker-0/INFO] [quark-zeta/]: Constructing module Blossom Trees...
[09Jul2025 23:45:22.980] [modloading-worker-0/INFO] [quark-zeta/]: Constructing module Bottled Cloud...
[09Jul2025 23:45:22.982] [modloading-worker-0/INFO] [quark-zeta/]: Constructing module Buckets Show Inhabitants...
[09Jul2025 23:45:22.983] [modloading-worker-0/INFO] [quark-zeta/]: Constructing module Camera...
[09Jul2025 23:45:22.984] [modloading-worker-0/INFO] [quark-zeta/]: Constructing module Campfires Boost Elytra...
[09Jul2025 23:45:22.986] [modloading-worker-0/INFO] [quark-zeta/]: Constructing module Celebratory Lamps...
[09Jul2025 23:45:22.986] [modloading-worker-0/INFO] [quark-zeta/]: Constructing module Chains Connect Blocks...
[09Jul2025 23:45:22.987] [modloading-worker-0/INFO] [quark-zeta/]: Constructing module Chest Searching...
[09Jul2025 23:45:22.987] [modloading-worker-0/INFO] [quark-zeta/]: Constructing module Chorus Vegetation...
[09Jul2025 23:45:22.989] [modloading-worker-0/INFO] [quark-zeta/]: Constructing module Chute...
[09Jul2025 23:45:22.990] [modloading-worker-0/INFO] [quark-zeta/]: Constructing module Climate Control Remover...
[09Jul2025 23:45:22.991] [modloading-worker-0/INFO] [quark-zeta/]: Constructing module Color Runes...
[09Jul2025 23:45:22.996] [modloading-worker-0/INFO] [quark-zeta/]: Constructing module Compasses Work Everywhere...
[09Jul2025 23:45:22.996] [modloading-worker-0/INFO] [quark-zeta/]: Constructing module Compressed Blocks...
[09Jul2025 23:45:22.997] [modloading-worker-0/INFO] [quark-zeta/]: Constructing module Coral On Cactus...
[09Jul2025 23:45:22.997] [modloading-worker-0/INFO] [quark-zeta/]: Constructing module Corundum...
[09Jul2025 23:45:23.027] [modloading-worker-0/INFO] [quark-zeta/]: Constructing module Crabs...
[09Jul2025 23:45:23.029] [modloading-worker-0/INFO] [quark-zeta/]: Constructing module Crafter...
[09Jul2025 23:45:23.030] [modloading-worker-0/INFO] [quark-zeta/]: Constructing module Crate...
[09Jul2025 23:45:23.034] [modloading-worker-0/INFO] [quark-zeta/]: Constructing module Diamond Repair...
[09Jul2025 23:45:23.034] [modloading-worker-0/INFO] [quark-zeta/]: Constructing module Dispensers Place Blocks...
[09Jul2025 23:45:23.038] [modloading-worker-0/INFO] [quark-zeta/]: Constructing module Double Door Opening...
[09Jul2025 23:45:23.038] [modloading-worker-0/INFO] [quark-zeta/]: Constructing module Dragon Scales...
[09Jul2025 23:45:23.040] [modloading-worker-0/INFO] [quark-zeta/]: Constructing module Duskbound Blocks...
[09Jul2025 23:45:23.040] [modloading-worker-0/INFO] [quark-zeta/]: Constructing module Dyeable Item Frames...
[09Jul2025 23:45:23.043] [modloading-worker-0/INFO] [quark-zeta/]: Constructing module Easy Transfering...
[09Jul2025 23:45:23.046] [modloading-worker-0/INFO] [quark-zeta/]: Constructing module Elytra Indicator...
[09Jul2025 23:45:23.046] [modloading-worker-0/INFO] [quark-zeta/]: Constructing module Emotes...
[09Jul2025 23:45:23.047] [modloading-worker-0/INFO] [quark-zeta/]: Constructing module Enchantment Predicates...
[09Jul2025 23:45:23.047] [modloading-worker-0/INFO] [quark-zeta/]: Constructing module Enchantments Begone...
[09Jul2025 23:45:23.048] [modloading-worker-0/INFO] [quark-zeta/]: Constructing module Ender Watcher...
[09Jul2025 23:45:23.049] [modloading-worker-0/INFO] [quark-zeta/]: Constructing module Endermosh Music Disc...
[09Jul2025 23:45:23.051] [modloading-worker-0/INFO] [quark-zeta/]: Constructing module Enhanced Ladders...
[09Jul2025 23:45:23.053] [modloading-worker-0/INFO] [quark-zeta/]: Constructing module Expanded Item Interactions...
[09Jul2025 23:45:23.054] [modloading-worker-0/INFO] [quark-zeta/]: Constructing module Fairy Rings...
[09Jul2025 23:45:23.058] [modloading-worker-0/INFO] [quark-zeta/]: Constructing module Fallen Logs...
[09Jul2025 23:45:23.059] [modloading-worker-0/INFO] [quark-zeta/]: Constructing module Feeding Trough...
[09Jul2025 23:45:23.063] [modloading-worker-0/INFO] [quark-zeta/]: Constructing module Forgotten...
[09Jul2025 23:45:23.074] [modloading-worker-0/INFO] [quark-zeta/]: Constructing module Foxhound...
[09Jul2025 23:45:23.075] [modloading-worker-0/INFO] [quark-zeta/]: Constructing module Framed Glass...
[09Jul2025 23:45:23.076] [modloading-worker-0/INFO] [quark-zeta/]: Constructing module Game Nerfs...
[09Jul2025 23:45:23.076] [modloading-worker-0/INFO] [quark-zeta/]: Constructing module Glass Item Frame...
[09Jul2025 23:45:23.089] [modloading-worker-0/INFO] [quark-zeta/]: Constructing module Glass Shard...
[09Jul2025 23:45:23.090] [modloading-worker-0/INFO] [quark-zeta/]: Constructing module Glimmering Weald...
[09Jul2025 23:45:23.115] [modloading-worker-0/INFO] [quark-zeta/]: Constructing module Gold Bars...
[09Jul2025 23:45:23.117] [modloading-worker-0/INFO] [quark-zeta/]: Constructing module Gold Tools Have Fortune...
[09Jul2025 23:45:23.119] [modloading-worker-0/INFO] [quark-zeta/]: Constructing module Grab Chickens...
[09Jul2025 23:45:23.120] [modloading-worker-0/INFO] [quark-zeta/]: Constructing module Grate...
[09Jul2025 23:45:23.122] [modloading-worker-0/INFO] [quark-zeta/]: Constructing module Gravisand...
[09Jul2025 23:45:23.125] [modloading-worker-0/INFO] [quark-zeta/]: Constructing module Greener Grass...
[09Jul2025 23:45:23.129] [modloading-worker-0/INFO] [quark-zeta/]: Constructing module Hedges...
[09Jul2025 23:45:23.131] [modloading-worker-0/INFO] [quark-zeta/]: Constructing module Hoe Harvesting...
[09Jul2025 23:45:23.132] [modloading-worker-0/INFO] [quark-zeta/]: Constructing module Hollow Logs...
[09Jul2025 23:45:23.134] [modloading-worker-0/INFO] [quark-zeta/]: Constructing module Horses Swim...
[09Jul2025 23:45:23.134] [modloading-worker-0/INFO] [quark-zeta/]: Constructing module Hotbar Changer...
[09Jul2025 23:45:23.135] [modloading-worker-0/INFO] [quark-zeta/]: Constructing module Improved Sponges...
[09Jul2025 23:45:23.135] [modloading-worker-0/INFO] [quark-zeta/]: Constructing module Improved Tooltips...
[09Jul2025 23:45:23.135] [modloading-worker-0/INFO] [quark-zeta/]: Constructing module Industrial Palette...
[09Jul2025 23:45:23.136] [modloading-worker-0/INFO] [quark-zeta/]: Constructing module Inventory Sorting...
[09Jul2025 23:45:23.144] [modloading-worker-0/INFO] [quark-zeta/]: Constructing module Iron Rod...
[09Jul2025 23:45:23.152] [modloading-worker-0/INFO] [quark-zeta/]: Constructing module Item Sharing...
[09Jul2025 23:45:23.154] [modloading-worker-0/INFO] [quark-zeta/]: Constructing module Japanese Palette...
[09Jul2025 23:45:23.154] [modloading-worker-0/INFO] [quark-zeta/]: Constructing module Leaf Carpet...
[09Jul2025 23:45:23.155] [modloading-worker-0/INFO] [quark-zeta/]: Constructing module Lock Rotation...
[09Jul2025 23:45:23.155] [modloading-worker-0/INFO] [quark-zeta/]: Constructing module Long Range Pick Block...
[09Jul2025 23:45:23.157] [modloading-worker-0/INFO] [quark-zeta/]: Constructing module Magma Keeps Concrete Powder...
[09Jul2025 23:45:23.158] [modloading-worker-0/INFO] [quark-zeta/]: Constructing module Magnets...
[09Jul2025 23:45:23.162] [modloading-worker-0/INFO] [quark-zeta/]: Constructing module Map Washing...
[09Jul2025 23:45:23.163] [modloading-worker-0/INFO] [quark-zeta/]: Constructing module Matrix Enchanting...
[09Jul2025 23:45:23.173] [modloading-worker-0/INFO] [quark-zeta/]: Constructing module Metal Buttons...
[09Jul2025 23:45:23.174] [modloading-worker-0/INFO] [quark-zeta/]: Constructing module Microcrafting Helper...
[09Jul2025 23:45:23.174] [modloading-worker-0/INFO] [quark-zeta/]: Constructing module Midori...
[09Jul2025 23:45:23.175] [modloading-worker-0/INFO] [quark-zeta/]: Constructing module Monster Box...
[09Jul2025 23:45:23.175] [modloading-worker-0/INFO] [quark-zeta/]: Constructing module More Banner Layers...
[09Jul2025 23:45:23.176] [modloading-worker-0/INFO] [quark-zeta/]: Constructing module More Brick Types...
[09Jul2025 23:45:23.176] [modloading-worker-0/INFO] [quark-zeta/]: Constructing module More Mud Blocks...
[09Jul2025 23:45:23.176] [modloading-worker-0/INFO] [quark-zeta/]: Constructing module More Note Block Sounds...
[09Jul2025 23:45:23.177] [modloading-worker-0/INFO] [quark-zeta/]: Constructing module More Potted Plants...
[09Jul2025 23:45:23.178] [modloading-worker-0/INFO] [quark-zeta/]: Constructing module More Villagers...
[09Jul2025 23:45:23.178] [modloading-worker-0/INFO] [quark-zeta/]: Constructing module Narrator Readout...
[09Jul2025 23:45:23.179] [modloading-worker-0/INFO] [quark-zeta/]: Constructing module Nether Brick Fence Gate...
[09Jul2025 23:45:23.180] [modloading-worker-0/INFO] [quark-zeta/]: Constructing module Nether Obsidian Spikes...
[09Jul2025 23:45:23.181] [modloading-worker-0/INFO] [quark-zeta/]: Constructing module New Stone Types...
[09Jul2025 23:45:23.185] [modloading-worker-0/INFO] [quark-zeta/]: Constructing module No Durability On Cosmetics...
[09Jul2025 23:45:23.186] [modloading-worker-0/INFO] [quark-zeta/]: Constructing module No More Lava Pockets...
[09Jul2025 23:45:23.187] [modloading-worker-0/INFO] [quark-zeta/]: Constructing module Obsidian Plate...
[09Jul2025 23:45:23.190] [modloading-worker-0/INFO] [quark-zeta/]: Constructing module Overlay Shader...
[09Jul2025 23:45:23.193] [modloading-worker-0/INFO] [quark-zeta/]: Constructing module Parrot Eggs...
[09Jul2025 23:45:23.196] [modloading-worker-0/INFO] [quark-zeta/]: Constructing module Pat The Dogs...
[09Jul2025 23:45:23.197] [modloading-worker-0/INFO] [quark-zeta/]: Constructing module Pathfinder Maps...
[09Jul2025 23:45:23.204] [modloading-worker-0/INFO] [quark-zeta/]: Constructing module Permafrost...
[09Jul2025 23:45:23.207] [modloading-worker-0/INFO] [quark-zeta/]: Constructing module Petals On Water...
[09Jul2025 23:45:23.211] [modloading-worker-0/INFO] [quark-zeta/]: Constructing module Pickarang...
[09Jul2025 23:45:23.214] [modloading-worker-0/INFO] [quark-zeta/]: Constructing module Pig Litters...
[09Jul2025 23:45:23.216] [modloading-worker-0/INFO] [quark-zeta/]: Constructing module Pipes...
[09Jul2025 23:45:23.221] [modloading-worker-0/INFO] [quark-zeta/]: Constructing module Pistons Move Tile Entities...
[09Jul2025 23:45:23.225] [modloading-worker-0/INFO] [quark-zeta/]: Constructing module Poison Potato Usage...
[09Jul2025 23:45:23.229] [modloading-worker-0/INFO] [quark-zeta/]: Constructing module Quick Armor Swapping...
[09Jul2025 23:45:23.229] [modloading-worker-0/INFO] [quark-zeta/]: Constructing module Rainbow Lamps...
[09Jul2025 23:45:23.229] [modloading-worker-0/INFO] [quark-zeta/]: Constructing module Raw Metal Bricks...
[09Jul2025 23:45:23.230] [modloading-worker-0/INFO] [quark-zeta/]: Constructing module Reacharound Placing...
[09Jul2025 23:45:23.231] [modloading-worker-0/INFO] [quark-zeta/]: Constructing module Redstone Randomizer...
[09Jul2025 23:45:23.232] [modloading-worker-0/INFO] [quark-zeta/]: Constructing module Renewable Spore Blossoms...
[09Jul2025 23:45:23.232] [modloading-worker-0/INFO] [quark-zeta/]: Constructing module Replace Scaffolding...
[09Jul2025 23:45:23.233] [modloading-worker-0/INFO] [quark-zeta/]: Constructing module Rope...
[09Jul2025 23:45:23.237] [modloading-worker-0/INFO] [quark-zeta/]: Constructing module Safer Creatures...
[09Jul2025 23:45:23.237] [modloading-worker-0/INFO] [quark-zeta/]: Constructing module Seed Pouch...
[09Jul2025 23:45:23.239] [modloading-worker-0/INFO] [quark-zeta/]: Constructing module Shear Vines...
[09Jul2025 23:45:23.247] [modloading-worker-0/INFO] [quark-zeta/]: Constructing module Shiba...
[09Jul2025 23:45:23.249] [modloading-worker-0/INFO] [quark-zeta/]: Constructing module Shingles...
[09Jul2025 23:45:23.249] [modloading-worker-0/INFO] [quark-zeta/]: Constructing module Shulker Packing...
[09Jul2025 23:45:23.250] [modloading-worker-0/INFO] [quark-zeta/]: Constructing module Simple Harvest...
[09Jul2025 23:45:23.251] [modloading-worker-0/INFO] [quark-zeta/]: Constructing module Skull Pikes...
[09Jul2025 23:45:23.257] [modloading-worker-0/INFO] [quark-zeta/]: Constructing module Slabs To Blocks...
[09Jul2025 23:45:23.257] [modloading-worker-0/INFO] [quark-zeta/]: Constructing module Slime In A Bucket...
[09Jul2025 23:45:23.259] [modloading-worker-0/INFO] [quark-zeta/]: Constructing module Slimes To Magma Cubes...
[09Jul2025 23:45:23.262] [modloading-worker-0/INFO] [quark-zeta/]: Constructing module Snow Golem Player Heads...
[09Jul2025 23:45:23.262] [modloading-worker-0/INFO] [quark-zeta/]: Constructing module Soul Candles...
[09Jul2025 23:45:23.263] [modloading-worker-0/INFO] [quark-zeta/]: Constructing module Soul Sandstone...
[09Jul2025 23:45:23.263] [modloading-worker-0/INFO] [quark-zeta/]: Constructing module Spawner Replacer...
[09Jul2025 23:45:23.263] [modloading-worker-0/INFO] [quark-zeta/]: Constructing module Spiral Spires...
[09Jul2025 23:45:23.267] [modloading-worker-0/INFO] [quark-zeta/]: Constructing module Stonelings...
[09Jul2025 23:45:23.268] [modloading-worker-0/INFO] [quark-zeta/]: Constructing module Stools...
[09Jul2025 23:45:23.269] [modloading-worker-0/INFO] [quark-zeta/]: Constructing module Sturdy Stone...
[09Jul2025 23:45:23.271] [modloading-worker-0/INFO] [quark-zeta/]: Constructing module Thatch...
[09Jul2025 23:45:23.272] [modloading-worker-0/INFO] [quark-zeta/]: Constructing module Tiny Potato...
[09Jul2025 23:45:23.274] [modloading-worker-0/INFO] [quark-zeta/]: Constructing module Torch Arrow...
[09Jul2025 23:45:23.280] [modloading-worker-0/INFO] [quark-zeta/]: Constructing module Toretoise...
[09Jul2025 23:45:23.284] [modloading-worker-0/INFO] [quark-zeta/]: Constructing module Totem Of Holding...
[09Jul2025 23:45:23.285] [modloading-worker-0/INFO] [quark-zeta/]: Constructing module Trowel...
[09Jul2025 23:45:23.290] [modloading-worker-0/INFO] [quark-zeta/]: Constructing module Usage Ticker...
[09Jul2025 23:45:23.290] [modloading-worker-0/INFO] [quark-zeta/]: Constructing module Uses For Curses...
[09Jul2025 23:45:23.290] [modloading-worker-0/INFO] [quark-zeta/]: Constructing module Utility Recipes...
[09Jul2025 23:45:23.293] [modloading-worker-0/INFO] [quark-zeta/]: Constructing module Variant Animal Textures...
[09Jul2025 23:45:23.293] [modloading-worker-0/INFO] [quark-zeta/]: Constructing module Variant Bookshelves...
[09Jul2025 23:45:23.294] [modloading-worker-0/INFO] [quark-zeta/]: Constructing module Variant Chests...
[09Jul2025 23:45:23.305] [modloading-worker-0/INFO] [quark-zeta/]: Constructing module Variant Furnaces...
[09Jul2025 23:45:23.313] [modloading-worker-0/INFO] [quark-zeta/]: Constructing module Variant Ladders...
[09Jul2025 23:45:23.316] [modloading-worker-0/INFO] [quark-zeta/]: Constructing module Variant Selector...
[09Jul2025 23:45:23.319] [modloading-worker-0/INFO] [quark-zeta/]: Constructing module Vertical Planks...
[09Jul2025 23:45:23.320] [modloading-worker-0/INFO] [quark-zeta/]: Constructing module Vertical Slabs...
[09Jul2025 23:45:23.337] [modloading-worker-0/INFO] [quark-zeta/]: Constructing module Vexes Die With Their Masters...
[09Jul2025 23:45:23.338] [modloading-worker-0/INFO] [quark-zeta/]: Constructing module Villager Rerolling Rework...
[09Jul2025 23:45:23.338] [modloading-worker-0/INFO] [quark-zeta/]: Constructing module Villagers Follow Emeralds...
[09Jul2025 23:45:23.339] [modloading-worker-0/INFO] [quark-zeta/]: Constructing module Wooden Posts...
[09Jul2025 23:45:23.340] [modloading-worker-0/INFO] [quark-zeta/]: Constructing module Wool Shuts Up Minecarts...
[09Jul2025 23:45:23.341] [modloading-worker-0/INFO] [quark-zeta/]: Constructing module Wraith...
[09Jul2025 23:45:23.344] [modloading-worker-0/INFO] [quark-zeta/]: Constructing module Zombie Villagers On Normal...
[09Jul2025 23:45:23.345] [modloading-worker-0/INFO] [quark-zeta/]: Constructing module More Stone Variants...
[09Jul2025 23:45:23.345] [modloading-worker-0/INFO] [quark-zeta/]: Constructed 164 modules.
[09Jul2025 23:45:23.566] [modloading-worker-0/INFO] [quark-zeta/]: Doing super early config setup for quark
[09Jul2025 23:45:23.664] [modloading-worker-0/ERROR] [BadOptimizations/]: BadOptimizations is a client-only mod, this will have no effect on a server.
[09Jul2025 23:45:23.697] [modloading-worker-0/INFO] [be.florens.expandability.ExpandAbility/]: ExpandAbility here, who dis?
[09Jul2025 23:45:24.106] [main/INFO] [net.minecraft.resources.RegistryDataLoader/]: Capturing existing worldgen registries
[09Jul2025 23:45:24.106] [main/INFO] [net.minecraft.resources.RegistryDataLoader/]: Found 0 injected RegistryDataLoader worldgen registries
[09Jul2025 23:45:25.872] [main/INFO] [Diagonal Blocks/]: Constructing shapes for ForgeDiagonalWallBlock[NodeWidth=0.0,ExtensionWidth=3.0,NodeTop=24.0,ExtensionBottom=0.0,ExtensionTop=24.0] took 39ms
[09Jul2025 23:45:25.944] [main/INFO] [Diagonal Blocks/]: Constructing shapes for ForgeDiagonalWallBlock[NodeWidth=0.0,ExtensionWidth=3.0,NodeTop=0.0,ExtensionBottom=0.0,ExtensionTop=14.0] took 69ms
[09Jul2025 23:45:26.040] [main/INFO] [Diagonal Blocks/]: Constructing shapes for ForgeDiagonalWallBlock[NodeWidth=4.0,ExtensionWidth=3.0,NodeTop=16.0,ExtensionBottom=0.0,ExtensionTop=14.0] took 87ms
[09Jul2025 23:45:26.076] [main/INFO] [Diagonal Blocks/]: Constructing shapes for ForgeDiagonalWallBlock[NodeWidth=4.0,ExtensionWidth=3.0,NodeTop=24.0,ExtensionBottom=0.0,ExtensionTop=24.0] took 36ms
[09Jul2025 23:45:27.699] [main/ERROR] [net.minecraftforge.eventbus.EventSubclassTransformer/EVENTBUS]: Could not find parent net/minecraft/client/particle/TextureSheetParticle for class com/cerbon/cerbons_api/api/general/particle/SimpleParticle in classloader cpw.mods.modlauncher.TransformingClassLoader@3c62c81f on thread Thread[main,5,main]
[09Jul2025 23:45:27.699] [main/ERROR] [net.minecraftforge.eventbus.EventSubclassTransformer/EVENTBUS]: An error occurred building event handler
java.lang.ClassNotFoundException: net.minecraft.client.particle.TextureSheetParticle
	at cpw.mods.cl.ModuleClassLoader.loadClass(ModuleClassLoader.java:141) ~[securejarhandler-2.1.10.jar:?]
	at java.lang.ClassLoader.loadClass(ClassLoader.java:525) ~[?:?]
	at net.minecraftforge.eventbus.EventSubclassTransformer.buildEvents(EventSubclassTransformer.java:97) ~[eventbus-6.0.5.jar%2352!/:?]
	at net.minecraftforge.eventbus.EventSubclassTransformer.transform(EventSubclassTransformer.java:48) ~[eventbus-6.0.5.jar%2352!/:?]
	at net.minecraftforge.eventbus.EventBusEngine.processClass(EventBusEngine.java:26) ~[eventbus-6.0.5.jar%2352!/:?]
	at net.minecraftforge.eventbus.service.ModLauncherService.processClassWithFlags(ModLauncherService.java:32) ~[eventbus-6.0.5.jar%2352!/:6.0.5+6.0.5+master.eb8e549b]
	at cpw.mods.modlauncher.LaunchPluginHandler.offerClassNodeToPlugins(LaunchPluginHandler.java:88) ~[modlauncher-10.0.9.jar%2355!/:?]
	at cpw.mods.modlauncher.ClassTransformer.transform(ClassTransformer.java:120) ~[modlauncher-10.0.9.jar%2355!/:?]
	at cpw.mods.modlauncher.TransformingClassLoader.maybeTransformClassBytes(TransformingClassLoader.java:50) ~[modlauncher-10.0.9.jar%2355!/:?]
	at cpw.mods.cl.ModuleClassLoader.readerToClass(ModuleClassLoader.java:113) ~[securejarhandler-2.1.10.jar:?]
	at cpw.mods.cl.ModuleClassLoader.lambda$findClass$15(ModuleClassLoader.java:219) ~[securejarhandler-2.1.10.jar:?]
	at cpw.mods.cl.ModuleClassLoader.loadFromModule(ModuleClassLoader.java:229) ~[securejarhandler-2.1.10.jar:?]
	at cpw.mods.cl.ModuleClassLoader.findClass(ModuleClassLoader.java:219) ~[securejarhandler-2.1.10.jar:?]
	at cpw.mods.cl.ModuleClassLoader.loadClass(ModuleClassLoader.java:135) ~[securejarhandler-2.1.10.jar:?]
	at java.lang.ClassLoader.loadClass(ClassLoader.java:525) ~[?:?]
	at java.lang.Class.getDeclaredMethods0(Native Method) ~[?:?]
	at java.lang.Class.privateGetDeclaredMethods(Class.java:3402) ~[?:?]
	at java.lang.Class.getDeclaredMethod(Class.java:2673) ~[?:?]
	at me.jellysquid.mods.lithium.common.reflection.ReflectionUtil.hasMethodOverride(ReflectionUtil.java:13) ~[radium-mc1.20.1-0.12.4+git.26c9d8e.jar%23354!/:?]
	at me.jellysquid.mods.lithium.common.ai.pathing.BlockClassChecker.lambda$hasNonstandardImplementation$0(BlockClassChecker.java:30) ~[radium-mc1.20.1-0.12.4+git.26c9d8e.jar%23354!/:?]
	at java.util.concurrent.ConcurrentHashMap.computeIfAbsent(ConcurrentHashMap.java:1708) ~[?:?]
	at me.jellysquid.mods.lithium.common.ai.pathing.BlockClassChecker.shouldUseDynamicTypeCheck(BlockClassChecker.java:22) ~[radium-mc1.20.1-0.12.4+git.26c9d8e.jar%23354!/:?]
	at net.minecraft.world.level.block.Block.handler$zlc000$radium$postConstruct(Block.java:1139) ~[server-1.20.1-20230612.114412-srg.jar%23393!/:?]
	at net.minecraft.world.level.block.Block.<init>(Block.java:181) ~[server-1.20.1-20230612.114412-srg.jar%23393!/:?]
	at com.cerbon.bosses_of_mass_destruction.block.custom.VoidBlossomBlock.<init>(VoidBlossomBlock.java:49) ~[BOMD-Forge-1.20.1-1.1.1.jar%23264!/:1.1.1]
	at com.cerbon.bosses_of_mass_destruction.block.BMDBlocks.lambda$static$2(BMDBlocks.java:24) ~[BOMD-Forge-1.20.1-1.1.1.jar%23264!/:1.1.1]
	at net.minecraftforge.registries.DeferredRegister.lambda$addEntries$1(DeferredRegister.java:386) ~[forge-1.20.1-47.3.33-universal.jar%23398!/:?]
	at net.minecraftforge.registries.RegisterEvent.register(RegisterEvent.java:59) ~[forge-1.20.1-47.3.33-universal.jar%23398!/:?]
	at net.minecraftforge.registries.DeferredRegister.addEntries(DeferredRegister.java:386) ~[forge-1.20.1-47.3.33-universal.jar%23398!/:?]
	at net.minecraftforge.registries.DeferredRegister$EventDispatcher.handleEvent(DeferredRegister.java:328) ~[forge-1.20.1-47.3.33-universal.jar%23398!/:?]
	at net.minecraftforge.registries.__EventDispatcher_handleEvent_RegisterEvent.invoke(.dynamic) ~[forge-1.20.1-47.3.33-universal.jar%23398!/:?]
	at net.minecraftforge.eventbus.ASMEventHandler.invoke(ASMEventHandler.java:73) ~[eventbus-6.0.5.jar%2352!/:?]
	at net.minecraftforge.eventbus.EventBus.post(EventBus.java:315) ~[eventbus-6.0.5.jar%2352!/:?]
	at net.minecraftforge.eventbus.EventBus.post(EventBus.java:296) ~[eventbus-6.0.5.jar%2352!/:?]
	at net.minecraftforge.fml.javafmlmod.FMLModContainer.acceptEvent(FMLModContainer.java:121) ~[javafmllanguage-1.20.1-47.3.33.jar%23395!/:?]
	at net.minecraftforge.fml.ModLoader.lambda$postEventWithWrapInModOrder$33(ModLoader.java:346) ~[fmlcore-1.20.1-47.3.33.jar%23394!/:?]
	at java.lang.Iterable.forEach(Iterable.java:75) ~[?:?]
	at net.minecraftforge.fml.ModList.forEachModInOrder(ModList.java:227) ~[fmlcore-1.20.1-47.3.33.jar%23394!/:?]
	at net.minecraftforge.fml.ModLoader.postEventWithWrapInModOrder(ModLoader.java:344) ~[fmlcore-1.20.1-47.3.33.jar%23394!/:?]
	at net.minecraftforge.fml.ModLoader.postEventWrapContainerInModOrder(ModLoader.java:337) ~[fmlcore-1.20.1-47.3.33.jar%23394!/:?]
	at net.minecraftforge.registries.GameData.postRegisterEvents(GameData.java:329) ~[forge-1.20.1-47.3.33-universal.jar%23398!/:?]
	at net.minecraftforge.common.ForgeStatesProvider.lambda$new$4(ForgeStatesProvider.java:25) ~[forge-1.20.1-47.3.33-universal.jar%23398!/:?]
	at net.minecraftforge.fml.ModLoader.handleInlineTransition(ModLoader.java:217) ~[fmlcore-1.20.1-47.3.33.jar%23394!/:?]
	at net.minecraftforge.fml.ModLoader.lambda$dispatchAndHandleError$19(ModLoader.java:209) ~[fmlcore-1.20.1-47.3.33.jar%23394!/:?]
	at java.util.Optional.ifPresent(Optional.java:178) ~[?:?]
	at net.minecraftforge.fml.ModLoader.dispatchAndHandleError(ModLoader.java:209) ~[fmlcore-1.20.1-47.3.33.jar%23394!/:?]
	at net.minecraftforge.fml.ModLoader.lambda$gatherAndInitializeMods$13(ModLoader.java:183) ~[fmlcore-1.20.1-47.3.33.jar%23394!/:?]
	at java.lang.Iterable.forEach(Iterable.java:75) ~[?:?]
	at net.minecraftforge.fml.ModLoader.gatherAndInitializeMods(ModLoader.java:183) ~[fmlcore-1.20.1-47.3.33.jar%23394!/:?]
	at net.minecraftforge.server.loading.ServerModLoader.load(ServerModLoader.java:30) ~[forge-1.20.1-47.3.33-universal.jar%23398!/:?]
	at net.minecraft.server.Main.main(Main.java:125) ~[server-1.20.1-20230612.114412-srg.jar%23393!/:?]
	at jdk.internal.reflect.NativeMethodAccessorImpl.invoke0(Native Method) ~[?:?]
	at jdk.internal.reflect.NativeMethodAccessorImpl.invoke(NativeMethodAccessorImpl.java:77) ~[?:?]
	at jdk.internal.reflect.DelegatingMethodAccessorImpl.invoke(DelegatingMethodAccessorImpl.java:43) ~[?:?]
	at java.lang.reflect.Method.invoke(Method.java:569) ~[?:?]
	at net.minecraftforge.fml.loading.targets.CommonLaunchHandler.runTarget(CommonLaunchHandler.java:111) ~[fmlloader-1.20.1-47.3.33.jar%2369!/:?]
	at net.minecraftforge.fml.loading.targets.CommonLaunchHandler.serverService(CommonLaunchHandler.java:103) ~[fmlloader-1.20.1-47.3.33.jar%2369!/:?]
	at net.minecraftforge.fml.loading.targets.CommonServerLaunchHandler.lambda$makeService$0(CommonServerLaunchHandler.java:27) ~[fmlloader-1.20.1-47.3.33.jar%2369!/:?]
	at cpw.mods.modlauncher.LaunchServiceHandlerDecorator.launch(LaunchServiceHandlerDecorator.java:30) ~[modlauncher-10.0.9.jar%2355!/:?]
	at cpw.mods.modlauncher.LaunchServiceHandler.launch(LaunchServiceHandler.java:53) ~[modlauncher-10.0.9.jar%2355!/:?]
	at cpw.mods.modlauncher.LaunchServiceHandler.launch(LaunchServiceHandler.java:71) ~[modlauncher-10.0.9.jar%2355!/:?]
	at cpw.mods.modlauncher.Launcher.run(Launcher.java:108) ~[modlauncher-10.0.9.jar%2355!/:?]
	at cpw.mods.modlauncher.Launcher.main(Launcher.java:78) ~[modlauncher-10.0.9.jar%2355!/:?]
	at cpw.mods.modlauncher.BootstrapLaunchConsumer.accept(BootstrapLaunchConsumer.java:26) ~[modlauncher-10.0.9.jar%2355!/:?]
	at cpw.mods.modlauncher.BootstrapLaunchConsumer.accept(BootstrapLaunchConsumer.java:23) ~[modlauncher-10.0.9.jar%2355!/:?]
	at cpw.mods.bootstraplauncher.BootstrapLauncher.main(BootstrapLauncher.java:141) ~[bootstraplauncher-1.1.2.jar:?]
[09Jul2025 23:45:27.703] [main/WARN] [Radium Class Analysis/]: Radium Class Analysis Error: Class com.cerbon.bosses_of_mass_destruction.block.custom.VoidBlossomBlock cannot be analysed, because getting declared methods crashes with NoClassDefFoundError: net/minecraft/client/particle/TextureSheetParticle. This is usually caused by modded entities declaring methods that have a return type or parameter type that is annotated with @OnlyIn(Dist.CLIENT). Loading the type is not possible, because it only exists in the CLIENT environment. The recommended fix is to annotate the method with this argument or return type with the same annotation. Lithium handles this error by assuming the class cannot be included in some optimizations.
[09Jul2025 23:45:27.704] [main/ERROR] [net.minecraftforge.eventbus.EventSubclassTransformer/EVENTBUS]: Could not find parent net/minecraft/client/particle/TextureSheetParticle for class com/cerbon/cerbons_api/api/general/particle/SimpleParticle in classloader cpw.mods.modlauncher.TransformingClassLoader@3c62c81f on thread Thread[main,5,main]
[09Jul2025 23:45:27.704] [main/ERROR] [net.minecraftforge.eventbus.EventSubclassTransformer/EVENTBUS]: An error occurred building event handler
java.lang.ClassNotFoundException: net.minecraft.client.particle.TextureSheetParticle
	at cpw.mods.cl.ModuleClassLoader.loadClass(ModuleClassLoader.java:141) ~[securejarhandler-2.1.10.jar:?]
	at java.lang.ClassLoader.loadClass(ClassLoader.java:525) ~[?:?]
	at net.minecraftforge.eventbus.EventSubclassTransformer.buildEvents(EventSubclassTransformer.java:97) ~[eventbus-6.0.5.jar%2352!/:?]
	at net.minecraftforge.eventbus.EventSubclassTransformer.transform(EventSubclassTransformer.java:48) ~[eventbus-6.0.5.jar%2352!/:?]
	at net.minecraftforge.eventbus.EventBusEngine.processClass(EventBusEngine.java:26) ~[eventbus-6.0.5.jar%2352!/:?]
	at net.minecraftforge.eventbus.service.ModLauncherService.processClassWithFlags(ModLauncherService.java:32) ~[eventbus-6.0.5.jar%2352!/:6.0.5+6.0.5+master.eb8e549b]
	at cpw.mods.modlauncher.LaunchPluginHandler.offerClassNodeToPlugins(LaunchPluginHandler.java:88) ~[modlauncher-10.0.9.jar%2355!/:?]
	at cpw.mods.modlauncher.ClassTransformer.transform(ClassTransformer.java:120) ~[modlauncher-10.0.9.jar%2355!/:?]
	at cpw.mods.modlauncher.TransformingClassLoader.maybeTransformClassBytes(TransformingClassLoader.java:50) ~[modlauncher-10.0.9.jar%2355!/:?]
	at cpw.mods.cl.ModuleClassLoader.readerToClass(ModuleClassLoader.java:113) ~[securejarhandler-2.1.10.jar:?]
	at cpw.mods.cl.ModuleClassLoader.lambda$findClass$15(ModuleClassLoader.java:219) ~[securejarhandler-2.1.10.jar:?]
	at cpw.mods.cl.ModuleClassLoader.loadFromModule(ModuleClassLoader.java:229) ~[securejarhandler-2.1.10.jar:?]
	at cpw.mods.cl.ModuleClassLoader.findClass(ModuleClassLoader.java:219) ~[securejarhandler-2.1.10.jar:?]
	at cpw.mods.cl.ModuleClassLoader.loadClass(ModuleClassLoader.java:135) ~[securejarhandler-2.1.10.jar:?]
	at java.lang.ClassLoader.loadClass(ClassLoader.java:525) ~[?:?]
	at java.lang.Class.getDeclaredMethods0(Native Method) ~[?:?]
	at java.lang.Class.privateGetDeclaredMethods(Class.java:3402) ~[?:?]
	at java.lang.Class.getDeclaredMethod(Class.java:2673) ~[?:?]
	at me.jellysquid.mods.lithium.common.reflection.ReflectionUtil.hasMethodOverride(ReflectionUtil.java:13) ~[radium-mc1.20.1-0.12.4+git.26c9d8e.jar%23354!/:?]
	at me.jellysquid.mods.lithium.common.ai.pathing.BlockClassChecker.lambda$hasNonstandardImplementation$0(BlockClassChecker.java:30) ~[radium-mc1.20.1-0.12.4+git.26c9d8e.jar%23354!/:?]
	at java.util.concurrent.ConcurrentHashMap.computeIfAbsent(ConcurrentHashMap.java:1708) ~[?:?]
	at me.jellysquid.mods.lithium.common.ai.pathing.BlockClassChecker.shouldUseDynamicBurningCheck(BlockClassChecker.java:26) ~[radium-mc1.20.1-0.12.4+git.26c9d8e.jar%23354!/:?]
	at net.minecraft.world.level.block.Block.handler$zlc000$radium$postConstruct(Block.java:1140) ~[server-1.20.1-20230612.114412-srg.jar%23393!/:?]
	at net.minecraft.world.level.block.Block.<init>(Block.java:181) ~[server-1.20.1-20230612.114412-srg.jar%23393!/:?]
	at com.cerbon.bosses_of_mass_destruction.block.custom.VoidBlossomBlock.<init>(VoidBlossomBlock.java:49) ~[BOMD-Forge-1.20.1-1.1.1.jar%23264!/:1.1.1]
	at com.cerbon.bosses_of_mass_destruction.block.BMDBlocks.lambda$static$2(BMDBlocks.java:24) ~[BOMD-Forge-1.20.1-1.1.1.jar%23264!/:1.1.1]
	at net.minecraftforge.registries.DeferredRegister.lambda$addEntries$1(DeferredRegister.java:386) ~[forge-1.20.1-47.3.33-universal.jar%23398!/:?]
	at net.minecraftforge.registries.RegisterEvent.register(RegisterEvent.java:59) ~[forge-1.20.1-47.3.33-universal.jar%23398!/:?]
	at net.minecraftforge.registries.DeferredRegister.addEntries(DeferredRegister.java:386) ~[forge-1.20.1-47.3.33-universal.jar%23398!/:?]
	at net.minecraftforge.registries.DeferredRegister$EventDispatcher.handleEvent(DeferredRegister.java:328) ~[forge-1.20.1-47.3.33-universal.jar%23398!/:?]
	at net.minecraftforge.registries.__EventDispatcher_handleEvent_RegisterEvent.invoke(.dynamic) ~[forge-1.20.1-47.3.33-universal.jar%23398!/:?]
	at net.minecraftforge.eventbus.ASMEventHandler.invoke(ASMEventHandler.java:73) ~[eventbus-6.0.5.jar%2352!/:?]
	at net.minecraftforge.eventbus.EventBus.post(EventBus.java:315) ~[eventbus-6.0.5.jar%2352!/:?]
	at net.minecraftforge.eventbus.EventBus.post(EventBus.java:296) ~[eventbus-6.0.5.jar%2352!/:?]
	at net.minecraftforge.fml.javafmlmod.FMLModContainer.acceptEvent(FMLModContainer.java:121) ~[javafmllanguage-1.20.1-47.3.33.jar%23395!/:?]
	at net.minecraftforge.fml.ModLoader.lambda$postEventWithWrapInModOrder$33(ModLoader.java:346) ~[fmlcore-1.20.1-47.3.33.jar%23394!/:?]
	at java.lang.Iterable.forEach(Iterable.java:75) ~[?:?]
	at net.minecraftforge.fml.ModList.forEachModInOrder(ModList.java:227) ~[fmlcore-1.20.1-47.3.33.jar%23394!/:?]
	at net.minecraftforge.fml.ModLoader.postEventWithWrapInModOrder(ModLoader.java:344) ~[fmlcore-1.20.1-47.3.33.jar%23394!/:?]
	at net.minecraftforge.fml.ModLoader.postEventWrapContainerInModOrder(ModLoader.java:337) ~[fmlcore-1.20.1-47.3.33.jar%23394!/:?]
	at net.minecraftforge.registries.GameData.postRegisterEvents(GameData.java:329) ~[forge-1.20.1-47.3.33-universal.jar%23398!/:?]
	at net.minecraftforge.common.ForgeStatesProvider.lambda$new$4(ForgeStatesProvider.java:25) ~[forge-1.20.1-47.3.33-universal.jar%23398!/:?]
	at net.minecraftforge.fml.ModLoader.handleInlineTransition(ModLoader.java:217) ~[fmlcore-1.20.1-47.3.33.jar%23394!/:?]
	at net.minecraftforge.fml.ModLoader.lambda$dispatchAndHandleError$19(ModLoader.java:209) ~[fmlcore-1.20.1-47.3.33.jar%23394!/:?]
	at java.util.Optional.ifPresent(Optional.java:178) ~[?:?]
	at net.minecraftforge.fml.ModLoader.dispatchAndHandleError(ModLoader.java:209) ~[fmlcore-1.20.1-47.3.33.jar%23394!/:?]
	at net.minecraftforge.fml.ModLoader.lambda$gatherAndInitializeMods$13(ModLoader.java:183) ~[fmlcore-1.20.1-47.3.33.jar%23394!/:?]
	at java.lang.Iterable.forEach(Iterable.java:75) ~[?:?]
	at net.minecraftforge.fml.ModLoader.gatherAndInitializeMods(ModLoader.java:183) ~[fmlcore-1.20.1-47.3.33.jar%23394!/:?]
	at net.minecraftforge.server.loading.ServerModLoader.load(ServerModLoader.java:30) ~[forge-1.20.1-47.3.33-universal.jar%23398!/:?]
	at net.minecraft.server.Main.main(Main.java:125) ~[server-1.20.1-20230612.114412-srg.jar%23393!/:?]
	at jdk.internal.reflect.NativeMethodAccessorImpl.invoke0(Native Method) ~[?:?]
	at jdk.internal.reflect.NativeMethodAccessorImpl.invoke(NativeMethodAccessorImpl.java:77) ~[?:?]
	at jdk.internal.reflect.DelegatingMethodAccessorImpl.invoke(DelegatingMethodAccessorImpl.java:43) ~[?:?]
	at java.lang.reflect.Method.invoke(Method.java:569) ~[?:?]
	at net.minecraftforge.fml.loading.targets.CommonLaunchHandler.runTarget(CommonLaunchHandler.java:111) ~[fmlloader-1.20.1-47.3.33.jar%2369!/:?]
	at net.minecraftforge.fml.loading.targets.CommonLaunchHandler.serverService(CommonLaunchHandler.java:103) ~[fmlloader-1.20.1-47.3.33.jar%2369!/:?]
	at net.minecraftforge.fml.loading.targets.CommonServerLaunchHandler.lambda$makeService$0(CommonServerLaunchHandler.java:27) ~[fmlloader-1.20.1-47.3.33.jar%2369!/:?]
	at cpw.mods.modlauncher.LaunchServiceHandlerDecorator.launch(LaunchServiceHandlerDecorator.java:30) ~[modlauncher-10.0.9.jar%2355!/:?]
	at cpw.mods.modlauncher.LaunchServiceHandler.launch(LaunchServiceHandler.java:53) ~[modlauncher-10.0.9.jar%2355!/:?]
	at cpw.mods.modlauncher.LaunchServiceHandler.launch(LaunchServiceHandler.java:71) ~[modlauncher-10.0.9.jar%2355!/:?]
	at cpw.mods.modlauncher.Launcher.run(Launcher.java:108) ~[modlauncher-10.0.9.jar%2355!/:?]
	at cpw.mods.modlauncher.Launcher.main(Launcher.java:78) ~[modlauncher-10.0.9.jar%2355!/:?]
	at cpw.mods.modlauncher.BootstrapLaunchConsumer.accept(BootstrapLaunchConsumer.java:26) ~[modlauncher-10.0.9.jar%2355!/:?]
	at cpw.mods.modlauncher.BootstrapLaunchConsumer.accept(BootstrapLaunchConsumer.java:23) ~[modlauncher-10.0.9.jar%2355!/:?]
	at cpw.mods.bootstraplauncher.BootstrapLauncher.main(BootstrapLauncher.java:141) ~[bootstraplauncher-1.1.2.jar:?]
[09Jul2025 23:45:27.707] [main/WARN] [Radium Class Analysis/]: Radium Class Analysis Error: Class com.cerbon.bosses_of_mass_destruction.block.custom.VoidBlossomBlock cannot be analysed, because getting declared methods crashes with NoClassDefFoundError: net/minecraft/client/particle/TextureSheetParticle. This is usually caused by modded entities declaring methods that have a return type or parameter type that is annotated with @OnlyIn(Dist.CLIENT). Loading the type is not possible, because it only exists in the CLIENT environment. The recommended fix is to annotate the method with this argument or return type with the same annotation. Lithium handles this error by assuming the class cannot be included in some optimizations.
[09Jul2025 23:45:27.717] [main/ERROR] [net.minecraftforge.eventbus.EventSubclassTransformer/EVENTBUS]: Could not find parent net/minecraft/client/particle/TextureSheetParticle for class com/cerbon/cerbons_api/api/general/particle/SimpleParticle in classloader cpw.mods.modlauncher.TransformingClassLoader@3c62c81f on thread Thread[main,5,main]
[09Jul2025 23:45:27.717] [main/ERROR] [net.minecraftforge.eventbus.EventSubclassTransformer/EVENTBUS]: An error occurred building event handler
java.lang.ClassNotFoundException: net.minecraft.client.particle.TextureSheetParticle
	at cpw.mods.cl.ModuleClassLoader.loadClass(ModuleClassLoader.java:141) ~[securejarhandler-2.1.10.jar:?]
	at java.lang.ClassLoader.loadClass(ClassLoader.java:525) ~[?:?]
	at net.minecraftforge.eventbus.EventSubclassTransformer.buildEvents(EventSubclassTransformer.java:97) ~[eventbus-6.0.5.jar%2352!/:?]
	at net.minecraftforge.eventbus.EventSubclassTransformer.transform(EventSubclassTransformer.java:48) ~[eventbus-6.0.5.jar%2352!/:?]
	at net.minecraftforge.eventbus.EventBusEngine.processClass(EventBusEngine.java:26) ~[eventbus-6.0.5.jar%2352!/:?]
	at net.minecraftforge.eventbus.service.ModLauncherService.processClassWithFlags(ModLauncherService.java:32) ~[eventbus-6.0.5.jar%2352!/:6.0.5+6.0.5+master.eb8e549b]
	at cpw.mods.modlauncher.LaunchPluginHandler.offerClassNodeToPlugins(LaunchPluginHandler.java:88) ~[modlauncher-10.0.9.jar%2355!/:?]
	at cpw.mods.modlauncher.ClassTransformer.transform(ClassTransformer.java:120) ~[modlauncher-10.0.9.jar%2355!/:?]
	at cpw.mods.modlauncher.TransformingClassLoader.maybeTransformClassBytes(TransformingClassLoader.java:50) ~[modlauncher-10.0.9.jar%2355!/:?]
	at cpw.mods.cl.ModuleClassLoader.readerToClass(ModuleClassLoader.java:113) ~[securejarhandler-2.1.10.jar:?]
	at cpw.mods.cl.ModuleClassLoader.lambda$findClass$15(ModuleClassLoader.java:219) ~[securejarhandler-2.1.10.jar:?]
	at cpw.mods.cl.ModuleClassLoader.loadFromModule(ModuleClassLoader.java:229) ~[securejarhandler-2.1.10.jar:?]
	at cpw.mods.cl.ModuleClassLoader.findClass(ModuleClassLoader.java:219) ~[securejarhandler-2.1.10.jar:?]
	at cpw.mods.cl.ModuleClassLoader.loadClass(ModuleClassLoader.java:135) ~[securejarhandler-2.1.10.jar:?]
	at java.lang.ClassLoader.loadClass(ClassLoader.java:525) ~[?:?]
	at java.lang.Class.getDeclaredMethods0(Native Method) ~[?:?]
	at java.lang.Class.privateGetDeclaredMethods(Class.java:3402) ~[?:?]
	at java.lang.Class.getDeclaredMethod(Class.java:2673) ~[?:?]
	at me.jellysquid.mods.lithium.common.reflection.ReflectionUtil.hasMethodOverride(ReflectionUtil.java:13) ~[radium-mc1.20.1-0.12.4+git.26c9d8e.jar%23354!/:?]
	at me.jellysquid.mods.lithium.common.ai.pathing.BlockClassChecker.lambda$hasNonstandardImplementation$0(BlockClassChecker.java:30) ~[radium-mc1.20.1-0.12.4+git.26c9d8e.jar%23354!/:?]
	at java.util.concurrent.ConcurrentHashMap.computeIfAbsent(ConcurrentHashMap.java:1708) ~[?:?]
	at me.jellysquid.mods.lithium.common.ai.pathing.BlockClassChecker.shouldUseDynamicTypeCheck(BlockClassChecker.java:22) ~[radium-mc1.20.1-0.12.4+git.26c9d8e.jar%23354!/:?]
	at net.minecraft.world.level.block.Block.handler$zlc000$radium$postConstruct(Block.java:1139) ~[server-1.20.1-20230612.114412-srg.jar%23393!/:?]
	at net.minecraft.world.level.block.Block.<init>(Block.java:181) ~[server-1.20.1-20230612.114412-srg.jar%23393!/:?]
	at net.minecraft.world.level.block.BaseEntityBlock.<init>(BaseEntityBlock.java:15) ~[server-1.20.1-20230612.114412-srg.jar%23393!/:?]
	at com.cerbon.bosses_of_mass_destruction.block.custom.MobWardBlock.<init>(MobWardBlock.java:45) ~[BOMD-Forge-1.20.1-1.1.1.jar%23264!/:1.1.1]
	at com.cerbon.bosses_of_mass_destruction.block.BMDBlocks.lambda$static$10(BMDBlocks.java:42) ~[BOMD-Forge-1.20.1-1.1.1.jar%23264!/:1.1.1]
	at net.minecraftforge.registries.DeferredRegister.lambda$addEntries$1(DeferredRegister.java:386) ~[forge-1.20.1-47.3.33-universal.jar%23398!/:?]
	at net.minecraftforge.registries.RegisterEvent.register(RegisterEvent.java:59) ~[forge-1.20.1-47.3.33-universal.jar%23398!/:?]
	at net.minecraftforge.registries.DeferredRegister.addEntries(DeferredRegister.java:386) ~[forge-1.20.1-47.3.33-universal.jar%23398!/:?]
	at net.minecraftforge.registries.DeferredRegister$EventDispatcher.handleEvent(DeferredRegister.java:328) ~[forge-1.20.1-47.3.33-universal.jar%23398!/:?]
	at net.minecraftforge.registries.__EventDispatcher_handleEvent_RegisterEvent.invoke(.dynamic) ~[forge-1.20.1-47.3.33-universal.jar%23398!/:?]
	at net.minecraftforge.eventbus.ASMEventHandler.invoke(ASMEventHandler.java:73) ~[eventbus-6.0.5.jar%2352!/:?]
	at net.minecraftforge.eventbus.EventBus.post(EventBus.java:315) ~[eventbus-6.0.5.jar%2352!/:?]
	at net.minecraftforge.eventbus.EventBus.post(EventBus.java:296) ~[eventbus-6.0.5.jar%2352!/:?]
	at net.minecraftforge.fml.javafmlmod.FMLModContainer.acceptEvent(FMLModContainer.java:121) ~[javafmllanguage-1.20.1-47.3.33.jar%23395!/:?]
	at net.minecraftforge.fml.ModLoader.lambda$postEventWithWrapInModOrder$33(ModLoader.java:346) ~[fmlcore-1.20.1-47.3.33.jar%23394!/:?]
	at java.lang.Iterable.forEach(Iterable.java:75) ~[?:?]
	at net.minecraftforge.fml.ModList.forEachModInOrder(ModList.java:227) ~[fmlcore-1.20.1-47.3.33.jar%23394!/:?]
	at net.minecraftforge.fml.ModLoader.postEventWithWrapInModOrder(ModLoader.java:344) ~[fmlcore-1.20.1-47.3.33.jar%23394!/:?]
	at net.minecraftforge.fml.ModLoader.postEventWrapContainerInModOrder(ModLoader.java:337) ~[fmlcore-1.20.1-47.3.33.jar%23394!/:?]
	at net.minecraftforge.registries.GameData.postRegisterEvents(GameData.java:329) ~[forge-1.20.1-47.3.33-universal.jar%23398!/:?]
	at net.minecraftforge.common.ForgeStatesProvider.lambda$new$4(ForgeStatesProvider.java:25) ~[forge-1.20.1-47.3.33-universal.jar%23398!/:?]
	at net.minecraftforge.fml.ModLoader.handleInlineTransition(ModLoader.java:217) ~[fmlcore-1.20.1-47.3.33.jar%23394!/:?]
	at net.minecraftforge.fml.ModLoader.lambda$dispatchAndHandleError$19(ModLoader.java:209) ~[fmlcore-1.20.1-47.3.33.jar%23394!/:?]
	at java.util.Optional.ifPresent(Optional.java:178) ~[?:?]
	at net.minecraftforge.fml.ModLoader.dispatchAndHandleError(ModLoader.java:209) ~[fmlcore-1.20.1-47.3.33.jar%23394!/:?]
	at net.minecraftforge.fml.ModLoader.lambda$gatherAndInitializeMods$13(ModLoader.java:183) ~[fmlcore-1.20.1-47.3.33.jar%23394!/:?]
	at java.lang.Iterable.forEach(Iterable.java:75) ~[?:?]
	at net.minecraftforge.fml.ModLoader.gatherAndInitializeMods(ModLoader.java:183) ~[fmlcore-1.20.1-47.3.33.jar%23394!/:?]
	at net.minecraftforge.server.loading.ServerModLoader.load(ServerModLoader.java:30) ~[forge-1.20.1-47.3.33-universal.jar%23398!/:?]
	at net.minecraft.server.Main.main(Main.java:125) ~[server-1.20.1-20230612.114412-srg.jar%23393!/:?]
	at jdk.internal.reflect.NativeMethodAccessorImpl.invoke0(Native Method) ~[?:?]
	at jdk.internal.reflect.NativeMethodAccessorImpl.invoke(NativeMethodAccessorImpl.java:77) ~[?:?]
	at jdk.internal.reflect.DelegatingMethodAccessorImpl.invoke(DelegatingMethodAccessorImpl.java:43) ~[?:?]
	at java.lang.reflect.Method.invoke(Method.java:569) ~[?:?]
	at net.minecraftforge.fml.loading.targets.CommonLaunchHandler.runTarget(CommonLaunchHandler.java:111) ~[fmlloader-1.20.1-47.3.33.jar%2369!/:?]
	at net.minecraftforge.fml.loading.targets.CommonLaunchHandler.serverService(CommonLaunchHandler.java:103) ~[fmlloader-1.20.1-47.3.33.jar%2369!/:?]
	at net.minecraftforge.fml.loading.targets.CommonServerLaunchHandler.lambda$makeService$0(CommonServerLaunchHandler.java:27) ~[fmlloader-1.20.1-47.3.33.jar%2369!/:?]
	at cpw.mods.modlauncher.LaunchServiceHandlerDecorator.launch(LaunchServiceHandlerDecorator.java:30) ~[modlauncher-10.0.9.jar%2355!/:?]
	at cpw.mods.modlauncher.LaunchServiceHandler.launch(LaunchServiceHandler.java:53) ~[modlauncher-10.0.9.jar%2355!/:?]
	at cpw.mods.modlauncher.LaunchServiceHandler.launch(LaunchServiceHandler.java:71) ~[modlauncher-10.0.9.jar%2355!/:?]
	at cpw.mods.modlauncher.Launcher.run(Launcher.java:108) ~[modlauncher-10.0.9.jar%2355!/:?]
	at cpw.mods.modlauncher.Launcher.main(Launcher.java:78) ~[modlauncher-10.0.9.jar%2355!/:?]
	at cpw.mods.modlauncher.BootstrapLaunchConsumer.accept(BootstrapLaunchConsumer.java:26) ~[modlauncher-10.0.9.jar%2355!/:?]
	at cpw.mods.modlauncher.BootstrapLaunchConsumer.accept(BootstrapLaunchConsumer.java:23) ~[modlauncher-10.0.9.jar%2355!/:?]
	at cpw.mods.bootstraplauncher.BootstrapLauncher.main(BootstrapLauncher.java:141) ~[bootstraplauncher-1.1.2.jar:?]
[09Jul2025 23:45:27.721] [main/WARN] [Radium Class Analysis/]: Radium Class Analysis Error: Class com.cerbon.bosses_of_mass_destruction.block.custom.MobWardBlock cannot be analysed, because getting declared methods crashes with NoClassDefFoundError: net/minecraft/client/particle/TextureSheetParticle. This is usually caused by modded entities declaring methods that have a return type or parameter type that is annotated with @OnlyIn(Dist.CLIENT). Loading the type is not possible, because it only exists in the CLIENT environment. The recommended fix is to annotate the method with this argument or return type with the same annotation. Lithium handles this error by assuming the class cannot be included in some optimizations.
[09Jul2025 23:45:27.722] [main/ERROR] [net.minecraftforge.eventbus.EventSubclassTransformer/EVENTBUS]: Could not find parent net/minecraft/client/particle/TextureSheetParticle for class com/cerbon/cerbons_api/api/general/particle/SimpleParticle in classloader cpw.mods.modlauncher.TransformingClassLoader@3c62c81f on thread Thread[main,5,main]
[09Jul2025 23:45:27.722] [main/ERROR] [net.minecraftforge.eventbus.EventSubclassTransformer/EVENTBUS]: An error occurred building event handler
java.lang.ClassNotFoundException: net.minecraft.client.particle.TextureSheetParticle
	at cpw.mods.cl.ModuleClassLoader.loadClass(ModuleClassLoader.java:141) ~[securejarhandler-2.1.10.jar:?]
	at java.lang.ClassLoader.loadClass(ClassLoader.java:525) ~[?:?]
	at net.minecraftforge.eventbus.EventSubclassTransformer.buildEvents(EventSubclassTransformer.java:97) ~[eventbus-6.0.5.jar%2352!/:?]
	at net.minecraftforge.eventbus.EventSubclassTransformer.transform(EventSubclassTransformer.java:48) ~[eventbus-6.0.5.jar%2352!/:?]
	at net.minecraftforge.eventbus.EventBusEngine.processClass(EventBusEngine.java:26) ~[eventbus-6.0.5.jar%2352!/:?]
	at net.minecraftforge.eventbus.service.ModLauncherService.processClassWithFlags(ModLauncherService.java:32) ~[eventbus-6.0.5.jar%2352!/:6.0.5+6.0.5+master.eb8e549b]
	at cpw.mods.modlauncher.LaunchPluginHandler.offerClassNodeToPlugins(LaunchPluginHandler.java:88) ~[modlauncher-10.0.9.jar%2355!/:?]
	at cpw.mods.modlauncher.ClassTransformer.transform(ClassTransformer.java:120) ~[modlauncher-10.0.9.jar%2355!/:?]
	at cpw.mods.modlauncher.TransformingClassLoader.maybeTransformClassBytes(TransformingClassLoader.java:50) ~[modlauncher-10.0.9.jar%2355!/:?]
	at cpw.mods.cl.ModuleClassLoader.readerToClass(ModuleClassLoader.java:113) ~[securejarhandler-2.1.10.jar:?]
	at cpw.mods.cl.ModuleClassLoader.lambda$findClass$15(ModuleClassLoader.java:219) ~[securejarhandler-2.1.10.jar:?]
	at cpw.mods.cl.ModuleClassLoader.loadFromModule(ModuleClassLoader.java:229) ~[securejarhandler-2.1.10.jar:?]
	at cpw.mods.cl.ModuleClassLoader.findClass(ModuleClassLoader.java:219) ~[securejarhandler-2.1.10.jar:?]
	at cpw.mods.cl.ModuleClassLoader.loadClass(ModuleClassLoader.java:135) ~[securejarhandler-2.1.10.jar:?]
	at java.lang.ClassLoader.loadClass(ClassLoader.java:525) ~[?:?]
	at java.lang.Class.getDeclaredMethods0(Native Method) ~[?:?]
	at java.lang.Class.privateGetDeclaredMethods(Class.java:3402) ~[?:?]
	at java.lang.Class.getDeclaredMethod(Class.java:2673) ~[?:?]
	at me.jellysquid.mods.lithium.common.reflection.ReflectionUtil.hasMethodOverride(ReflectionUtil.java:13) ~[radium-mc1.20.1-0.12.4+git.26c9d8e.jar%23354!/:?]
	at me.jellysquid.mods.lithium.common.ai.pathing.BlockClassChecker.lambda$hasNonstandardImplementation$0(BlockClassChecker.java:30) ~[radium-mc1.20.1-0.12.4+git.26c9d8e.jar%23354!/:?]
	at java.util.concurrent.ConcurrentHashMap.computeIfAbsent(ConcurrentHashMap.java:1708) ~[?:?]
	at me.jellysquid.mods.lithium.common.ai.pathing.BlockClassChecker.shouldUseDynamicBurningCheck(BlockClassChecker.java:26) ~[radium-mc1.20.1-0.12.4+git.26c9d8e.jar%23354!/:?]
	at net.minecraft.world.level.block.Block.handler$zlc000$radium$postConstruct(Block.java:1140) ~[server-1.20.1-20230612.114412-srg.jar%23393!/:?]
	at net.minecraft.world.level.block.Block.<init>(Block.java:181) ~[server-1.20.1-20230612.114412-srg.jar%23393!/:?]
	at net.minecraft.world.level.block.BaseEntityBlock.<init>(BaseEntityBlock.java:15) ~[server-1.20.1-20230612.114412-srg.jar%23393!/:?]
	at com.cerbon.bosses_of_mass_destruction.block.custom.MobWardBlock.<init>(MobWardBlock.java:45) ~[BOMD-Forge-1.20.1-1.1.1.jar%23264!/:1.1.1]
	at com.cerbon.bosses_of_mass_destruction.block.BMDBlocks.lambda$static$10(BMDBlocks.java:42) ~[BOMD-Forge-1.20.1-1.1.1.jar%23264!/:1.1.1]
	at net.minecraftforge.registries.DeferredRegister.lambda$addEntries$1(DeferredRegister.java:386) ~[forge-1.20.1-47.3.33-universal.jar%23398!/:?]
	at net.minecraftforge.registries.RegisterEvent.register(RegisterEvent.java:59) ~[forge-1.20.1-47.3.33-universal.jar%23398!/:?]
	at net.minecraftforge.registries.DeferredRegister.addEntries(DeferredRegister.java:386) ~[forge-1.20.1-47.3.33-universal.jar%23398!/:?]
	at net.minecraftforge.registries.DeferredRegister$EventDispatcher.handleEvent(DeferredRegister.java:328) ~[forge-1.20.1-47.3.33-universal.jar%23398!/:?]
	at net.minecraftforge.registries.__EventDispatcher_handleEvent_RegisterEvent.invoke(.dynamic) ~[forge-1.20.1-47.3.33-universal.jar%23398!/:?]
	at net.minecraftforge.eventbus.ASMEventHandler.invoke(ASMEventHandler.java:73) ~[eventbus-6.0.5.jar%2352!/:?]
	at net.minecraftforge.eventbus.EventBus.post(EventBus.java:315) ~[eventbus-6.0.5.jar%2352!/:?]
	at net.minecraftforge.eventbus.EventBus.post(EventBus.java:296) ~[eventbus-6.0.5.jar%2352!/:?]
	at net.minecraftforge.fml.javafmlmod.FMLModContainer.acceptEvent(FMLModContainer.java:121) ~[javafmllanguage-1.20.1-47.3.33.jar%23395!/:?]
	at net.minecraftforge.fml.ModLoader.lambda$postEventWithWrapInModOrder$33(ModLoader.java:346) ~[fmlcore-1.20.1-47.3.33.jar%23394!/:?]
	at java.lang.Iterable.forEach(Iterable.java:75) ~[?:?]
	at net.minecraftforge.fml.ModList.forEachModInOrder(ModList.java:227) ~[fmlcore-1.20.1-47.3.33.jar%23394!/:?]
	at net.minecraftforge.fml.ModLoader.postEventWithWrapInModOrder(ModLoader.java:344) ~[fmlcore-1.20.1-47.3.33.jar%23394!/:?]
	at net.minecraftforge.fml.ModLoader.postEventWrapContainerInModOrder(ModLoader.java:337) ~[fmlcore-1.20.1-47.3.33.jar%23394!/:?]
	at net.minecraftforge.registries.GameData.postRegisterEvents(GameData.java:329) ~[forge-1.20.1-47.3.33-universal.jar%23398!/:?]
	at net.minecraftforge.common.ForgeStatesProvider.lambda$new$4(ForgeStatesProvider.java:25) ~[forge-1.20.1-47.3.33-universal.jar%23398!/:?]
	at net.minecraftforge.fml.ModLoader.handleInlineTransition(ModLoader.java:217) ~[fmlcore-1.20.1-47.3.33.jar%23394!/:?]
	at net.minecraftforge.fml.ModLoader.lambda$dispatchAndHandleError$19(ModLoader.java:209) ~[fmlcore-1.20.1-47.3.33.jar%23394!/:?]
	at java.util.Optional.ifPresent(Optional.java:178) ~[?:?]
	at net.minecraftforge.fml.ModLoader.dispatchAndHandleError(ModLoader.java:209) ~[fmlcore-1.20.1-47.3.33.jar%23394!/:?]
	at net.minecraftforge.fml.ModLoader.lambda$gatherAndInitializeMods$13(ModLoader.java:183) ~[fmlcore-1.20.1-47.3.33.jar%23394!/:?]
	at java.lang.Iterable.forEach(Iterable.java:75) ~[?:?]
	at net.minecraftforge.fml.ModLoader.gatherAndInitializeMods(ModLoader.java:183) ~[fmlcore-1.20.1-47.3.33.jar%23394!/:?]
	at net.minecraftforge.server.loading.ServerModLoader.load(ServerModLoader.java:30) ~[forge-1.20.1-47.3.33-universal.jar%23398!/:?]
	at net.minecraft.server.Main.main(Main.java:125) ~[server-1.20.1-20230612.114412-srg.jar%23393!/:?]
	at jdk.internal.reflect.NativeMethodAccessorImpl.invoke0(Native Method) ~[?:?]
	at jdk.internal.reflect.NativeMethodAccessorImpl.invoke(NativeMethodAccessorImpl.java:77) ~[?:?]
	at jdk.internal.reflect.DelegatingMethodAccessorImpl.invoke(DelegatingMethodAccessorImpl.java:43) ~[?:?]
	at java.lang.reflect.Method.invoke(Method.java:569) ~[?:?]
	at net.minecraftforge.fml.loading.targets.CommonLaunchHandler.runTarget(CommonLaunchHandler.java:111) ~[fmlloader-1.20.1-47.3.33.jar%2369!/:?]
	at net.minecraftforge.fml.loading.targets.CommonLaunchHandler.serverService(CommonLaunchHandler.java:103) ~[fmlloader-1.20.1-47.3.33.jar%2369!/:?]
	at net.minecraftforge.fml.loading.targets.CommonServerLaunchHandler.lambda$makeService$0(CommonServerLaunchHandler.java:27) ~[fmlloader-1.20.1-47.3.33.jar%2369!/:?]
	at cpw.mods.modlauncher.LaunchServiceHandlerDecorator.launch(LaunchServiceHandlerDecorator.java:30) ~[modlauncher-10.0.9.jar%2355!/:?]
	at cpw.mods.modlauncher.LaunchServiceHandler.launch(LaunchServiceHandler.java:53) ~[modlauncher-10.0.9.jar%2355!/:?]
	at cpw.mods.modlauncher.LaunchServiceHandler.launch(LaunchServiceHandler.java:71) ~[modlauncher-10.0.9.jar%2355!/:?]
	at cpw.mods.modlauncher.Launcher.run(Launcher.java:108) ~[modlauncher-10.0.9.jar%2355!/:?]
	at cpw.mods.modlauncher.Launcher.main(Launcher.java:78) ~[modlauncher-10.0.9.jar%2355!/:?]
	at cpw.mods.modlauncher.BootstrapLaunchConsumer.accept(BootstrapLaunchConsumer.java:26) ~[modlauncher-10.0.9.jar%2355!/:?]
	at cpw.mods.modlauncher.BootstrapLaunchConsumer.accept(BootstrapLaunchConsumer.java:23) ~[modlauncher-10.0.9.jar%2355!/:?]
	at cpw.mods.bootstraplauncher.BootstrapLauncher.main(BootstrapLauncher.java:141) ~[bootstraplauncher-1.1.2.jar:?]
[09Jul2025 23:45:27.739] [main/WARN] [Radium Class Analysis/]: Radium Class Analysis Error: Class com.cerbon.bosses_of_mass_destruction.block.custom.MobWardBlock cannot be analysed, because getting declared methods crashes with NoClassDefFoundError: net/minecraft/client/particle/TextureSheetParticle. This is usually caused by modded entities declaring methods that have a return type or parameter type that is annotated with @OnlyIn(Dist.CLIENT). Loading the type is not possible, because it only exists in the CLIENT environment. The recommended fix is to annotate the method with this argument or return type with the same annotation. Lithium handles this error by assuming the class cannot be included in some optimizations.
[09Jul2025 23:45:28.350] [main/ERROR] [net.minecraftforge.fml.loading.RuntimeDistCleaner/DISTXFORM]: Attempted to load class com/mojang/blaze3d/vertex/PoseStack for invalid dist DEDICATED_SERVER
[09Jul2025 23:45:28.350] [main/WARN] [Radium Class Analysis/]: Radium Class Analysis Error: Class net.mehvahdjukaar.supplementaries.common.block.blocks.CannonBlock cannot be analysed, because getting declared methods crashes with RuntimeException: Attempted to load class com/mojang/blaze3d/vertex/PoseStack for invalid dist DEDICATED_SERVER. This is usually caused by modded entities declaring methods that have a return type or parameter type that is annotated with @OnlyIn(Dist.CLIENT). Loading the type is not possible, because it only exists in the CLIENT environment. The recommended fix is to annotate the method with this argument or return type with the same annotation. Lithium handles this error by assuming the class cannot be included in some optimizations.
[09Jul2025 23:45:28.351] [main/ERROR] [net.minecraftforge.fml.loading.RuntimeDistCleaner/DISTXFORM]: Attempted to load class com/mojang/blaze3d/vertex/PoseStack for invalid dist DEDICATED_SERVER
[09Jul2025 23:45:28.351] [main/WARN] [Radium Class Analysis/]: Radium Class Analysis Error: Class net.mehvahdjukaar.supplementaries.common.block.blocks.CannonBlock cannot be analysed, because getting declared methods crashes with RuntimeException: Attempted to load class com/mojang/blaze3d/vertex/PoseStack for invalid dist DEDICATED_SERVER. This is usually caused by modded entities declaring methods that have a return type or parameter type that is annotated with @OnlyIn(Dist.CLIENT). Loading the type is not possible, because it only exists in the CLIENT environment. The recommended fix is to annotate the method with this argument or return type with the same annotation. Lithium handles this error by assuming the class cannot be included in some optimizations.
[09Jul2025 23:45:28.626] [main/WARN] [com.unlikepaladin.pfm.PaladinFurnitureMod/]: Found block type with duplicate id (minecraft:oak), skipping
[09Jul2025 23:45:28.626] [main/WARN] [com.unlikepaladin.pfm.PaladinFurnitureMod/]: Found block type with duplicate id (ecologics:azalea), skipping
[09Jul2025 23:45:28.626] [main/WARN] [com.unlikepaladin.pfm.PaladinFurnitureMod/]: Found block type with duplicate id (ecologics:flowering_azalea), skipping
[09Jul2025 23:45:28.626] [main/WARN] [com.unlikepaladin.pfm.PaladinFurnitureMod/]: Found block type with duplicate id (quark:azalea), skipping
[09Jul2025 23:45:30.455] [main/WARN] [Moonlight/]: Failed to find custom wood type biomesoplenty:red_maple
[09Jul2025 23:45:30.455] [main/WARN] [Moonlight/]: Failed to find custom wood type biomesoplenty:orange_maple
[09Jul2025 23:45:30.455] [main/WARN] [Moonlight/]: Failed to find custom wood type biomesoplenty:yellow_maple
[09Jul2025 23:45:30.472] [main/INFO] [Moonlight/]: Initialized block sets in 41ms
[09Jul2025 23:45:30.736] [main/INFO] [ModernFix/]: Bypassed Mojang DFU
[09Jul2025 23:45:30.737] [main/INFO] [ModernFix/]: Instantiating Mojang DFU
[09Jul2025 23:45:32.133] [main/INFO] [STDOUT/]: [wayoftime.bloodmagic.core.AnointmentRegistrar:parseDefinition:133]: Attempting to load Anointment: union:/workspaces/WEA/servidor_minecraft/mods/bloodmagic-1.20.1-3.3.3-45.jar%23263!/data/bloodmagic/anointment/melee_damage.json, path: /data/bloodmagic/anointment/melee_damage.json
[09Jul2025 23:45:32.138] [main/INFO] [STDOUT/]: [wayoftime.bloodmagic.core.AnointmentRegistrar:parseDefinition:133]: Attempting to load Anointment: union:/workspaces/WEA/servidor_minecraft/mods/bloodmagic-1.20.1-3.3.3-45.jar%23263!/data/bloodmagic/anointment/holy_water.json, path: /data/bloodmagic/anointment/holy_water.json
[09Jul2025 23:45:32.139] [main/INFO] [STDOUT/]: [wayoftime.bloodmagic.core.AnointmentRegistrar:parseDefinition:133]: Attempting to load Anointment: union:/workspaces/WEA/servidor_minecraft/mods/bloodmagic-1.20.1-3.3.3-45.jar%23263!/data/bloodmagic/anointment/hidden_knowledge.json, path: /data/bloodmagic/anointment/hidden_knowledge.json
[09Jul2025 23:45:32.139] [main/INFO] [STDOUT/]: [wayoftime.bloodmagic.core.AnointmentRegistrar:parseDefinition:133]: Attempting to load Anointment: union:/workspaces/WEA/servidor_minecraft/mods/bloodmagic-1.20.1-3.3.3-45.jar%23263!/data/bloodmagic/anointment/quick_draw.json, path: /data/bloodmagic/anointment/quick_draw.json
[09Jul2025 23:45:32.139] [main/INFO] [STDOUT/]: [wayoftime.bloodmagic.core.AnointmentRegistrar:parseDefinition:133]: Attempting to load Anointment: union:/workspaces/WEA/servidor_minecraft/mods/bloodmagic-1.20.1-3.3.3-45.jar%23263!/data/bloodmagic/anointment/bow_power.json, path: /data/bloodmagic/anointment/bow_power.json
[09Jul2025 23:45:32.140] [main/INFO] [STDOUT/]: [wayoftime.bloodmagic.core.AnointmentRegistrar:parseDefinition:133]: Attempting to load Anointment: union:/workspaces/WEA/servidor_minecraft/mods/bloodmagic-1.20.1-3.3.3-45.jar%23263!/data/bloodmagic/anointment/bow_velocity.json, path: /data/bloodmagic/anointment/bow_velocity.json
[09Jul2025 23:45:32.140] [main/INFO] [STDOUT/]: [wayoftime.bloodmagic.core.AnointmentRegistrar:parseDefinition:133]: Attempting to load Anointment: union:/workspaces/WEA/servidor_minecraft/mods/bloodmagic-1.20.1-3.3.3-45.jar%23263!/data/bloodmagic/anointment/repairing.json, path: /data/bloodmagic/anointment/repairing.json
[09Jul2025 23:45:32.147] [main/INFO] [STDOUT/]: [wayoftime.bloodmagic.core.LivingArmorRegistrar:parseDefinition:228]: Attempting to load Living Armour Upgrade: union:/workspaces/WEA/servidor_minecraft/mods/bloodmagic-1.20.1-3.3.3-45.jar%23263!/data/bloodmagic/living_armor/arrow_protect.json, path: /data/bloodmagic/living_armor/arrow_protect.json
[09Jul2025 23:45:32.152] [main/INFO] [STDOUT/]: [wayoftime.bloodmagic.core.LivingArmorRegistrar:parseDefinition:228]: Attempting to load Living Armour Upgrade: union:/workspaces/WEA/servidor_minecraft/mods/bloodmagic-1.20.1-3.3.3-45.jar%23263!/data/bloodmagic/living_armor/fall_protect.json, path: /data/bloodmagic/living_armor/fall_protect.json
[09Jul2025 23:45:32.153] [main/INFO] [STDOUT/]: [wayoftime.bloodmagic.core.LivingArmorRegistrar:parseDefinition:228]: Attempting to load Living Armour Upgrade: union:/workspaces/WEA/servidor_minecraft/mods/bloodmagic-1.20.1-3.3.3-45.jar%23263!/data/bloodmagic/living_armor/physical_protect.json, path: /data/bloodmagic/living_armor/physical_protect.json
[09Jul2025 23:45:32.153] [main/INFO] [STDOUT/]: [wayoftime.bloodmagic.core.LivingArmorRegistrar:parseDefinition:228]: Attempting to load Living Armour Upgrade: union:/workspaces/WEA/servidor_minecraft/mods/bloodmagic-1.20.1-3.3.3-45.jar%23263!/data/bloodmagic/living_armor/jump.json, path: /data/bloodmagic/living_armor/jump.json
[09Jul2025 23:45:32.154] [main/INFO] [STDOUT/]: [wayoftime.bloodmagic.core.LivingArmorRegistrar:parseDefinition:228]: Attempting to load Living Armour Upgrade: union:/workspaces/WEA/servidor_minecraft/mods/bloodmagic-1.20.1-3.3.3-45.jar%23263!/data/bloodmagic/living_armor/health.json, path: /data/bloodmagic/living_armor/health.json
[09Jul2025 23:45:32.155] [main/INFO] [STDOUT/]: [wayoftime.bloodmagic.core.LivingArmorRegistrar:parseDefinition:228]: Attempting to load Living Armour Upgrade: union:/workspaces/WEA/servidor_minecraft/mods/bloodmagic-1.20.1-3.3.3-45.jar%23263!/data/bloodmagic/living_armor/experienced.json, path: /data/bloodmagic/living_armor/experienced.json
[09Jul2025 23:45:32.155] [main/INFO] [STDOUT/]: [wayoftime.bloodmagic.core.LivingArmorRegistrar:parseDefinition:228]: Attempting to load Living Armour Upgrade: union:/workspaces/WEA/servidor_minecraft/mods/bloodmagic-1.20.1-3.3.3-45.jar%23263!/data/bloodmagic/living_armor/sprint_attack.json, path: /data/bloodmagic/living_armor/sprint_attack.json
[09Jul2025 23:45:32.156] [main/INFO] [STDOUT/]: [wayoftime.bloodmagic.core.LivingArmorRegistrar:parseDefinition:228]: Attempting to load Living Armour Upgrade: union:/workspaces/WEA/servidor_minecraft/mods/bloodmagic-1.20.1-3.3.3-45.jar%23263!/data/bloodmagic/living_armor/self_sacrifice.json, path: /data/bloodmagic/living_armor/self_sacrifice.json
[09Jul2025 23:45:32.156] [main/INFO] [STDOUT/]: [wayoftime.bloodmagic.core.LivingArmorRegistrar:parseDefinition:228]: Attempting to load Living Armour Upgrade: union:/workspaces/WEA/servidor_minecraft/mods/bloodmagic-1.20.1-3.3.3-45.jar%23263!/data/bloodmagic/living_armor/speed.json, path: /data/bloodmagic/living_armor/speed.json
[09Jul2025 23:45:32.157] [main/INFO] [STDOUT/]: [wayoftime.bloodmagic.core.LivingArmorRegistrar:parseDefinition:228]: Attempting to load Living Armour Upgrade: union:/workspaces/WEA/servidor_minecraft/mods/bloodmagic-1.20.1-3.3.3-45.jar%23263!/data/bloodmagic/living_armor/poison_resist.json, path: /data/bloodmagic/living_armor/poison_resist.json
[09Jul2025 23:45:32.158] [main/INFO] [STDOUT/]: [wayoftime.bloodmagic.core.LivingArmorRegistrar:parseDefinition:228]: Attempting to load Living Armour Upgrade: union:/workspaces/WEA/servidor_minecraft/mods/bloodmagic-1.20.1-3.3.3-45.jar%23263!/data/bloodmagic/living_armor/fire_resist.json, path: /data/bloodmagic/living_armor/fire_resist.json
[09Jul2025 23:45:32.158] [main/INFO] [STDOUT/]: [wayoftime.bloodmagic.core.LivingArmorRegistrar:parseDefinition:228]: Attempting to load Living Armour Upgrade: union:/workspaces/WEA/servidor_minecraft/mods/bloodmagic-1.20.1-3.3.3-45.jar%23263!/data/bloodmagic/living_armor/digging.json, path: /data/bloodmagic/living_armor/digging.json
[09Jul2025 23:45:32.158] [main/INFO] [STDOUT/]: [wayoftime.bloodmagic.core.LivingArmorRegistrar:parseDefinition:228]: Attempting to load Living Armour Upgrade: union:/workspaces/WEA/servidor_minecraft/mods/bloodmagic-1.20.1-3.3.3-45.jar%23263!/data/bloodmagic/living_armor/knockback_resist.json, path: /data/bloodmagic/living_armor/knockback_resist.json
[09Jul2025 23:45:32.159] [main/INFO] [STDOUT/]: [wayoftime.bloodmagic.core.LivingArmorRegistrar:parseDefinition:228]: Attempting to load Living Armour Upgrade: union:/workspaces/WEA/servidor_minecraft/mods/bloodmagic-1.20.1-3.3.3-45.jar%23263!/data/bloodmagic/living_armor/diamond_protect.json, path: /data/bloodmagic/living_armor/diamond_protect.json
[09Jul2025 23:45:32.160] [main/INFO] [STDOUT/]: [wayoftime.bloodmagic.core.LivingArmorRegistrar:parseDefinition:228]: Attempting to load Living Armour Upgrade: union:/workspaces/WEA/servidor_minecraft/mods/bloodmagic-1.20.1-3.3.3-45.jar%23263!/data/bloodmagic/living_armor/elytra.json, path: /data/bloodmagic/living_armor/elytra.json
[09Jul2025 23:45:32.160] [main/INFO] [STDOUT/]: [wayoftime.bloodmagic.core.LivingArmorRegistrar:parseDefinition:228]: Attempting to load Living Armour Upgrade: union:/workspaces/WEA/servidor_minecraft/mods/bloodmagic-1.20.1-3.3.3-45.jar%23263!/data/bloodmagic/living_armor/curios_socket.json, path: /data/bloodmagic/living_armor/curios_socket.json
[09Jul2025 23:45:32.160] [main/INFO] [STDOUT/]: [wayoftime.bloodmagic.core.LivingArmorRegistrar:parseDefinition:228]: Attempting to load Living Armour Upgrade: union:/workspaces/WEA/servidor_minecraft/mods/bloodmagic-1.20.1-3.3.3-45.jar%23263!/data/bloodmagic/living_armor/melee_damage.json, path: /data/bloodmagic/living_armor/melee_damage.json
[09Jul2025 23:45:32.161] [main/INFO] [STDOUT/]: [wayoftime.bloodmagic.core.LivingArmorRegistrar:parseDefinition:228]: Attempting to load Living Armour Upgrade: union:/workspaces/WEA/servidor_minecraft/mods/bloodmagic-1.20.1-3.3.3-45.jar%23263!/data/bloodmagic/living_armor/repair.json, path: /data/bloodmagic/living_armor/repair.json
[09Jul2025 23:45:32.161] [main/INFO] [STDOUT/]: [wayoftime.bloodmagic.core.LivingArmorRegistrar:parseDefinition:228]: Attempting to load Living Armour Upgrade: union:/workspaces/WEA/servidor_minecraft/mods/bloodmagic-1.20.1-3.3.3-45.jar%23263!/data/bloodmagic/living_armor/gilded.json, path: /data/bloodmagic/living_armor/gilded.json
[09Jul2025 23:45:32.162] [main/INFO] [STDOUT/]: [wayoftime.bloodmagic.core.LivingArmorRegistrar:parseDefinition:228]: Attempting to load Living Armour Upgrade: union:/workspaces/WEA/servidor_minecraft/mods/bloodmagic-1.20.1-3.3.3-45.jar%23263!/data/bloodmagic/living_armor/downgrade/quenched.json, path: /data/bloodmagic/living_armor/downgrade/quenched.json
[09Jul2025 23:45:32.162] [main/INFO] [STDOUT/]: [wayoftime.bloodmagic.core.LivingArmorRegistrar:parseDefinition:228]: Attempting to load Living Armour Upgrade: union:/workspaces/WEA/servidor_minecraft/mods/bloodmagic-1.20.1-3.3.3-45.jar%23263!/data/bloodmagic/living_armor/downgrade/storm_trooper.json, path: /data/bloodmagic/living_armor/downgrade/storm_trooper.json
[09Jul2025 23:45:32.162] [main/INFO] [STDOUT/]: [wayoftime.bloodmagic.core.LivingArmorRegistrar:parseDefinition:228]: Attempting to load Living Armour Upgrade: union:/workspaces/WEA/servidor_minecraft/mods/bloodmagic-1.20.1-3.3.3-45.jar%23263!/data/bloodmagic/living_armor/downgrade/battle_hungry.json, path: /data/bloodmagic/living_armor/downgrade/battle_hungry.json
[09Jul2025 23:45:32.163] [main/INFO] [STDOUT/]: [wayoftime.bloodmagic.core.LivingArmorRegistrar:parseDefinition:228]: Attempting to load Living Armour Upgrade: union:/workspaces/WEA/servidor_minecraft/mods/bloodmagic-1.20.1-3.3.3-45.jar%23263!/data/bloodmagic/living_armor/downgrade/melee_decrease.json, path: /data/bloodmagic/living_armor/downgrade/melee_decrease.json
[09Jul2025 23:45:32.164] [main/INFO] [STDOUT/]: [wayoftime.bloodmagic.core.LivingArmorRegistrar:parseDefinition:228]: Attempting to load Living Armour Upgrade: union:/workspaces/WEA/servidor_minecraft/mods/bloodmagic-1.20.1-3.3.3-45.jar%23263!/data/bloodmagic/living_armor/downgrade/dig_slowdown.json, path: /data/bloodmagic/living_armor/downgrade/dig_slowdown.json
[09Jul2025 23:45:32.164] [main/INFO] [STDOUT/]: [wayoftime.bloodmagic.core.LivingArmorRegistrar:parseDefinition:228]: Attempting to load Living Armour Upgrade: union:/workspaces/WEA/servidor_minecraft/mods/bloodmagic-1.20.1-3.3.3-45.jar%23263!/data/bloodmagic/living_armor/downgrade/slow_heal.json, path: /data/bloodmagic/living_armor/downgrade/slow_heal.json
[09Jul2025 23:45:32.165] [main/INFO] [STDOUT/]: [wayoftime.bloodmagic.core.LivingArmorRegistrar:parseDefinition:228]: Attempting to load Living Armour Upgrade: union:/workspaces/WEA/servidor_minecraft/mods/bloodmagic-1.20.1-3.3.3-45.jar%23263!/data/bloodmagic/living_armor/downgrade/crippled_arm.json, path: /data/bloodmagic/living_armor/downgrade/crippled_arm.json
[09Jul2025 23:45:32.165] [main/INFO] [STDOUT/]: [wayoftime.bloodmagic.core.LivingArmorRegistrar:parseDefinition:228]: Attempting to load Living Armour Upgrade: union:/workspaces/WEA/servidor_minecraft/mods/bloodmagic-1.20.1-3.3.3-45.jar%23263!/data/bloodmagic/living_armor/downgrade/swim_decrease.json, path: /data/bloodmagic/living_armor/downgrade/swim_decrease.json
[09Jul2025 23:45:32.165] [main/INFO] [STDOUT/]: [wayoftime.bloodmagic.core.LivingArmorRegistrar:parseDefinition:228]: Attempting to load Living Armour Upgrade: union:/workspaces/WEA/servidor_minecraft/mods/bloodmagic-1.20.1-3.3.3-45.jar%23263!/data/bloodmagic/living_armor/downgrade/speed_decrease.json, path: /data/bloodmagic/living_armor/downgrade/speed_decrease.json
[09Jul2025 23:45:32.199] [main/INFO] [ModdingLegacy/StructureGel/]: [structure_gel] Registering data for structure_gel:loot_table_alias
[09Jul2025 23:45:32.212] [main/INFO] [ModdingLegacy/StructureGel/]: [structure_gel] Registering data for structure_gel:data_handler_type
[09Jul2025 23:45:32.214] [main/INFO] [ModdingLegacy/StructureGel/]: [structure_gel] Registering data for structure_gel:dynamic_spawner
[09Jul2025 23:45:32.216] [main/INFO] [ModdingLegacy/StructureGel/]: [structure_gel] Registering data for structure_gel:jigsaw_type
[09Jul2025 23:45:32.514] [main/WARN] [net.minecraft.network.syncher.SynchedEntityData/]: defineId called for: class net.mcreator.borninchaosv.entity.BabySpiderEntity from class net.mcreator.borninchaosv.entity.MotherSpiderEntity
[09Jul2025 23:45:32.786] [main/WARN] [net.minecraftforge.common.ForgeConfigSpec/CORE]: Configuration file /workspaces/WEA/servidor_minecraft/config/guardvillagers-common.toml is not correct. Correcting
[09Jul2025 23:45:32.798] [main/INFO] [com.tom.storagemod.StorageMod/]: Loaded Tom's Simple Storage config file toms_storage-common.toml
[09Jul2025 23:45:32.894] [Thread-1/INFO] [ModernFix/]: Please use /mfsrc to reload any changed mod config files
[09Jul2025 23:45:33.014] [main/INFO] [Spartan Shields/]: Loading config spartanshields-common.toml
[09Jul2025 23:45:33.212] [modloading-worker-0/INFO] [Better Compatibility Checker/]: Better Compatibility Checker setup
[09Jul2025 23:45:33.239] [modloading-worker-0/INFO] [com.tom.storagemod.StorageMod/]: Tom's Storage Setup starting
[09Jul2025 23:45:33.245] [modloading-worker-0/INFO] [com.tom.storagemod.StorageMod/]: Initilaized Network Handler
[09Jul2025 23:45:33.317] [modloading-worker-0/INFO] [com.github.nyuppo.MoreMobVariants/]: Giving mobs a fresh coat of paint...
[09Jul2025 23:45:33.318] [modloading-worker-0/INFO] [com.recipeessentials.RecipeEssentials/]: recipeessentials mod initialized
[09Jul2025 23:45:33.319] [modloading-worker-0/INFO] [com.connectivity.Connectivity/]: Connectivity initialized
[09Jul2025 23:45:33.324] [modloading-worker-0/INFO] [com.gpumemleakfix.Gpumemleakfix/]: gpumemleakfix mod initialized
[09Jul2025 23:45:33.325] [modloading-worker-0/INFO] [com.structureessentials.StructureEssentials/]: structureessentials mod initialized
[09Jul2025 23:45:33.354] [Forge Version Check/INFO] [net.minecraftforge.fml.VersionChecker/]: [guardvillagers] Starting version check at https://raw.githubusercontent.com/seymourimadeit/guardvillagers/master/update.json
[09Jul2025 23:45:33.479] [modloading-worker-0/INFO] [Spartan Shields/]: Setting up Spartan Shields!
[09Jul2025 23:45:33.535] [Forge Version Check/INFO] [net.minecraftforge.fml.VersionChecker/]: [guardvillagers] Found status: BETA Current: 1.20.1-1.6.10 Target: 1.20-1.6.5
[09Jul2025 23:45:33.536] [Forge Version Check/INFO] [net.minecraftforge.fml.VersionChecker/]: [ctov] Starting version check at https://api.modrinth.com/updates/fgmhI8kH/forge_updates.json
[09Jul2025 23:45:33.577] [modloading-worker-0/ERROR] [improvedmobs/]: No items with following names exist: [ars_nouveau:enchanters_sword, ars_nouveau:spell_bow, ars_nouveau:spell_crossbow, dungeonnowloading:life_stealer, dungeonnowloading:spawner_sword, ars_nouveau:enchanters_shield, ars_nouveau:arcanist_boots, ars_nouveau:battlemage_boots, ars_nouveau:sorcerer_boots, dungeonnowloading:spawner_boots, ars_nouveau:arcanist_leggings, ars_nouveau:battlemage_leggings, ars_nouveau:sorcerer_leggings, dungeonnowloading:spawner_leggings, ars_nouveau:arcanist_robes, ars_nouveau:battlemage_robes, ars_nouveau:sorcerer_robes, dungeonnowloading:spawner_chestplate, ars_nouveau:arcanist_hood, ars_nouveau:battlemage_hood, ars_nouveau:sorcerer_hood, dungeonnowloading:spawner_helmet]
[09Jul2025 23:45:33.633] [main/INFO] [terrablender/]: Registered region minecraft:overworld to index 0 for type OVERWORLD
[09Jul2025 23:45:33.634] [main/INFO] [terrablender/]: Registered region minecraft:nether to index 0 for type NETHER
[09Jul2025 23:45:33.634] [main/INFO] [terrablender/]: Registered region biomesoplenty:overworld_primary to index 1 for type OVERWORLD
[09Jul2025 23:45:33.634] [main/INFO] [terrablender/]: Registered region biomesoplenty:overworld_secondary to index 2 for type OVERWORLD
[09Jul2025 23:45:33.634] [main/INFO] [terrablender/]: Registered region biomesoplenty:overworld_rare to index 3 for type OVERWORLD
[09Jul2025 23:45:33.634] [main/INFO] [terrablender/]: Registered region biomesoplenty:nether_common to index 1 for type NETHER
[09Jul2025 23:45:33.634] [main/INFO] [terrablender/]: Registered region biomesoplenty:nether_rare to index 2 for type NETHER
[09Jul2025 23:45:33.659] [Forge Version Check/INFO] [net.minecraftforge.fml.VersionChecker/]: [ctov] Found status: UP_TO_DATE Current: 3.4.14 Target: null
[09Jul2025 23:45:33.659] [Forge Version Check/INFO] [net.minecraftforge.fml.VersionChecker/]: [structure_gel] Starting version check at http://changelogs.moddinglegacy.com/structure-gel.json
[09Jul2025 23:45:33.671] [main/INFO] [zeta/]: Common setup: Performing initial refresh of zeta's config on thread 'main'
[09Jul2025 23:45:33.672] [main/INFO] [zeta/]: 'zeta' is enabling Zeta's piston structure resolver.
[09Jul2025 23:45:33.673] [main/INFO] [zeta/]: Waiting for server start before accepting filewatcher changes to zeta's config
[09Jul2025 23:45:33.696] [main/INFO] [com.eeeab.eeeabsmobs.EEEABMobs/]: Starting to register Curios item...
[09Jul2025 23:45:33.782] [main/INFO] [Framework/SYNCED_ENTITY_DATA]: Registered synced data key refurbished_furniture:lock_yaw for refurbished_furniture:seat
[09Jul2025 23:45:33.961] [Forge Version Check/INFO] [net.minecraftforge.fml.VersionChecker/]: [structure_gel] Found status: BETA Current: 2.16.2 Target: null
[09Jul2025 23:45:33.962] [Forge Version Check/INFO] [net.minecraftforge.fml.VersionChecker/]: [gml] Starting version check at https://maven.moddinginquisition.org/releases/org/groovymc/gml/gml/forge-promotions.json
[09Jul2025 23:45:33.970] [main/INFO] [Moonlight/]: Initialized color sets in 84ms
[09Jul2025 23:45:33.998] [main/INFO] [terrablender/]: Registered region quark:biome_provider to index 4 for type OVERWORLD
[09Jul2025 23:45:33.999] [main/INFO] [quark-zeta/]: Common setup: Performing initial refresh of quark's config on thread 'main'
[09Jul2025 23:45:34.013] [main/INFO] [quark-zeta/]: Waiting for server start before accepting filewatcher changes to quark's config
[09Jul2025 23:45:34.063] [main/INFO] [Supplementaries/]: Finished mod setup in: [24, 3, 0, 1, 0, 0, 10, 8, 0] ms
[09Jul2025 23:45:34.189] [modloading-worker-0/INFO] [xaero.minimap.XaeroMinimap/]: Loading Xaero's Minimap - Stage 1/2 (Server)
[09Jul2025 23:45:34.189] [modloading-worker-0/INFO] [xaero.map.server.WorldMapServer/]: Loading Xaero's World Map - Stage 1/2 (Server)
[09Jul2025 23:45:34.213] [main/INFO] [xaero.map.server.WorldMapServer/]: Loading Xaero's World Map - Stage 2/2 (Server)
[09Jul2025 23:45:34.214] [main/INFO] [xaero.minimap.XaeroMinimap/]: Loading Xaero's Minimap - Stage 2/2 (Server)
[09Jul2025 23:45:34.393] [Forge Version Check/INFO] [net.minecraftforge.fml.VersionChecker/]: [gml] Found status: BETA Current: 4.0.11 Target: null
[09Jul2025 23:45:34.393] [Forge Version Check/INFO] [net.minecraftforge.fml.VersionChecker/]: [searchables] Starting version check at https://updates.blamejared.com/get?n=searchables&gv=1.20.1
[09Jul2025 23:45:34.396] [modloading-worker-0/INFO] [io.redspace.ironsspellbooks.IronsSpellbooks/]: Got IMC []
[09Jul2025 23:45:34.498] [modloading-worker-0/INFO] [com.eeeab.eeeabsmobs.EEEABMobs/]: Registering custom criteria trigger...
[09Jul2025 23:45:34.501] [modloading-worker-0/INFO] [AttributeFix/]: Loaded values for 60 compatible attributes.
[09Jul2025 23:45:34.505] [modloading-worker-0/ERROR] [AttributeFix/]: Attribute ID 'ars_nouveau:ars_nouveau.perk.saturation' does not belong to a known attribute. This entry will be ignored.
[09Jul2025 23:45:34.508] [modloading-worker-0/ERROR] [AttributeFix/]: Attribute ID 'ars_nouveau:ars_nouveau.perk.wixie' does not belong to a known attribute. This entry will be ignored.
[09Jul2025 23:45:34.508] [modloading-worker-0/ERROR] [AttributeFix/]: Attribute ID 'ars_nouveau:ars_nouveau.perk.mana_regen' does not belong to a known attribute. This entry will be ignored.
[09Jul2025 23:45:34.508] [modloading-worker-0/ERROR] [AttributeFix/]: Attribute ID 'ars_nouveau:ars_nouveau.perk.feather' does not belong to a known attribute. This entry will be ignored.
[09Jul2025 23:45:34.508] [modloading-worker-0/ERROR] [AttributeFix/]: Attribute ID 'ars_nouveau:ars_nouveau.perk.max_mana' does not belong to a known attribute. This entry will be ignored.
[09Jul2025 23:45:34.508] [modloading-worker-0/ERROR] [AttributeFix/]: Attribute ID 'ars_nouveau:ars_nouveau.perk.spell_damage' does not belong to a known attribute. This entry will be ignored.
[09Jul2025 23:45:34.509] [modloading-worker-0/ERROR] [AttributeFix/]: Attribute ID 'ars_nouveau:ars_nouveau.perk.warding' does not belong to a known attribute. This entry will be ignored.
[09Jul2025 23:45:34.509] [modloading-worker-0/INFO] [AttributeFix/]: Loaded 67 values from config.
[09Jul2025 23:45:34.529] [modloading-worker-0/INFO] [AttributeFix/]: Saving config file. 67 entries.
[09Jul2025 23:45:34.532] [modloading-worker-0/INFO] [AttributeFix/]: Applying changes for 67 attributes.
[09Jul2025 23:45:34.753] [Forge Version Check/INFO] [net.minecraftforge.fml.VersionChecker/]: [searchables] Found status: BETA Current: 1.0.3 Target: 1.0.3
[09Jul2025 23:45:34.753] [Forge Version Check/INFO] [net.minecraftforge.fml.VersionChecker/]: [mr_dungeons_andtaverns] Starting version check at https://api.modrinth.com/updates/tpehi7ww/forge_updates.json
[09Jul2025 23:45:34.802] [Forge Version Check/INFO] [net.minecraftforge.fml.VersionChecker/]: [mr_dungeons_andtaverns] Found status: OUTDATED Current: 3.0.3.f Target: 3.0.3.f+mod
[09Jul2025 23:45:34.802] [Forge Version Check/INFO] [net.minecraftforge.fml.VersionChecker/]: [tombstone] Starting version check at https://raw.githubusercontent.com/Corail31/tombstone_lite/master/update.json
[09Jul2025 23:45:34.811] [Forge Version Check/INFO] [net.minecraftforge.fml.VersionChecker/]: [tombstone] Found status: OUTDATED Current: 8.9.6 Target: 9.0.2
[09Jul2025 23:45:34.811] [Forge Version Check/INFO] [net.minecraftforge.fml.VersionChecker/]: [toms_storage] Starting version check at https://raw.githubusercontent.com/tom5454/Toms-Storage/master/version-check.json
[09Jul2025 23:45:34.822] [Forge Version Check/INFO] [net.minecraftforge.fml.VersionChecker/]: [toms_storage] Found status: BETA Current: 1.7.1 Target: 1.7.1
[09Jul2025 23:45:34.822] [Forge Version Check/INFO] [net.minecraftforge.fml.VersionChecker/]: [enchantinginfuser] Starting version check at https://raw.githubusercontent.com/Fuzss/modresources/main/update/enchantinginfuser.json
[09Jul2025 23:45:34.832] [Forge Version Check/INFO] [net.minecraftforge.fml.VersionChecker/]: [enchantinginfuser] Found status: UP_TO_DATE Current: 8.0.3 Target: null
[09Jul2025 23:45:34.833] [Forge Version Check/INFO] [net.minecraftforge.fml.VersionChecker/]: [radium] Starting version check at https://api.modrinth.com/updates/radium/forge_updates.json
[09Jul2025 23:45:34.866] [Forge Version Check/INFO] [net.minecraftforge.fml.VersionChecker/]: [radium] Found status: AHEAD Current: 0.12.4+git.26c9d8e Target: null
[09Jul2025 23:45:34.867] [Forge Version Check/INFO] [net.minecraftforge.fml.VersionChecker/]: [visualworkbench] Starting version check at https://raw.githubusercontent.com/Fuzss/modresources/main/update/visualworkbench.json
[09Jul2025 23:45:34.876] [Forge Version Check/INFO] [net.minecraftforge.fml.VersionChecker/]: [visualworkbench] Found status: UP_TO_DATE Current: 8.0.0 Target: null
[09Jul2025 23:45:34.877] [Forge Version Check/INFO] [net.minecraftforge.fml.VersionChecker/]: [attributefix] Starting version check at https://updates.blamejared.com/get?n=attributefix&gv=1.20.1
[09Jul2025 23:45:34.942] [main/ERROR] [net.minecraft.Util/]: Entity illageandspillage:bone has no attributes
[09Jul2025 23:45:34.942] [main/ERROR] [net.minecraft.Util/]: Entity illageandspillage:axe has no attributes
[09Jul2025 23:45:34.943] [main/ERROR] [net.minecraft.Util/]: Entity illageandspillage:bone has no attributes
[09Jul2025 23:45:34.943] [main/ERROR] [net.minecraft.Util/]: Entity illageandspillage:axe has no attributes
[09Jul2025 23:45:34.943] [main/ERROR] [net.minecraft.Util/]: Entity illageandspillage:bone has no attributes
[09Jul2025 23:45:34.943] [main/ERROR] [net.minecraft.Util/]: Entity illageandspillage:axe has no attributes
[09Jul2025 23:45:34.944] [main/ERROR] [net.minecraft.Util/]: Entity illageandspillage:bone has no attributes
[09Jul2025 23:45:34.944] [main/ERROR] [net.minecraft.Util/]: Entity illageandspillage:axe has no attributes
[09Jul2025 23:45:34.944] [main/ERROR] [net.minecraft.Util/]: Entity illageandspillage:bone has no attributes
[09Jul2025 23:45:34.944] [main/ERROR] [net.minecraft.Util/]: Entity illageandspillage:axe has no attributes
[09Jul2025 23:45:34.945] [main/ERROR] [net.minecraft.Util/]: Entity illageandspillage:bone has no attributes
[09Jul2025 23:45:34.945] [main/ERROR] [net.minecraft.Util/]: Entity illageandspillage:axe has no attributes
[09Jul2025 23:45:34.945] [main/ERROR] [net.minecraft.Util/]: Entity illageandspillage:bone has no attributes
[09Jul2025 23:45:34.945] [main/ERROR] [net.minecraft.Util/]: Entity illageandspillage:axe has no attributes
[09Jul2025 23:45:34.946] [main/ERROR] [net.minecraft.Util/]: Entity illageandspillage:bone has no attributes
[09Jul2025 23:45:34.946] [main/ERROR] [net.minecraft.Util/]: Entity illageandspillage:axe has no attributes
[09Jul2025 23:45:34.946] [main/ERROR] [net.minecraft.Util/]: Entity illageandspillage:bone has no attributes
[09Jul2025 23:45:34.946] [main/ERROR] [net.minecraft.Util/]: Entity illageandspillage:axe has no attributes
[09Jul2025 23:45:34.947] [main/ERROR] [net.minecraft.Util/]: Entity illageandspillage:bone has no attributes
[09Jul2025 23:45:34.947] [main/ERROR] [net.minecraft.Util/]: Entity illageandspillage:axe has no attributes
[09Jul2025 23:45:34.947] [main/ERROR] [net.minecraft.Util/]: Entity illageandspillage:bone has no attributes
[09Jul2025 23:45:34.947] [main/ERROR] [net.minecraft.Util/]: Entity illageandspillage:axe has no attributes
[09Jul2025 23:45:34.948] [main/ERROR] [net.minecraft.Util/]: Entity illageandspillage:bone has no attributes
[09Jul2025 23:45:34.948] [main/ERROR] [net.minecraft.Util/]: Entity illageandspillage:axe has no attributes
[09Jul2025 23:45:34.948] [main/ERROR] [net.minecraft.Util/]: Entity illageandspillage:bone has no attributes
[09Jul2025 23:45:34.948] [main/ERROR] [net.minecraft.Util/]: Entity illageandspillage:axe has no attributes
[09Jul2025 23:45:34.949] [main/ERROR] [net.minecraft.Util/]: Entity illageandspillage:bone has no attributes
[09Jul2025 23:45:34.949] [main/ERROR] [net.minecraft.Util/]: Entity illageandspillage:axe has no attributes
[09Jul2025 23:45:34.949] [main/ERROR] [net.minecraft.Util/]: Entity illageandspillage:bone has no attributes
[09Jul2025 23:45:34.949] [main/ERROR] [net.minecraft.Util/]: Entity illageandspillage:axe has no attributes
[09Jul2025 23:45:34.950] [main/ERROR] [net.minecraft.Util/]: Entity illageandspillage:bone has no attributes
[09Jul2025 23:45:34.950] [main/ERROR] [net.minecraft.Util/]: Entity illageandspillage:axe has no attributes
[09Jul2025 23:45:34.950] [main/ERROR] [net.minecraft.Util/]: Entity illageandspillage:bone has no attributes
[09Jul2025 23:45:34.950] [main/ERROR] [net.minecraft.Util/]: Entity illageandspillage:axe has no attributes
[09Jul2025 23:45:34.951] [main/ERROR] [net.minecraft.Util/]: Entity illageandspillage:bone has no attributes
[09Jul2025 23:45:34.951] [main/ERROR] [net.minecraft.Util/]: Entity illageandspillage:axe has no attributes
[09Jul2025 23:45:34.951] [main/ERROR] [net.minecraft.Util/]: Entity illageandspillage:bone has no attributes
[09Jul2025 23:45:34.951] [main/ERROR] [net.minecraft.Util/]: Entity illageandspillage:axe has no attributes
[09Jul2025 23:45:34.951] [main/ERROR] [net.minecraft.Util/]: Entity illageandspillage:bone has no attributes
[09Jul2025 23:45:34.952] [main/ERROR] [net.minecraft.Util/]: Entity illageandspillage:axe has no attributes
[09Jul2025 23:45:34.952] [main/ERROR] [net.minecraft.Util/]: Entity illageandspillage:bone has no attributes
[09Jul2025 23:45:34.952] [main/ERROR] [net.minecraft.Util/]: Entity illageandspillage:axe has no attributes
[09Jul2025 23:45:34.952] [main/ERROR] [net.minecraft.Util/]: Entity illageandspillage:bone has no attributes
[09Jul2025 23:45:34.952] [main/ERROR] [net.minecraft.Util/]: Entity illageandspillage:axe has no attributes
[09Jul2025 23:45:34.953] [main/ERROR] [net.minecraft.Util/]: Entity illageandspillage:bone has no attributes
[09Jul2025 23:45:34.953] [main/ERROR] [net.minecraft.Util/]: Entity illageandspillage:axe has no attributes
[09Jul2025 23:45:34.953] [main/ERROR] [net.minecraft.Util/]: Entity illageandspillage:bone has no attributes
[09Jul2025 23:45:34.953] [main/ERROR] [net.minecraft.Util/]: Entity illageandspillage:axe has no attributes
[09Jul2025 23:45:34.954] [main/ERROR] [net.minecraft.Util/]: Entity illageandspillage:bone has no attributes
[09Jul2025 23:45:34.954] [main/ERROR] [net.minecraft.Util/]: Entity illageandspillage:axe has no attributes
[09Jul2025 23:45:34.954] [main/ERROR] [net.minecraft.Util/]: Entity illageandspillage:bone has no attributes
[09Jul2025 23:45:34.954] [main/ERROR] [net.minecraft.Util/]: Entity illageandspillage:axe has no attributes
[09Jul2025 23:45:34.955] [main/ERROR] [net.minecraft.Util/]: Entity illageandspillage:bone has no attributes
[09Jul2025 23:45:34.955] [main/ERROR] [net.minecraft.Util/]: Entity illageandspillage:axe has no attributes
[09Jul2025 23:45:34.955] [main/ERROR] [net.minecraft.Util/]: Entity illageandspillage:bone has no attributes
[09Jul2025 23:45:34.955] [main/ERROR] [net.minecraft.Util/]: Entity illageandspillage:axe has no attributes
[09Jul2025 23:45:34.955] [main/ERROR] [net.minecraft.Util/]: Entity illageandspillage:bone has no attributes
[09Jul2025 23:45:34.956] [main/ERROR] [net.minecraft.Util/]: Entity illageandspillage:axe has no attributes
[09Jul2025 23:45:34.956] [main/ERROR] [net.minecraft.Util/]: Entity illageandspillage:bone has no attributes
[09Jul2025 23:45:34.956] [main/ERROR] [net.minecraft.Util/]: Entity illageandspillage:axe has no attributes
[09Jul2025 23:45:34.956] [main/ERROR] [net.minecraft.Util/]: Entity illageandspillage:bone has no attributes
[09Jul2025 23:45:34.956] [main/ERROR] [net.minecraft.Util/]: Entity illageandspillage:axe has no attributes
[09Jul2025 23:45:34.956] [main/ERROR] [net.minecraft.Util/]: Entity illageandspillage:bone has no attributes
[09Jul2025 23:45:34.956] [main/ERROR] [net.minecraft.Util/]: Entity illageandspillage:axe has no attributes
[09Jul2025 23:45:34.957] [main/ERROR] [net.minecraft.Util/]: Entity illageandspillage:bone has no attributes
[09Jul2025 23:45:34.957] [main/ERROR] [net.minecraft.Util/]: Entity illageandspillage:axe has no attributes
[09Jul2025 23:45:34.957] [main/ERROR] [net.minecraft.Util/]: Entity illageandspillage:bone has no attributes
[09Jul2025 23:45:34.957] [main/ERROR] [net.minecraft.Util/]: Entity illageandspillage:axe has no attributes
[09Jul2025 23:45:34.957] [main/ERROR] [net.minecraft.Util/]: Entity illageandspillage:bone has no attributes
[09Jul2025 23:45:34.957] [main/ERROR] [net.minecraft.Util/]: Entity illageandspillage:axe has no attributes
[09Jul2025 23:45:34.958] [main/ERROR] [net.minecraft.Util/]: Entity illageandspillage:bone has no attributes
[09Jul2025 23:45:34.958] [main/ERROR] [net.minecraft.Util/]: Entity illageandspillage:axe has no attributes
[09Jul2025 23:45:34.958] [main/ERROR] [net.minecraft.Util/]: Entity illageandspillage:bone has no attributes
[09Jul2025 23:45:34.958] [main/ERROR] [net.minecraft.Util/]: Entity illageandspillage:axe has no attributes
[09Jul2025 23:45:34.958] [main/ERROR] [net.minecraft.Util/]: Entity illageandspillage:bone has no attributes
[09Jul2025 23:45:34.958] [main/ERROR] [net.minecraft.Util/]: Entity illageandspillage:axe has no attributes
[09Jul2025 23:45:34.958] [main/ERROR] [net.minecraft.Util/]: Entity illageandspillage:bone has no attributes
[09Jul2025 23:45:34.959] [main/ERROR] [net.minecraft.Util/]: Entity illageandspillage:axe has no attributes
[09Jul2025 23:45:34.959] [main/ERROR] [net.minecraft.Util/]: Entity illageandspillage:bone has no attributes
[09Jul2025 23:45:34.959] [main/ERROR] [net.minecraft.Util/]: Entity illageandspillage:axe has no attributes
[09Jul2025 23:45:34.959] [main/ERROR] [net.minecraft.Util/]: Entity illageandspillage:bone has no attributes
[09Jul2025 23:45:34.960] [main/ERROR] [net.minecraft.Util/]: Entity illageandspillage:axe has no attributes
[09Jul2025 23:45:34.960] [main/ERROR] [net.minecraft.Util/]: Entity illageandspillage:bone has no attributes
[09Jul2025 23:45:34.960] [main/ERROR] [net.minecraft.Util/]: Entity illageandspillage:axe has no attributes
[09Jul2025 23:45:34.960] [main/ERROR] [net.minecraft.Util/]: Entity illageandspillage:bone has no attributes
[09Jul2025 23:45:34.960] [main/ERROR] [net.minecraft.Util/]: Entity illageandspillage:axe has no attributes
[09Jul2025 23:45:34.961] [main/ERROR] [net.minecraft.Util/]: Entity illageandspillage:bone has no attributes
[09Jul2025 23:45:34.961] [main/ERROR] [net.minecraft.Util/]: Entity illageandspillage:axe has no attributes
[09Jul2025 23:45:34.961] [main/ERROR] [net.minecraft.Util/]: Entity illageandspillage:bone has no attributes
[09Jul2025 23:45:34.961] [main/ERROR] [net.minecraft.Util/]: Entity illageandspillage:axe has no attributes
[09Jul2025 23:45:34.962] [main/ERROR] [net.minecraft.Util/]: Entity illageandspillage:bone has no attributes
[09Jul2025 23:45:34.962] [main/ERROR] [net.minecraft.Util/]: Entity illageandspillage:axe has no attributes
[09Jul2025 23:45:34.962] [main/ERROR] [net.minecraft.Util/]: Entity illageandspillage:bone has no attributes
[09Jul2025 23:45:34.962] [main/ERROR] [net.minecraft.Util/]: Entity illageandspillage:axe has no attributes
[09Jul2025 23:45:34.962] [main/ERROR] [net.minecraft.Util/]: Entity illageandspillage:bone has no attributes
[09Jul2025 23:45:34.963] [main/ERROR] [net.minecraft.Util/]: Entity illageandspillage:axe has no attributes
[09Jul2025 23:45:34.963] [main/ERROR] [net.minecraft.Util/]: Entity illageandspillage:bone has no attributes
[09Jul2025 23:45:34.963] [main/ERROR] [net.minecraft.Util/]: Entity illageandspillage:axe has no attributes
[09Jul2025 23:45:34.963] [main/ERROR] [net.minecraft.Util/]: Entity illageandspillage:bone has no attributes
[09Jul2025 23:45:34.963] [main/ERROR] [net.minecraft.Util/]: Entity illageandspillage:axe has no attributes
[09Jul2025 23:45:34.964] [main/ERROR] [net.minecraft.Util/]: Entity illageandspillage:bone has no attributes
[09Jul2025 23:45:34.964] [main/ERROR] [net.minecraft.Util/]: Entity illageandspillage:axe has no attributes
[09Jul2025 23:45:34.964] [main/ERROR] [net.minecraft.Util/]: Entity illageandspillage:bone has no attributes
[09Jul2025 23:45:34.964] [main/ERROR] [net.minecraft.Util/]: Entity illageandspillage:axe has no attributes
[09Jul2025 23:45:34.965] [main/ERROR] [net.minecraft.Util/]: Entity illageandspillage:bone has no attributes
[09Jul2025 23:45:34.965] [main/ERROR] [net.minecraft.Util/]: Entity illageandspillage:axe has no attributes
[09Jul2025 23:45:34.965] [main/ERROR] [net.minecraft.Util/]: Entity illageandspillage:bone has no attributes
[09Jul2025 23:45:34.965] [main/ERROR] [net.minecraft.Util/]: Entity illageandspillage:axe has no attributes
[09Jul2025 23:45:34.966] [main/ERROR] [net.minecraft.Util/]: Entity illageandspillage:bone has no attributes
[09Jul2025 23:45:34.966] [main/ERROR] [net.minecraft.Util/]: Entity illageandspillage:axe has no attributes
[09Jul2025 23:45:34.966] [main/ERROR] [net.minecraft.Util/]: Entity illageandspillage:bone has no attributes
[09Jul2025 23:45:34.966] [main/ERROR] [net.minecraft.Util/]: Entity illageandspillage:axe has no attributes
[09Jul2025 23:45:34.966] [main/ERROR] [net.minecraft.Util/]: Entity illageandspillage:bone has no attributes
[09Jul2025 23:45:34.967] [main/ERROR] [net.minecraft.Util/]: Entity illageandspillage:axe has no attributes
[09Jul2025 23:45:34.967] [main/ERROR] [net.minecraft.Util/]: Entity illageandspillage:bone has no attributes
[09Jul2025 23:45:34.967] [main/ERROR] [net.minecraft.Util/]: Entity illageandspillage:axe has no attributes
[09Jul2025 23:45:34.967] [main/ERROR] [net.minecraft.Util/]: Entity illageandspillage:bone has no attributes
[09Jul2025 23:45:34.968] [main/ERROR] [net.minecraft.Util/]: Entity illageandspillage:axe has no attributes
[09Jul2025 23:45:34.968] [main/ERROR] [net.minecraft.Util/]: Entity illageandspillage:bone has no attributes
[09Jul2025 23:45:34.968] [main/ERROR] [net.minecraft.Util/]: Entity illageandspillage:axe has no attributes
[09Jul2025 23:45:34.979] [Forge Version Check/INFO] [net.minecraftforge.fml.VersionChecker/]: [attributefix] Found status: BETA Current: 21.0.4 Target: 21.0.4
[09Jul2025 23:45:34.979] [Forge Version Check/INFO] [net.minecraftforge.fml.VersionChecker/]: [puzzlesaccessapi] Starting version check at https://raw.githubusercontent.com/Fuzss/modresources/main/update/puzzlesaccessapi.json
[09Jul2025 23:45:34.989] [Forge Version Check/INFO] [net.minecraftforge.fml.VersionChecker/]: [puzzlesaccessapi] Found status: BETA Current: 20.1.1 Target: null
[09Jul2025 23:45:34.989] [Forge Version Check/INFO] [net.minecraftforge.fml.VersionChecker/]: [forge] Starting version check at https://files.minecraftforge.net/net/minecraftforge/forge/promotions_slim.json
[09Jul2025 23:45:35.080] [Forge Version Check/INFO] [net.minecraftforge.fml.VersionChecker/]: [forge] Found status: OUTDATED Current: 47.3.33 Target: 47.4.0
[09Jul2025 23:45:35.081] [Forge Version Check/INFO] [net.minecraftforge.fml.VersionChecker/]: [puzzleslib] Starting version check at https://raw.githubusercontent.com/Fuzss/modresources/main/update/puzzleslib.json
[09Jul2025 23:45:35.091] [Forge Version Check/INFO] [net.minecraftforge.fml.VersionChecker/]: [puzzleslib] Found status: UP_TO_DATE Current: 8.1.32 Target: null
[09Jul2025 23:45:35.092] [Forge Version Check/INFO] [net.minecraftforge.fml.VersionChecker/]: [bookshelf] Starting version check at https://updates.blamejared.com/get?n=bookshelf&gv=1.20.1
[09Jul2025 23:45:35.199] [Forge Version Check/INFO] [net.minecraftforge.fml.VersionChecker/]: [bookshelf] Found status: BETA Current: 20.2.13 Target: 20.2.13
[09Jul2025 23:45:35.200] [Forge Version Check/INFO] [net.minecraftforge.fml.VersionChecker/]: [twilightforest] Starting version check at https://gh.tamaized.com/TeamTwilight/twilightforest/update.json
[09Jul2025 23:45:35.309] [Forge Version Check/INFO] [net.minecraftforge.fml.VersionChecker/]: [twilightforest] Found status: AHEAD Current: 4.3.2508 Target: null
[09Jul2025 23:45:35.309] [Forge Version Check/INFO] [net.minecraftforge.fml.VersionChecker/]: [diagonalwalls] Starting version check at https://raw.githubusercontent.com/Fuzss/modresources/main/update/diagonalwalls.json
[09Jul2025 23:45:35.319] [Forge Version Check/INFO] [net.minecraftforge.fml.VersionChecker/]: [diagonalwalls] Found status: UP_TO_DATE Current: 8.0.4 Target: null
[09Jul2025 23:45:35.319] [Forge Version Check/INFO] [net.minecraftforge.fml.VersionChecker/]: [diagonalblocks] Starting version check at https://raw.githubusercontent.com/Fuzss/modresources/main/update/diagonalblocks.json
[09Jul2025 23:45:35.328] [Forge Version Check/INFO] [net.minecraftforge.fml.VersionChecker/]: [diagonalblocks] Found status: BETA Current: 8.0.6 Target: null
[09Jul2025 23:45:35.329] [Forge Version Check/INFO] [net.minecraftforge.fml.VersionChecker/]: [dungeons_enhanced] Starting version check at https://raw.githubusercontent.com/Ametrin-Studios/DungeonsEnhanced/refs/heads/master/update.json
[09Jul2025 23:45:35.342] [Forge Version Check/INFO] [net.minecraftforge.fml.VersionChecker/]: [dungeons_enhanced] Found status: OUTDATED Current: 5.4.1 Target: 5.4.2
[09Jul2025 23:45:35.342] [Forge Version Check/INFO] [net.minecraftforge.fml.VersionChecker/]: [witherstormmod] Starting version check at https://raw.githubusercontent.com/nonamecrackers2/cwsm-update-info/main/update_checker.json
[09Jul2025 23:45:35.351] [Forge Version Check/INFO] [net.minecraftforge.fml.VersionChecker/]: [witherstormmod] Found status: UP_TO_DATE Current: 4.2.1 Target: null
[09Jul2025 23:45:35.351] [Forge Version Check/INFO] [net.minecraftforge.fml.VersionChecker/]: [otyacraftengine] Starting version check at https://raw.githubusercontent.com/TeamFelnull/OtyacraftEngine/master/version_check.json
[09Jul2025 23:45:35.359] [Forge Version Check/INFO] [net.minecraftforge.fml.VersionChecker/]: [otyacraftengine] Found status: UP_TO_DATE Current: 3.7.0-alpha.2 Target: null
[09Jul2025 23:45:35.359] [Forge Version Check/INFO] [net.minecraftforge.fml.VersionChecker/]: [refurbished_furniture] Starting version check at https://mrcrayfish.com/api/mod_update/forge/refurbished_furniture
[09Jul2025 23:45:35.489] [Forge Version Check/WARN] [net.minecraftforge.fml.VersionChecker/]: Failed to process update information
com.google.gson.JsonSyntaxException: java.lang.IllegalStateException: Expected BEGIN_OBJECT but was STRING at line 1 column 1 path $
	at com.google.gson.Gson.fromJson(Gson.java:1226) ~[gson-2.10.jar%2372!/:?]
	at com.google.gson.Gson.fromJson(Gson.java:1124) ~[gson-2.10.jar%2372!/:?]
	at com.google.gson.Gson.fromJson(Gson.java:1034) ~[gson-2.10.jar%2372!/:?]
	at com.google.gson.Gson.fromJson(Gson.java:969) ~[gson-2.10.jar%2372!/:?]
	at net.minecraftforge.fml.VersionChecker$1.process(VersionChecker.java:186) ~[fmlcore-1.20.1-47.3.33.jar%23394!/:?]
	at java.lang.Iterable.forEach(Iterable.java:75) ~[?:?]
	at net.minecraftforge.fml.VersionChecker$1.run(VersionChecker.java:117) ~[fmlcore-1.20.1-47.3.33.jar%23394!/:?]
Caused by: java.lang.IllegalStateException: Expected BEGIN_OBJECT but was STRING at line 1 column 1 path $
	at com.google.gson.stream.JsonReader.beginObject(JsonReader.java:393) ~[gson-2.10.jar%2372!/:?]
	at com.google.gson.internal.bind.MapTypeAdapterFactory$Adapter.read(MapTypeAdapterFactory.java:182) ~[gson-2.10.jar%2372!/:?]
	at com.google.gson.internal.bind.MapTypeAdapterFactory$Adapter.read(MapTypeAdapterFactory.java:144) ~[gson-2.10.jar%2372!/:?]
	at com.google.gson.Gson.fromJson(Gson.java:1214) ~[gson-2.10.jar%2372!/:?]
	... 6 more
[09Jul2025 23:45:35.490] [Forge Version Check/INFO] [net.minecraftforge.fml.VersionChecker/]: [clumps] Starting version check at https://updates.blamejared.com/get?n=clumps&gv=1.20.1
[09Jul2025 23:45:35.592] [Forge Version Check/INFO] [net.minecraftforge.fml.VersionChecker/]: [clumps] Found status: BETA Current: 12.0.0.4 Target: 12.0.0.4
[09Jul2025 23:45:35.592] [Forge Version Check/INFO] [net.minecraftforge.fml.VersionChecker/]: [enchdesc] Starting version check at https://updates.blamejared.com/get?n=enchdesc&gv=1.20.1
[09Jul2025 23:45:35.659] [main/INFO] [com.mojang.authlib.yggdrasil.YggdrasilAuthenticationService/]: Environment: authHost='https://authserver.mojang.com', accountsHost='https://api.mojang.com', sessionHost='https://sessionserver.mojang.com', servicesHost='https://api.minecraftservices.com', name='PROD'
[09Jul2025 23:45:35.694] [Forge Version Check/INFO] [net.minecraftforge.fml.VersionChecker/]: [enchdesc] Found status: BETA Current: 17.1.19 Target: 17.1.19
[09Jul2025 23:45:35.695] [Forge Version Check/INFO] [net.minecraftforge.fml.VersionChecker/]: [moonlight] Starting version check at https://raw.githubusercontent.com/MehVahdJukaar/Moonlight/multi-loader/forge/update.json
[09Jul2025 23:45:35.703] [Forge Version Check/INFO] [net.minecraftforge.fml.VersionChecker/]: [moonlight] Found status: BETA Current: 1.20-2.14.1 Target: null
[09Jul2025 23:45:35.704] [Forge Version Check/INFO] [net.minecraftforge.fml.VersionChecker/]: [supplementaries] Starting version check at https://raw.githubusercontent.com/MehVahdJukaar/Supplementaries/1.20/forge/update.json
[09Jul2025 23:45:35.712] [Forge Version Check/INFO] [net.minecraftforge.fml.VersionChecker/]: [supplementaries] Found status: BETA Current: 1.20-3.1.34 Target: null
[09Jul2025 23:45:35.712] [Forge Version Check/INFO] [net.minecraftforge.fml.VersionChecker/]: [inventoryhud] Starting version check at https://raw.githubusercontent.com/DmitryLovin/pluginUpdate/master/invupdate.json
[09Jul2025 23:45:35.731] [Forge Version Check/INFO] [net.minecraftforge.fml.VersionChecker/]: [inventoryhud] Found status: UP_TO_DATE Current: 3.4.26 Target: null
[09Jul2025 23:45:35.991] [main/ERROR] [net.minecraft.Util/]: Entity illageandspillage:bone has no attributes
[09Jul2025 23:45:35.991] [main/ERROR] [net.minecraft.Util/]: Entity illageandspillage:axe has no attributes
[09Jul2025 23:45:35.991] [main/ERROR] [net.minecraft.Util/]: Entity illageandspillage:bone has no attributes
[09Jul2025 23:45:35.991] [main/ERROR] [net.minecraft.Util/]: Entity illageandspillage:axe has no attributes
[09Jul2025 23:45:35.992] [main/ERROR] [net.minecraft.Util/]: Entity illageandspillage:bone has no attributes
[09Jul2025 23:45:35.992] [main/ERROR] [net.minecraft.Util/]: Entity illageandspillage:axe has no attributes
[09Jul2025 23:45:35.992] [main/ERROR] [net.minecraft.Util/]: Entity illageandspillage:bone has no attributes
[09Jul2025 23:45:35.992] [main/ERROR] [net.minecraft.Util/]: Entity illageandspillage:axe has no attributes
[09Jul2025 23:45:35.993] [main/ERROR] [net.minecraft.Util/]: Entity illageandspillage:bone has no attributes
[09Jul2025 23:45:35.993] [main/ERROR] [net.minecraft.Util/]: Entity illageandspillage:axe has no attributes
[09Jul2025 23:45:35.993] [main/ERROR] [net.minecraft.Util/]: Entity illageandspillage:bone has no attributes
[09Jul2025 23:45:35.993] [main/ERROR] [net.minecraft.Util/]: Entity illageandspillage:axe has no attributes
[09Jul2025 23:45:35.993] [main/ERROR] [net.minecraft.Util/]: Entity illageandspillage:bone has no attributes
[09Jul2025 23:45:35.993] [main/ERROR] [net.minecraft.Util/]: Entity illageandspillage:axe has no attributes
[09Jul2025 23:45:35.993] [main/ERROR] [net.minecraft.Util/]: Entity illageandspillage:bone has no attributes
[09Jul2025 23:45:35.994] [main/ERROR] [net.minecraft.Util/]: Entity illageandspillage:axe has no attributes
[09Jul2025 23:45:35.994] [main/ERROR] [net.minecraft.Util/]: Entity illageandspillage:bone has no attributes
[09Jul2025 23:45:35.994] [main/ERROR] [net.minecraft.Util/]: Entity illageandspillage:axe has no attributes
[09Jul2025 23:45:35.994] [main/ERROR] [net.minecraft.Util/]: Entity illageandspillage:bone has no attributes
[09Jul2025 23:45:35.994] [main/ERROR] [net.minecraft.Util/]: Entity illageandspillage:axe has no attributes
[09Jul2025 23:45:35.994] [main/ERROR] [net.minecraft.Util/]: Entity illageandspillage:bone has no attributes
[09Jul2025 23:45:35.995] [main/ERROR] [net.minecraft.Util/]: Entity illageandspillage:axe has no attributes
[09Jul2025 23:45:35.995] [main/ERROR] [net.minecraft.Util/]: Entity illageandspillage:bone has no attributes
[09Jul2025 23:45:35.995] [main/ERROR] [net.minecraft.Util/]: Entity illageandspillage:axe has no attributes
[09Jul2025 23:45:35.995] [main/ERROR] [net.minecraft.Util/]: Entity illageandspillage:bone has no attributes
[09Jul2025 23:45:35.995] [main/ERROR] [net.minecraft.Util/]: Entity illageandspillage:axe has no attributes
[09Jul2025 23:45:35.995] [main/ERROR] [net.minecraft.Util/]: Entity illageandspillage:bone has no attributes
[09Jul2025 23:45:35.996] [main/ERROR] [net.minecraft.Util/]: Entity illageandspillage:axe has no attributes
[09Jul2025 23:45:35.996] [main/ERROR] [net.minecraft.Util/]: Entity illageandspillage:bone has no attributes
[09Jul2025 23:45:35.996] [main/ERROR] [net.minecraft.Util/]: Entity illageandspillage:axe has no attributes
[09Jul2025 23:45:35.996] [main/ERROR] [net.minecraft.Util/]: Entity illageandspillage:bone has no attributes
[09Jul2025 23:45:35.996] [main/ERROR] [net.minecraft.Util/]: Entity illageandspillage:axe has no attributes
[09Jul2025 23:45:35.996] [main/ERROR] [net.minecraft.Util/]: Entity illageandspillage:bone has no attributes
[09Jul2025 23:45:35.997] [main/ERROR] [net.minecraft.Util/]: Entity illageandspillage:axe has no attributes
[09Jul2025 23:45:35.997] [main/ERROR] [net.minecraft.Util/]: Entity illageandspillage:bone has no attributes
[09Jul2025 23:45:35.997] [main/ERROR] [net.minecraft.Util/]: Entity illageandspillage:axe has no attributes
[09Jul2025 23:45:35.997] [main/ERROR] [net.minecraft.Util/]: Entity illageandspillage:bone has no attributes
[09Jul2025 23:45:35.997] [main/ERROR] [net.minecraft.Util/]: Entity illageandspillage:axe has no attributes
[09Jul2025 23:45:35.998] [main/ERROR] [net.minecraft.Util/]: Entity illageandspillage:bone has no attributes
[09Jul2025 23:45:35.998] [main/ERROR] [net.minecraft.Util/]: Entity illageandspillage:axe has no attributes
[09Jul2025 23:45:35.998] [main/ERROR] [net.minecraft.Util/]: Entity illageandspillage:bone has no attributes
[09Jul2025 23:45:35.998] [main/ERROR] [net.minecraft.Util/]: Entity illageandspillage:axe has no attributes
[09Jul2025 23:45:35.998] [main/ERROR] [net.minecraft.Util/]: Entity illageandspillage:bone has no attributes
[09Jul2025 23:45:35.998] [main/ERROR] [net.minecraft.Util/]: Entity illageandspillage:axe has no attributes
[09Jul2025 23:45:35.999] [main/ERROR] [net.minecraft.Util/]: Entity illageandspillage:bone has no attributes
[09Jul2025 23:45:35.999] [main/ERROR] [net.minecraft.Util/]: Entity illageandspillage:axe has no attributes
[09Jul2025 23:45:35.999] [main/ERROR] [net.minecraft.Util/]: Entity illageandspillage:bone has no attributes
[09Jul2025 23:45:35.999] [main/ERROR] [net.minecraft.Util/]: Entity illageandspillage:axe has no attributes
[09Jul2025 23:45:35.999] [main/ERROR] [net.minecraft.Util/]: Entity illageandspillage:bone has no attributes
[09Jul2025 23:45:35.999] [main/ERROR] [net.minecraft.Util/]: Entity illageandspillage:axe has no attributes
[09Jul2025 23:45:36.000] [main/ERROR] [net.minecraft.Util/]: Entity illageandspillage:bone has no attributes
[09Jul2025 23:45:36.000] [main/ERROR] [net.minecraft.Util/]: Entity illageandspillage:axe has no attributes
[09Jul2025 23:45:36.000] [main/ERROR] [net.minecraft.Util/]: Entity illageandspillage:bone has no attributes
[09Jul2025 23:45:36.000] [main/ERROR] [net.minecraft.Util/]: Entity illageandspillage:axe has no attributes
[09Jul2025 23:45:36.000] [main/ERROR] [net.minecraft.Util/]: Entity illageandspillage:bone has no attributes
[09Jul2025 23:45:36.000] [main/ERROR] [net.minecraft.Util/]: Entity illageandspillage:axe has no attributes
[09Jul2025 23:45:36.001] [main/ERROR] [net.minecraft.Util/]: Entity illageandspillage:bone has no attributes
[09Jul2025 23:45:36.001] [main/ERROR] [net.minecraft.Util/]: Entity illageandspillage:axe has no attributes
[09Jul2025 23:45:36.001] [main/ERROR] [net.minecraft.Util/]: Entity illageandspillage:bone has no attributes
[09Jul2025 23:45:36.001] [main/ERROR] [net.minecraft.Util/]: Entity illageandspillage:axe has no attributes
[09Jul2025 23:45:36.001] [main/ERROR] [net.minecraft.Util/]: Entity illageandspillage:bone has no attributes
[09Jul2025 23:45:36.001] [main/ERROR] [net.minecraft.Util/]: Entity illageandspillage:axe has no attributes
[09Jul2025 23:45:36.001] [main/ERROR] [net.minecraft.Util/]: Entity illageandspillage:bone has no attributes
[09Jul2025 23:45:36.001] [main/ERROR] [net.minecraft.Util/]: Entity illageandspillage:axe has no attributes
[09Jul2025 23:45:36.002] [main/ERROR] [net.minecraft.Util/]: Entity illageandspillage:bone has no attributes
[09Jul2025 23:45:36.002] [main/ERROR] [net.minecraft.Util/]: Entity illageandspillage:axe has no attributes
[09Jul2025 23:45:36.002] [main/ERROR] [net.minecraft.Util/]: Entity illageandspillage:bone has no attributes
[09Jul2025 23:45:36.002] [main/ERROR] [net.minecraft.Util/]: Entity illageandspillage:axe has no attributes
[09Jul2025 23:45:36.002] [main/ERROR] [net.minecraft.Util/]: Entity illageandspillage:bone has no attributes
[09Jul2025 23:45:36.002] [main/ERROR] [net.minecraft.Util/]: Entity illageandspillage:axe has no attributes
[09Jul2025 23:45:36.002] [main/ERROR] [net.minecraft.Util/]: Entity illageandspillage:bone has no attributes
[09Jul2025 23:45:36.002] [main/ERROR] [net.minecraft.Util/]: Entity illageandspillage:axe has no attributes
[09Jul2025 23:45:36.003] [main/ERROR] [net.minecraft.Util/]: Entity illageandspillage:bone has no attributes
[09Jul2025 23:45:36.003] [main/ERROR] [net.minecraft.Util/]: Entity illageandspillage:axe has no attributes
[09Jul2025 23:45:36.003] [main/ERROR] [net.minecraft.Util/]: Entity illageandspillage:bone has no attributes
[09Jul2025 23:45:36.003] [main/ERROR] [net.minecraft.Util/]: Entity illageandspillage:axe has no attributes
[09Jul2025 23:45:36.003] [main/ERROR] [net.minecraft.Util/]: Entity illageandspillage:bone has no attributes
[09Jul2025 23:45:36.003] [main/ERROR] [net.minecraft.Util/]: Entity illageandspillage:axe has no attributes
[09Jul2025 23:45:36.004] [main/ERROR] [net.minecraft.Util/]: Entity illageandspillage:bone has no attributes
[09Jul2025 23:45:36.004] [main/ERROR] [net.minecraft.Util/]: Entity illageandspillage:axe has no attributes
[09Jul2025 23:45:36.004] [main/ERROR] [net.minecraft.Util/]: Entity illageandspillage:bone has no attributes
[09Jul2025 23:45:36.004] [main/ERROR] [net.minecraft.Util/]: Entity illageandspillage:axe has no attributes
[09Jul2025 23:45:36.004] [main/ERROR] [net.minecraft.Util/]: Entity illageandspillage:bone has no attributes
[09Jul2025 23:45:36.004] [main/ERROR] [net.minecraft.Util/]: Entity illageandspillage:axe has no attributes
[09Jul2025 23:45:36.005] [main/ERROR] [net.minecraft.Util/]: Entity illageandspillage:bone has no attributes
[09Jul2025 23:45:36.005] [main/ERROR] [net.minecraft.Util/]: Entity illageandspillage:axe has no attributes
[09Jul2025 23:45:36.005] [main/ERROR] [net.minecraft.Util/]: Entity illageandspillage:bone has no attributes
[09Jul2025 23:45:36.005] [main/ERROR] [net.minecraft.Util/]: Entity illageandspillage:axe has no attributes
[09Jul2025 23:45:36.005] [main/ERROR] [net.minecraft.Util/]: Entity illageandspillage:bone has no attributes
[09Jul2025 23:45:36.005] [main/ERROR] [net.minecraft.Util/]: Entity illageandspillage:axe has no attributes
[09Jul2025 23:45:36.006] [main/ERROR] [net.minecraft.Util/]: Entity illageandspillage:bone has no attributes
[09Jul2025 23:45:36.006] [main/ERROR] [net.minecraft.Util/]: Entity illageandspillage:axe has no attributes
[09Jul2025 23:45:36.006] [main/ERROR] [net.minecraft.Util/]: Entity illageandspillage:bone has no attributes
[09Jul2025 23:45:36.006] [main/ERROR] [net.minecraft.Util/]: Entity illageandspillage:axe has no attributes
[09Jul2025 23:45:36.006] [main/ERROR] [net.minecraft.Util/]: Entity illageandspillage:bone has no attributes
[09Jul2025 23:45:36.006] [main/ERROR] [net.minecraft.Util/]: Entity illageandspillage:axe has no attributes
[09Jul2025 23:45:36.006] [main/ERROR] [net.minecraft.Util/]: Entity illageandspillage:bone has no attributes
[09Jul2025 23:45:36.006] [main/ERROR] [net.minecraft.Util/]: Entity illageandspillage:axe has no attributes
[09Jul2025 23:45:36.007] [main/ERROR] [net.minecraft.Util/]: Entity illageandspillage:bone has no attributes
[09Jul2025 23:45:36.007] [main/ERROR] [net.minecraft.Util/]: Entity illageandspillage:axe has no attributes
[09Jul2025 23:45:36.007] [main/ERROR] [net.minecraft.Util/]: Entity illageandspillage:bone has no attributes
[09Jul2025 23:45:36.007] [main/ERROR] [net.minecraft.Util/]: Entity illageandspillage:axe has no attributes
[09Jul2025 23:45:36.007] [main/ERROR] [net.minecraft.Util/]: Entity illageandspillage:bone has no attributes
[09Jul2025 23:45:36.007] [main/ERROR] [net.minecraft.Util/]: Entity illageandspillage:axe has no attributes
[09Jul2025 23:45:36.007] [main/ERROR] [net.minecraft.Util/]: Entity illageandspillage:bone has no attributes
[09Jul2025 23:45:36.007] [main/ERROR] [net.minecraft.Util/]: Entity illageandspillage:axe has no attributes
[09Jul2025 23:45:36.008] [main/ERROR] [net.minecraft.Util/]: Entity illageandspillage:bone has no attributes
[09Jul2025 23:45:36.008] [main/ERROR] [net.minecraft.Util/]: Entity illageandspillage:axe has no attributes
[09Jul2025 23:45:36.008] [main/ERROR] [net.minecraft.Util/]: Entity illageandspillage:bone has no attributes
[09Jul2025 23:45:36.008] [main/ERROR] [net.minecraft.Util/]: Entity illageandspillage:axe has no attributes
[09Jul2025 23:45:36.008] [main/ERROR] [net.minecraft.Util/]: Entity illageandspillage:bone has no attributes
[09Jul2025 23:45:36.009] [main/ERROR] [net.minecraft.Util/]: Entity illageandspillage:axe has no attributes
[09Jul2025 23:45:36.009] [main/ERROR] [net.minecraft.Util/]: Entity illageandspillage:bone has no attributes
[09Jul2025 23:45:36.009] [main/ERROR] [net.minecraft.Util/]: Entity illageandspillage:axe has no attributes
[09Jul2025 23:45:36.009] [main/ERROR] [net.minecraft.Util/]: Entity illageandspillage:bone has no attributes
[09Jul2025 23:45:36.009] [main/ERROR] [net.minecraft.Util/]: Entity illageandspillage:axe has no attributes
[09Jul2025 23:45:36.010] [main/ERROR] [net.minecraft.Util/]: Entity illageandspillage:bone has no attributes
[09Jul2025 23:45:36.010] [main/ERROR] [net.minecraft.Util/]: Entity illageandspillage:axe has no attributes
[09Jul2025 23:45:36.010] [main/ERROR] [net.minecraft.Util/]: Entity illageandspillage:bone has no attributes
[09Jul2025 23:45:36.010] [main/ERROR] [net.minecraft.Util/]: Entity illageandspillage:axe has no attributes
[09Jul2025 23:45:36.232] [main/ERROR] [net.minecraft.Util/]: Entity illageandspillage:bone has no attributes
[09Jul2025 23:45:36.232] [main/ERROR] [net.minecraft.Util/]: Entity illageandspillage:axe has no attributes
[09Jul2025 23:45:36.232] [main/ERROR] [net.minecraft.Util/]: Entity illageandspillage:bone has no attributes
[09Jul2025 23:45:36.232] [main/ERROR] [net.minecraft.Util/]: Entity illageandspillage:axe has no attributes
[09Jul2025 23:45:36.232] [main/ERROR] [net.minecraft.Util/]: Entity illageandspillage:bone has no attributes
[09Jul2025 23:45:36.232] [main/ERROR] [net.minecraft.Util/]: Entity illageandspillage:axe has no attributes
[09Jul2025 23:45:36.232] [main/ERROR] [net.minecraft.Util/]: Entity illageandspillage:bone has no attributes
[09Jul2025 23:45:36.233] [main/ERROR] [net.minecraft.Util/]: Entity illageandspillage:axe has no attributes
[09Jul2025 23:45:36.233] [main/ERROR] [net.minecraft.Util/]: Entity illageandspillage:bone has no attributes
[09Jul2025 23:45:36.233] [main/ERROR] [net.minecraft.Util/]: Entity illageandspillage:axe has no attributes
[09Jul2025 23:45:36.233] [main/ERROR] [net.minecraft.Util/]: Entity illageandspillage:bone has no attributes
[09Jul2025 23:45:36.233] [main/ERROR] [net.minecraft.Util/]: Entity illageandspillage:axe has no attributes
[09Jul2025 23:45:36.233] [main/ERROR] [net.minecraft.Util/]: Entity illageandspillage:bone has no attributes
[09Jul2025 23:45:36.233] [main/ERROR] [net.minecraft.Util/]: Entity illageandspillage:axe has no attributes
[09Jul2025 23:45:36.233] [main/ERROR] [net.minecraft.Util/]: Entity illageandspillage:bone has no attributes
[09Jul2025 23:45:36.234] [main/ERROR] [net.minecraft.Util/]: Entity illageandspillage:axe has no attributes
[09Jul2025 23:45:36.234] [main/ERROR] [net.minecraft.Util/]: Entity illageandspillage:bone has no attributes
[09Jul2025 23:45:36.234] [main/ERROR] [net.minecraft.Util/]: Entity illageandspillage:axe has no attributes
[09Jul2025 23:45:36.234] [main/ERROR] [net.minecraft.Util/]: Entity illageandspillage:bone has no attributes
[09Jul2025 23:45:36.234] [main/ERROR] [net.minecraft.Util/]: Entity illageandspillage:axe has no attributes
[09Jul2025 23:45:36.234] [main/ERROR] [net.minecraft.Util/]: Entity illageandspillage:bone has no attributes
[09Jul2025 23:45:36.234] [main/ERROR] [net.minecraft.Util/]: Entity illageandspillage:axe has no attributes
[09Jul2025 23:45:36.235] [main/ERROR] [net.minecraft.Util/]: Entity illageandspillage:bone has no attributes
[09Jul2025 23:45:36.235] [main/ERROR] [net.minecraft.Util/]: Entity illageandspillage:axe has no attributes
[09Jul2025 23:45:36.235] [main/ERROR] [net.minecraft.Util/]: Entity illageandspillage:bone has no attributes
[09Jul2025 23:45:36.235] [main/ERROR] [net.minecraft.Util/]: Entity illageandspillage:axe has no attributes
[09Jul2025 23:45:36.235] [main/ERROR] [net.minecraft.Util/]: Entity illageandspillage:bone has no attributes
[09Jul2025 23:45:36.235] [main/ERROR] [net.minecraft.Util/]: Entity illageandspillage:axe has no attributes
[09Jul2025 23:45:36.235] [main/ERROR] [net.minecraft.Util/]: Entity illageandspillage:bone has no attributes
[09Jul2025 23:45:36.235] [main/ERROR] [net.minecraft.Util/]: Entity illageandspillage:axe has no attributes
[09Jul2025 23:45:36.236] [main/ERROR] [net.minecraft.Util/]: Entity illageandspillage:bone has no attributes
[09Jul2025 23:45:36.236] [main/ERROR] [net.minecraft.Util/]: Entity illageandspillage:axe has no attributes
[09Jul2025 23:45:36.236] [main/ERROR] [net.minecraft.Util/]: Entity illageandspillage:bone has no attributes
[09Jul2025 23:45:36.236] [main/ERROR] [net.minecraft.Util/]: Entity illageandspillage:axe has no attributes
[09Jul2025 23:45:36.236] [main/ERROR] [net.minecraft.Util/]: Entity illageandspillage:bone has no attributes
[09Jul2025 23:45:36.236] [main/ERROR] [net.minecraft.Util/]: Entity illageandspillage:axe has no attributes
[09Jul2025 23:45:36.236] [main/ERROR] [net.minecraft.Util/]: Entity illageandspillage:bone has no attributes
[09Jul2025 23:45:36.236] [main/ERROR] [net.minecraft.Util/]: Entity illageandspillage:axe has no attributes
[09Jul2025 23:45:36.237] [main/ERROR] [net.minecraft.Util/]: Entity illageandspillage:bone has no attributes
[09Jul2025 23:45:36.237] [main/ERROR] [net.minecraft.Util/]: Entity illageandspillage:axe has no attributes
[09Jul2025 23:45:36.237] [main/ERROR] [net.minecraft.Util/]: Entity illageandspillage:bone has no attributes
[09Jul2025 23:45:36.237] [main/ERROR] [net.minecraft.Util/]: Entity illageandspillage:axe has no attributes
[09Jul2025 23:45:36.237] [main/ERROR] [net.minecraft.Util/]: Entity illageandspillage:bone has no attributes
[09Jul2025 23:45:36.237] [main/ERROR] [net.minecraft.Util/]: Entity illageandspillage:axe has no attributes
[09Jul2025 23:45:36.237] [main/ERROR] [net.minecraft.Util/]: Entity illageandspillage:bone has no attributes
[09Jul2025 23:45:36.237] [main/ERROR] [net.minecraft.Util/]: Entity illageandspillage:axe has no attributes
[09Jul2025 23:45:36.237] [main/ERROR] [net.minecraft.Util/]: Entity illageandspillage:bone has no attributes
[09Jul2025 23:45:36.238] [main/ERROR] [net.minecraft.Util/]: Entity illageandspillage:axe has no attributes
[09Jul2025 23:45:36.238] [main/ERROR] [net.minecraft.Util/]: Entity illageandspillage:bone has no attributes
[09Jul2025 23:45:36.238] [main/ERROR] [net.minecraft.Util/]: Entity illageandspillage:axe has no attributes
[09Jul2025 23:45:36.238] [main/ERROR] [net.minecraft.Util/]: Entity illageandspillage:bone has no attributes
[09Jul2025 23:45:36.238] [main/ERROR] [net.minecraft.Util/]: Entity illageandspillage:axe has no attributes
[09Jul2025 23:45:36.238] [main/ERROR] [net.minecraft.Util/]: Entity illageandspillage:bone has no attributes
[09Jul2025 23:45:36.238] [main/ERROR] [net.minecraft.Util/]: Entity illageandspillage:axe has no attributes
[09Jul2025 23:45:36.238] [main/ERROR] [net.minecraft.Util/]: Entity illageandspillage:bone has no attributes
[09Jul2025 23:45:36.238] [main/ERROR] [net.minecraft.Util/]: Entity illageandspillage:axe has no attributes
[09Jul2025 23:45:36.238] [main/ERROR] [net.minecraft.Util/]: Entity illageandspillage:bone has no attributes
[09Jul2025 23:45:36.239] [main/ERROR] [net.minecraft.Util/]: Entity illageandspillage:axe has no attributes
[09Jul2025 23:45:36.239] [main/ERROR] [net.minecraft.Util/]: Entity illageandspillage:bone has no attributes
[09Jul2025 23:45:36.239] [main/ERROR] [net.minecraft.Util/]: Entity illageandspillage:axe has no attributes
[09Jul2025 23:45:36.239] [main/ERROR] [net.minecraft.Util/]: Entity illageandspillage:bone has no attributes
[09Jul2025 23:45:36.239] [main/ERROR] [net.minecraft.Util/]: Entity illageandspillage:axe has no attributes
[09Jul2025 23:45:36.239] [main/ERROR] [net.minecraft.Util/]: Entity illageandspillage:bone has no attributes
[09Jul2025 23:45:36.239] [main/ERROR] [net.minecraft.Util/]: Entity illageandspillage:axe has no attributes
[09Jul2025 23:45:36.239] [main/ERROR] [net.minecraft.Util/]: Entity illageandspillage:bone has no attributes
[09Jul2025 23:45:36.239] [main/ERROR] [net.minecraft.Util/]: Entity illageandspillage:axe has no attributes
[09Jul2025 23:45:36.240] [main/ERROR] [net.minecraft.Util/]: Entity illageandspillage:bone has no attributes
[09Jul2025 23:45:36.240] [main/ERROR] [net.minecraft.Util/]: Entity illageandspillage:axe has no attributes
[09Jul2025 23:45:36.240] [main/ERROR] [net.minecraft.Util/]: Entity illageandspillage:bone has no attributes
[09Jul2025 23:45:36.240] [main/ERROR] [net.minecraft.Util/]: Entity illageandspillage:axe has no attributes
[09Jul2025 23:45:36.240] [main/ERROR] [net.minecraft.Util/]: Entity illageandspillage:bone has no attributes
[09Jul2025 23:45:36.240] [main/ERROR] [net.minecraft.Util/]: Entity illageandspillage:axe has no attributes
[09Jul2025 23:45:36.240] [main/ERROR] [net.minecraft.Util/]: Entity illageandspillage:bone has no attributes
[09Jul2025 23:45:36.240] [main/ERROR] [net.minecraft.Util/]: Entity illageandspillage:axe has no attributes
[09Jul2025 23:45:36.241] [main/ERROR] [net.minecraft.Util/]: Entity illageandspillage:bone has no attributes
[09Jul2025 23:45:36.241] [main/ERROR] [net.minecraft.Util/]: Entity illageandspillage:axe has no attributes
[09Jul2025 23:45:36.241] [main/ERROR] [net.minecraft.Util/]: Entity illageandspillage:bone has no attributes
[09Jul2025 23:45:36.241] [main/ERROR] [net.minecraft.Util/]: Entity illageandspillage:axe has no attributes
[09Jul2025 23:45:36.241] [main/ERROR] [net.minecraft.Util/]: Entity illageandspillage:bone has no attributes
[09Jul2025 23:45:36.241] [main/ERROR] [net.minecraft.Util/]: Entity illageandspillage:axe has no attributes
[09Jul2025 23:45:36.241] [main/ERROR] [net.minecraft.Util/]: Entity illageandspillage:bone has no attributes
[09Jul2025 23:45:36.241] [main/ERROR] [net.minecraft.Util/]: Entity illageandspillage:axe has no attributes
[09Jul2025 23:45:36.241] [main/ERROR] [net.minecraft.Util/]: Entity illageandspillage:bone has no attributes
[09Jul2025 23:45:36.242] [main/ERROR] [net.minecraft.Util/]: Entity illageandspillage:axe has no attributes
[09Jul2025 23:45:36.242] [main/ERROR] [net.minecraft.Util/]: Entity illageandspillage:bone has no attributes
[09Jul2025 23:45:36.242] [main/ERROR] [net.minecraft.Util/]: Entity illageandspillage:axe has no attributes
[09Jul2025 23:45:36.242] [main/ERROR] [net.minecraft.Util/]: Entity illageandspillage:bone has no attributes
[09Jul2025 23:45:36.242] [main/ERROR] [net.minecraft.Util/]: Entity illageandspillage:axe has no attributes
[09Jul2025 23:45:36.242] [main/ERROR] [net.minecraft.Util/]: Entity illageandspillage:bone has no attributes
[09Jul2025 23:45:36.242] [main/ERROR] [net.minecraft.Util/]: Entity illageandspillage:axe has no attributes
[09Jul2025 23:45:36.243] [main/ERROR] [net.minecraft.Util/]: Entity illageandspillage:bone has no attributes
[09Jul2025 23:45:36.243] [main/ERROR] [net.minecraft.Util/]: Entity illageandspillage:axe has no attributes
[09Jul2025 23:45:36.243] [main/ERROR] [net.minecraft.Util/]: Entity illageandspillage:bone has no attributes
[09Jul2025 23:45:36.243] [main/ERROR] [net.minecraft.Util/]: Entity illageandspillage:axe has no attributes
[09Jul2025 23:45:36.243] [main/ERROR] [net.minecraft.Util/]: Entity illageandspillage:bone has no attributes
[09Jul2025 23:45:36.243] [main/ERROR] [net.minecraft.Util/]: Entity illageandspillage:axe has no attributes
[09Jul2025 23:45:36.243] [main/ERROR] [net.minecraft.Util/]: Entity illageandspillage:bone has no attributes
[09Jul2025 23:45:36.243] [main/ERROR] [net.minecraft.Util/]: Entity illageandspillage:axe has no attributes
[09Jul2025 23:45:36.244] [main/ERROR] [net.minecraft.Util/]: Entity illageandspillage:bone has no attributes
[09Jul2025 23:45:36.244] [main/ERROR] [net.minecraft.Util/]: Entity illageandspillage:axe has no attributes
[09Jul2025 23:45:36.244] [main/ERROR] [net.minecraft.Util/]: Entity illageandspillage:bone has no attributes
[09Jul2025 23:45:36.244] [main/ERROR] [net.minecraft.Util/]: Entity illageandspillage:axe has no attributes
[09Jul2025 23:45:36.244] [main/ERROR] [net.minecraft.Util/]: Entity illageandspillage:bone has no attributes
[09Jul2025 23:45:36.244] [main/ERROR] [net.minecraft.Util/]: Entity illageandspillage:axe has no attributes
[09Jul2025 23:45:36.244] [main/ERROR] [net.minecraft.Util/]: Entity illageandspillage:bone has no attributes
[09Jul2025 23:45:36.245] [main/ERROR] [net.minecraft.Util/]: Entity illageandspillage:axe has no attributes
[09Jul2025 23:45:36.245] [main/ERROR] [net.minecraft.Util/]: Entity illageandspillage:bone has no attributes
[09Jul2025 23:45:36.245] [main/ERROR] [net.minecraft.Util/]: Entity illageandspillage:axe has no attributes
[09Jul2025 23:45:36.245] [main/ERROR] [net.minecraft.Util/]: Entity illageandspillage:bone has no attributes
[09Jul2025 23:45:36.245] [main/ERROR] [net.minecraft.Util/]: Entity illageandspillage:axe has no attributes
[09Jul2025 23:45:36.245] [main/ERROR] [net.minecraft.Util/]: Entity illageandspillage:bone has no attributes
[09Jul2025 23:45:36.245] [main/ERROR] [net.minecraft.Util/]: Entity illageandspillage:axe has no attributes
[09Jul2025 23:45:36.245] [main/ERROR] [net.minecraft.Util/]: Entity illageandspillage:bone has no attributes
[09Jul2025 23:45:36.246] [main/ERROR] [net.minecraft.Util/]: Entity illageandspillage:axe has no attributes
[09Jul2025 23:45:36.246] [main/ERROR] [net.minecraft.Util/]: Entity illageandspillage:bone has no attributes
[09Jul2025 23:45:36.246] [main/ERROR] [net.minecraft.Util/]: Entity illageandspillage:axe has no attributes
[09Jul2025 23:45:36.246] [main/ERROR] [net.minecraft.Util/]: Entity illageandspillage:bone has no attributes
[09Jul2025 23:45:36.246] [main/ERROR] [net.minecraft.Util/]: Entity illageandspillage:axe has no attributes
[09Jul2025 23:45:36.246] [main/ERROR] [net.minecraft.Util/]: Entity illageandspillage:bone has no attributes
[09Jul2025 23:45:36.247] [main/ERROR] [net.minecraft.Util/]: Entity illageandspillage:axe has no attributes
[09Jul2025 23:45:36.650] [main/WARN] [net.minecraft.server.packs.VanillaPackResourcesBuilder/]: Assets URL 'union:/workspaces/WEA/servidor_minecraft/libraries/net/minecraft/server/1.20.1-20230612.114412/server-1.20.1-20230612.114412-srg.jar%23393!/assets/.mcassetsroot' uses unexpected schema
[09Jul2025 23:45:36.651] [main/WARN] [net.minecraft.server.packs.VanillaPackResourcesBuilder/]: Assets URL 'union:/workspaces/WEA/servidor_minecraft/libraries/net/minecraft/server/1.20.1-20230612.114412/server-1.20.1-20230612.114412-srg.jar%23393!/data/.mcassetsroot' uses unexpected schema
[09Jul2025 23:45:37.143] [main/INFO] [com.simibubi.create.Create/]: Created 667 recipes which will be injected into the game
[09Jul2025 23:45:37.156] [main/INFO] [com.simibubi.create.Create/]: Created 7 tags which will be injected into the game
[09Jul2025 23:45:38.390] [main/INFO] [PFM-DataGen/]: Data Hash for Game Data and Variant List matched, skipping generation
[09Jul2025 23:45:38.514] [main/INFO] [Moonlight/]: Generated runtime resources for 1 packs in a total of: 78 ms
[09Jul2025 23:45:41.441] [main/INFO] [com.github.alexthe666.alexsmobs.AlexsMobs/]: Adding datapack listener capsid_recipes
[09Jul2025 23:45:41.703] [Worker-Main-1/WARN] [artifacts.Artifacts/]: Tag entries for curios:tags/items/magic_book.json cleared by tombstone-1.20.1-8.9.6.jar
[09Jul2025 23:45:41.772] [Worker-Main-3/ERROR] [net.minecraft.tags.TagLoader/]: Couldn't load tag integrated_api:collections/any_taiga as it is missing following references: #repurposed_structures:collections/taigas (from integrated_api-1.5.3+1.20.1-forge.jar)
[09Jul2025 23:45:41.784] [Worker-Main-1/ERROR] [net.minecraft.tags.TagLoader/]: Couldn't load tag ctov:wares/cardboard_box as it is missing following references: wares:cardboard_box (from [forge]ctov-3.4.14.jar)
[09Jul2025 23:45:41.797] [Worker-Main-1/ERROR] [net.minecraft.tags.TagLoader/]: Couldn't load tag ctov:wares/sealed_delivery_agreement as it is missing following references: wares:sealed_delivery_agreement (from [forge]ctov-3.4.14.jar)
[09Jul2025 23:45:42.346] [Worker-Main-2/INFO] [Mantle/]: Loaded 20 loot table injectors injecting into 18 tables in 13.214027 ms
[09Jul2025 23:45:43.175] [Worker-Main-3/ERROR] [net.minecraftforge.common.ForgeHooks/]: Couldn't parse element loot_tables:naturalist:entities/tortoise
com.google.gson.JsonSyntaxException: Expected name to be an item, was unknown string 'minecraft:turtle_scute'
	at net.minecraft.util.GsonHelper.m_13866_(GsonHelper.java:145) ~[server-1.20.1-20230612.114412-srg.jar%23393!/:?]
	at java.util.Optional.orElseThrow(Optional.java:403) ~[?:?]
	at net.minecraft.util.GsonHelper.m_13874_(GsonHelper.java:145) ~[server-1.20.1-20230612.114412-srg.jar%23393!/:?]
	at net.minecraft.util.GsonHelper.m_13909_(GsonHelper.java:153) ~[server-1.20.1-20230612.114412-srg.jar%23393!/:?]
	at net.minecraft.world.level.storage.loot.entries.LootItem$Serializer.m_7267_(LootItem.java:55) ~[server-1.20.1-20230612.114412-srg.jar%23393!/:?]
	at net.minecraft.world.level.storage.loot.entries.LootItem$Serializer.m_7267_(LootItem.java:40) ~[server-1.20.1-20230612.114412-srg.jar%23393!/:?]
	at net.minecraft.world.level.storage.loot.entries.LootPoolSingletonContainer$Serializer.m_5921_(LootPoolSingletonContainer.java:151) ~[server-1.20.1-20230612.114412-srg.jar%23393!/:?]
	at net.minecraft.world.level.storage.loot.entries.LootPoolSingletonContainer$Serializer.m_5921_(LootPoolSingletonContainer.java:129) ~[server-1.20.1-20230612.114412-srg.jar%23393!/:?]
	at net.minecraft.world.level.storage.loot.entries.LootPoolEntryContainer$Serializer.m_7561_(LootPoolEntryContainer.java:86) ~[server-1.20.1-20230612.114412-srg.jar%23393!/:?]
	at net.minecraft.world.level.storage.loot.entries.LootPoolEntryContainer$Serializer.m_7561_(LootPoolEntryContainer.java:74) ~[server-1.20.1-20230612.114412-srg.jar%23393!/:?]
	at net.minecraft.world.level.storage.loot.GsonAdapterFactory$JsonAdapter.deserialize(GsonAdapterFactory.java:102) ~[server-1.20.1-20230612.114412-srg.jar%23393!/:?]
	at com.google.gson.internal.bind.TreeTypeAdapter.read(TreeTypeAdapter.java:76) ~[gson-2.10.jar%2372!/:?]
	at com.google.gson.internal.bind.TypeAdapterRuntimeTypeWrapper.read(TypeAdapterRuntimeTypeWrapper.java:40) ~[gson-2.10.jar%2372!/:?]
	at com.google.gson.internal.bind.ArrayTypeAdapter.read(ArrayTypeAdapter.java:72) ~[gson-2.10.jar%2372!/:?]
	at com.google.gson.Gson.fromJson(Gson.java:1214) ~[gson-2.10.jar%2372!/:?]
	at com.google.gson.Gson.fromJson(Gson.java:1319) ~[gson-2.10.jar%2372!/:?]
	at com.google.gson.Gson.fromJson(Gson.java:1290) ~[gson-2.10.jar%2372!/:?]
	at com.google.gson.internal.bind.TreeTypeAdapter$GsonContextImpl.deserialize(TreeTypeAdapter.java:179) ~[gson-2.10.jar%2372!/:?]
	at net.minecraft.util.GsonHelper.m_13808_(GsonHelper.java:463) ~[server-1.20.1-20230612.114412-srg.jar%23393!/:?]
	at net.minecraft.util.GsonHelper.m_13836_(GsonHelper.java:471) ~[server-1.20.1-20230612.114412-srg.jar%23393!/:?]
	at net.minecraft.world.level.storage.loot.LootPool$Serializer.deserialize(LootPool.java:192) ~[server-1.20.1-20230612.114412-srg.jar%23393!/:?]
	at net.minecraft.world.level.storage.loot.LootPool$Serializer.deserialize(LootPool.java:189) ~[server-1.20.1-20230612.114412-srg.jar%23393!/:?]
	at com.google.gson.internal.bind.TreeTypeAdapter.read(TreeTypeAdapter.java:76) ~[gson-2.10.jar%2372!/:?]
	at com.google.gson.internal.bind.TypeAdapterRuntimeTypeWrapper.read(TypeAdapterRuntimeTypeWrapper.java:40) ~[gson-2.10.jar%2372!/:?]
	at com.google.gson.internal.bind.ArrayTypeAdapter.read(ArrayTypeAdapter.java:72) ~[gson-2.10.jar%2372!/:?]
	at com.google.gson.Gson.fromJson(Gson.java:1214) ~[gson-2.10.jar%2372!/:?]
	at com.google.gson.Gson.fromJson(Gson.java:1319) ~[gson-2.10.jar%2372!/:?]
	at com.google.gson.Gson.fromJson(Gson.java:1290) ~[gson-2.10.jar%2372!/:?]
	at com.google.gson.internal.bind.TreeTypeAdapter$GsonContextImpl.deserialize(TreeTypeAdapter.java:179) ~[gson-2.10.jar%2372!/:?]
	at net.minecraft.util.GsonHelper.m_13808_(GsonHelper.java:463) ~[server-1.20.1-20230612.114412-srg.jar%23393!/:?]
	at net.minecraft.util.GsonHelper.m_13845_(GsonHelper.java:481) ~[server-1.20.1-20230612.114412-srg.jar%23393!/:?]
	at net.minecraft.world.level.storage.loot.LootTable$Serializer.deserialize(LootTable.java:294) ~[server-1.20.1-20230612.114412-srg.jar%23393!/:?]
	at net.minecraft.world.level.storage.loot.LootTable$Serializer.deserialize(LootTable.java:291) ~[server-1.20.1-20230612.114412-srg.jar%23393!/:?]
	at com.google.gson.internal.bind.TreeTypeAdapter.read(TreeTypeAdapter.java:76) ~[gson-2.10.jar%2372!/:?]
	at com.google.gson.Gson.fromJson(Gson.java:1214) ~[gson-2.10.jar%2372!/:?]
	at com.google.gson.Gson.fromJson(Gson.java:1319) ~[gson-2.10.jar%2372!/:?]
	at com.google.gson.Gson.fromJson(Gson.java:1261) ~[gson-2.10.jar%2372!/:?]
	at net.minecraftforge.common.ForgeHooks.loadLootTable(ForgeHooks.java:871) ~[forge-1.20.1-47.3.33-universal.jar%23398!/:?]
	at net.minecraftforge.common.ForgeHooks.lambda$getLootTableDeserializer$3(ForgeHooks.java:848) ~[forge-1.20.1-47.3.33-universal.jar%23398!/:?]
	at net.minecraft.world.level.storage.loot.LootDataType.deserialize(LootDataType.java:45) ~[server-1.20.1-20230612.114412-srg.jar%23393!/:?]
	at net.minecraft.world.level.storage.loot.LootDataManager.lambda$scheduleElementParse$4(LootDataManager.java:56) ~[server-1.20.1-20230612.114412-srg.jar%23393!/:?]
	at java.util.HashMap.forEach(HashMap.java:1421) ~[?:?]
	at net.minecraft.world.level.storage.loot.LootDataManager.m_278660_(LootDataManager.java:55) ~[server-1.20.1-20230612.114412-srg.jar%23393!/:?]
	at java.util.concurrent.CompletableFuture$AsyncRun.run(CompletableFuture.java:1804) ~[?:?]
	at java.util.concurrent.CompletableFuture$AsyncRun.exec(CompletableFuture.java:1796) ~[?:?]
	at java.util.concurrent.ForkJoinTask.doExec(ForkJoinTask.java:373) ~[?:?]
	at java.util.concurrent.ForkJoinPool$WorkQueue.topLevelExec(ForkJoinPool.java:1182) ~[?:?]
	at java.util.concurrent.ForkJoinPool.scan(ForkJoinPool.java:1655) ~[?:?]
	at java.util.concurrent.ForkJoinPool.runWorker(ForkJoinPool.java:1622) ~[?:?]
	at java.util.concurrent.ForkJoinWorkerThread.run(ForkJoinWorkerThread.java:165) ~[?:?]
[09Jul2025 23:45:47.071] [main/WARN] [net.minecraft.world.level.storage.loot.LootDataManager/]: Found loot table element validation problem in {loot_tables:born_in_chaos_v1:entities/pumpkinhead}.pools[1].entries[2].functions[1]: Parameters [<parameter minecraft:tool>] are not provided in this context
[09Jul2025 23:45:47.071] [main/WARN] [net.minecraft.world.level.storage.loot.LootDataManager/]: Found loot table element validation problem in {loot_tables:born_in_chaos_v1:entities/pumpkinhead}.pools[1].entries[1].functions[1]: Parameters [<parameter minecraft:tool>] are not provided in this context
[09Jul2025 23:45:47.071] [main/WARN] [net.minecraft.world.level.storage.loot.LootDataManager/]: Found loot table element validation problem in {loot_tables:born_in_chaos_v1:entities/pumpkinhead}.pools[1].entries[0].functions[1]: Parameters [<parameter minecraft:tool>] are not provided in this context
[09Jul2025 23:45:47.071] [main/WARN] [net.minecraft.world.level.storage.loot.LootDataManager/]: Found loot table element validation problem in {loot_tables:alexsmobs:gameplay/seal_reward}.pools[0].entries[0]->{minecraft:gameplay/fishing/junk}.pools[1].condition[1]: Parameters [<parameter minecraft:origin>] are not provided in this context
[09Jul2025 23:45:47.305] [main/ERROR] [net.minecraft.world.item.crafting.RecipeManager/]: Parsing error loading recipe moderately_enough_effect_desc:lightning_resistance: com.google.gson.JsonSyntaxException: Invalid or unsupported recipe type 'jeed:effect_provider'
[09Jul2025 23:45:47.341] [main/ERROR] [net.minecraft.world.item.crafting.RecipeManager/]: Parsing error loading recipe moderately_enough_effect_desc:jawattack: com.google.gson.JsonSyntaxException: Invalid or unsupported recipe type 'jeed:effect_provider'
[09Jul2025 23:45:47.378] [main/ERROR] [net.minecraft.world.item.crafting.RecipeManager/]: Parsing error loading recipe moderately_enough_effect_desc:undead_summonun: com.google.gson.JsonSyntaxException: Invalid or unsupported recipe type 'jeed:effect_provider'
[09Jul2025 23:45:47.385] [main/ERROR] [net.minecraft.world.item.crafting.RecipeManager/]: Parsing error loading recipe moderately_enough_effect_desc:monstrous: com.google.gson.JsonSyntaxException: Invalid or unsupported recipe type 'jeed:effect_provider'
[09Jul2025 23:45:47.428] [main/ERROR] [net.minecraft.world.item.crafting.RecipeManager/]: Parsing error loading recipe moderately_enough_effect_desc:life_leach: com.google.gson.JsonSyntaxException: Invalid or unsupported recipe type 'jeed:effect_provider'
[09Jul2025 23:45:47.429] [main/INFO] [net.minecraft.world.item.crafting.RecipeManager/]: Skipping loading recipe twilightforest:jeed/hunger as it's serializer returned null
[09Jul2025 23:45:47.445] [main/ERROR] [net.minecraft.world.item.crafting.RecipeManager/]: Parsing error loading recipe moderately_enough_effect_desc:blazing_brand: com.google.gson.JsonSyntaxException: Invalid or unsupported recipe type 'jeed:effect_provider'
[09Jul2025 23:45:47.446] [main/ERROR] [net.minecraft.world.item.crafting.RecipeManager/]: Parsing error loading recipe moderately_enough_effect_desc:dark_splash: com.google.gson.JsonSyntaxException: Invalid or unsupported recipe type 'jeed:effect_provider'
[09Jul2025 23:45:47.452] [main/ERROR] [net.minecraft.world.item.crafting.RecipeManager/]: Parsing error loading recipe moderately_enough_effect_desc:fatal_flicker: com.google.gson.JsonSyntaxException: Invalid or unsupported recipe type 'jeed:effect_provider'
[09Jul2025 23:45:47.490] [main/ERROR] [net.minecraft.world.item.crafting.RecipeManager/]: Parsing error loading recipe moderately_enough_effect_desc:bleed_mariums: com.google.gson.JsonSyntaxException: Invalid or unsupported recipe type 'jeed:effect_provider'
[09Jul2025 23:45:47.497] [main/ERROR] [net.minecraft.world.item.crafting.RecipeManager/]: Parsing error loading recipe soulsweapons:frenzied_shade_disc: com.google.gson.JsonSyntaxException: Unknown item 'soulsweapons:frenzied_shade_disc'
[09Jul2025 23:45:47.504] [main/ERROR] [net.minecraft.world.item.crafting.RecipeManager/]: Parsing error loading recipe moderately_enough_effect_desc:frost_resistance: com.google.gson.JsonSyntaxException: Invalid or unsupported recipe type 'jeed:effect_provider'
[09Jul2025 23:45:47.504] [main/ERROR] [net.minecraft.world.item.crafting.RecipeManager/]: Parsing error loading recipe moderately_enough_effect_desc:stun: com.google.gson.JsonSyntaxException: Invalid or unsupported recipe type 'jeed:effect_provider'
[09Jul2025 23:45:47.506] [main/ERROR] [net.minecraft.world.item.crafting.RecipeManager/]: Parsing error loading recipe moderately_enough_effect_desc:gaze_of_terror: com.google.gson.JsonSyntaxException: Invalid or unsupported recipe type 'jeed:effect_provider'
[09Jul2025 23:45:47.518] [main/INFO] [net.minecraft.world.item.crafting.RecipeManager/]: Skipping loading recipe bloodmagic:meteor/thermal as it's serializer returned null
[09Jul2025 23:45:47.526] [main/ERROR] [net.minecraft.world.item.crafting.RecipeManager/]: Parsing error loading recipe moderately_enough_effect_desc:infernal_flame: com.google.gson.JsonSyntaxException: Invalid or unsupported recipe type 'jeed:effect_provider'
[09Jul2025 23:45:47.529] [main/ERROR] [net.minecraft.world.item.crafting.RecipeManager/]: Parsing error loading recipe moderately_enough_effect_desc:blight: com.google.gson.JsonSyntaxException: Invalid or unsupported recipe type 'jeed:effect_provider'
[09Jul2025 23:45:47.530] [main/ERROR] [net.minecraft.world.item.crafting.RecipeManager/]: Parsing error loading recipe moderately_enough_effect_desc:unstable_intangibility: com.google.gson.JsonSyntaxException: Invalid or unsupported recipe type 'jeed:effect_provider'
[09Jul2025 23:45:47.531] [main/ERROR] [net.minecraft.world.item.crafting.RecipeManager/]: Parsing error loading recipe moderately_enough_effect_desc:ghostly: com.google.gson.JsonSyntaxException: Invalid or unsupported recipe type 'jeed:effect_provider'
[09Jul2025 23:45:47.533] [main/ERROR] [net.minecraft.world.item.crafting.RecipeManager/]: Parsing error loading recipe moderately_enough_effect_desc:blessing_of_amethyst: com.google.gson.JsonSyntaxException: Invalid or unsupported recipe type 'jeed:effect_provider'
[09Jul2025 23:45:47.533] [main/ERROR] [net.minecraft.world.item.crafting.RecipeManager/]: Parsing error loading recipe moderately_enough_effect_desc:feather_fall: com.google.gson.JsonSyntaxException: Invalid or unsupported recipe type 'jeed:effect_provider'
[09Jul2025 23:45:47.533] [main/ERROR] [net.minecraft.world.item.crafting.RecipeManager/]: Parsing error loading recipe moderately_enough_effect_desc:stimulatingsurge: com.google.gson.JsonSyntaxException: Invalid or unsupported recipe type 'jeed:effect_provider'
[09Jul2025 23:45:47.534] [main/INFO] [net.minecraft.world.item.crafting.RecipeManager/]: Skipping loading recipe twilightforest:jeed/poison as it's serializer returned null
[09Jul2025 23:45:47.540] [main/ERROR] [net.minecraft.world.item.crafting.RecipeManager/]: Parsing error loading recipe moderately_enough_effect_desc:moon_herald: com.google.gson.JsonSyntaxException: Invalid or unsupported recipe type 'jeed:effect_provider'
[09Jul2025 23:45:47.541] [main/ERROR] [net.minecraft.world.item.crafting.RecipeManager/]: Parsing error loading recipe moderately_enough_effect_desc:vampiric_touch: com.google.gson.JsonSyntaxException: Invalid or unsupported recipe type 'jeed:effect_provider'
[09Jul2025 23:45:47.556] [main/ERROR] [net.minecraft.world.item.crafting.RecipeManager/]: Parsing error loading recipe moderately_enough_effect_desc:furious_rampage: com.google.gson.JsonSyntaxException: Invalid or unsupported recipe type 'jeed:effect_provider'
[09Jul2025 23:45:47.557] [main/ERROR] [net.minecraft.world.item.crafting.RecipeManager/]: Parsing error loading recipe moderately_enough_effect_desc:self_destructing: com.google.gson.JsonSyntaxException: Invalid or unsupported recipe type 'jeed:effect_provider'
[09Jul2025 23:45:47.576] [main/INFO] [net.minecraft.world.item.crafting.RecipeManager/]: Skipping loading recipe bloodmagic:meteor/immersive_engineering as it's serializer returned null
[09Jul2025 23:45:47.578] [main/ERROR] [net.minecraft.world.item.crafting.RecipeManager/]: Parsing error loading recipe moderately_enough_effect_desc:shadow_step: com.google.gson.JsonSyntaxException: Invalid or unsupported recipe type 'jeed:effect_provider'
[09Jul2025 23:45:47.582] [main/ERROR] [net.minecraft.world.item.crafting.RecipeManager/]: Parsing error loading recipe moderately_enough_effect_desc:decay: com.google.gson.JsonSyntaxException: Invalid or unsupported recipe type 'jeed:effect_provider'
[09Jul2025 23:45:47.589] [main/ERROR] [net.minecraft.world.item.crafting.RecipeManager/]: Parsing error loading recipe moderately_enough_effect_desc:preservation: com.google.gson.JsonSyntaxException: Invalid or unsupported recipe type 'jeed:effect_provider'
[09Jul2025 23:45:47.602] [main/ERROR] [net.minecraft.world.item.crafting.RecipeManager/]: Parsing error loading recipe moderately_enough_effect_desc:light_rampage: com.google.gson.JsonSyntaxException: Invalid or unsupported recipe type 'jeed:effect_provider'
[09Jul2025 23:45:47.602] [main/ERROR] [net.minecraft.world.item.crafting.RecipeManager/]: Parsing error loading recipe moderately_enough_effect_desc:posture_break: com.google.gson.JsonSyntaxException: Invalid or unsupported recipe type 'jeed:effect_provider'
[09Jul2025 23:45:47.612] [main/ERROR] [net.minecraft.world.item.crafting.RecipeManager/]: Parsing error loading recipe moderately_enough_effect_desc:mercy: com.google.gson.JsonSyntaxException: Invalid or unsupported recipe type 'jeed:effect_provider'
[09Jul2025 23:45:47.614] [main/INFO] [net.minecraft.world.item.crafting.RecipeManager/]: Skipping loading recipe supplementaries:inspirations/flag_clear as it's serializer returned null
[09Jul2025 23:45:47.625] [main/ERROR] [net.minecraft.world.item.crafting.RecipeManager/]: Parsing error loading recipe moderately_enough_effect_desc:bloodthirsty: com.google.gson.JsonSyntaxException: Invalid or unsupported recipe type 'jeed:effect_provider'
[09Jul2025 23:45:47.629] [main/ERROR] [net.minecraft.world.item.crafting.RecipeManager/]: Parsing error loading recipe moderately_enough_effect_desc:medium_rampage: com.google.gson.JsonSyntaxException: Invalid or unsupported recipe type 'jeed:effect_provider'
[09Jul2025 23:45:47.630] [main/ERROR] [net.minecraft.world.item.crafting.RecipeManager/]: Parsing error loading recipe moderately_enough_effect_desc:curse_of_desert: com.google.gson.JsonSyntaxException: Invalid or unsupported recipe type 'jeed:effect_provider'
[09Jul2025 23:45:47.632] [main/ERROR] [net.minecraft.world.item.crafting.RecipeManager/]: Parsing error loading recipe moderately_enough_effect_desc:freezing: com.google.gson.JsonSyntaxException: Invalid or unsupported recipe type 'jeed:effect_provider'
[09Jul2025 23:45:47.635] [main/INFO] [net.minecraft.world.item.crafting.RecipeManager/]: Skipping loading recipe twilightforest:jeed/regeneration as it's serializer returned null
[09Jul2025 23:45:47.642] [main/ERROR] [net.minecraft.world.item.crafting.RecipeManager/]: Parsing error loading recipe moderately_enough_effect_desc:spore: com.google.gson.JsonSyntaxException: Invalid or unsupported recipe type 'jeed:effect_provider'
[09Jul2025 23:45:47.646] [main/INFO] [net.minecraft.world.item.crafting.RecipeManager/]: Skipping loading recipe twilightforest:jeed/fire_resistance as it's serializer returned null
[09Jul2025 23:45:47.653] [main/ERROR] [net.minecraft.world.item.crafting.RecipeManager/]: Parsing error loading recipe moderately_enough_effect_desc:disable_heal: com.google.gson.JsonSyntaxException: Invalid or unsupported recipe type 'jeed:effect_provider'
[09Jul2025 23:45:47.653] [main/ERROR] [net.minecraft.world.item.crafting.RecipeManager/]: Parsing error loading recipe moderately_enough_effect_desc:cursed_mark: com.google.gson.JsonSyntaxException: Invalid or unsupported recipe type 'jeed:effect_provider'
[09Jul2025 23:45:47.655] [main/ERROR] [net.minecraft.world.item.crafting.RecipeManager/]: Parsing error loading recipe moderately_enough_effect_desc:magic_resistance: com.google.gson.JsonSyntaxException: Invalid or unsupported recipe type 'jeed:effect_provider'
[09Jul2025 23:45:47.655] [main/ERROR] [net.minecraft.world.item.crafting.RecipeManager/]: Parsing error loading recipe moderately_enough_effect_desc:intoxication: com.google.gson.JsonSyntaxException: Invalid or unsupported recipe type 'jeed:effect_provider'
[09Jul2025 23:45:47.656] [main/ERROR] [net.minecraft.world.item.crafting.RecipeManager/]: Parsing error loading recipe moderately_enough_effect_desc:magic_depletion: com.google.gson.JsonSyntaxException: Invalid or unsupported recipe type 'jeed:effect_provider'
[09Jul2025 23:45:47.657] [main/INFO] [net.minecraft.world.item.crafting.RecipeManager/]: Skipping loading recipe supplementaries:inspirations/blackboard_clear as it's serializer returned null
[09Jul2025 23:45:47.662] [main/ERROR] [net.minecraft.world.item.crafting.RecipeManager/]: Parsing error loading recipe moderately_enough_effect_desc:soul_stratification: com.google.gson.JsonSyntaxException: Invalid or unsupported recipe type 'jeed:effect_provider'
[09Jul2025 23:45:47.669] [main/ERROR] [net.minecraft.world.item.crafting.RecipeManager/]: Parsing error loading recipe moderately_enough_effect_desc:calculated_fall: com.google.gson.JsonSyntaxException: Invalid or unsupported recipe type 'jeed:effect_provider'
[09Jul2025 23:45:47.683] [main/INFO] [net.minecraft.world.item.crafting.RecipeManager/]: Skipping loading recipe twilightforest:jeed/frosted as it's serializer returned null
[09Jul2025 23:45:47.685] [main/INFO] [net.minecraft.world.item.crafting.RecipeManager/]: Skipping loading recipe supplementaries:inspirations/flag_dye as it's serializer returned null
[09Jul2025 23:45:47.696] [main/ERROR] [net.minecraft.world.item.crafting.RecipeManager/]: Parsing error loading recipe moderately_enough_effect_desc:rotten_smell: com.google.gson.JsonSyntaxException: Invalid or unsupported recipe type 'jeed:effect_provider'
[09Jul2025 23:45:47.705] [main/ERROR] [net.minecraft.world.item.crafting.RecipeManager/]: Parsing error loading recipe moderately_enough_effect_desc:detonation: com.google.gson.JsonSyntaxException: Invalid or unsupported recipe type 'jeed:effect_provider'
[09Jul2025 23:45:47.734] [main/ERROR] [net.minecraft.world.item.crafting.RecipeManager/]: Parsing error loading recipe moderately_enough_effect_desc:rampant_rampage: com.google.gson.JsonSyntaxException: Invalid or unsupported recipe type 'jeed:effect_provider'
[09Jul2025 23:45:47.734] [main/INFO] [net.minecraft.world.item.crafting.RecipeManager/]: Skipping loading recipe bloodmagic:meteor/ae2 as it's serializer returned null
[09Jul2025 23:45:47.742] [main/ERROR] [net.minecraft.world.item.crafting.RecipeManager/]: Parsing error loading recipe moderately_enough_effect_desc:true_sight: com.google.gson.JsonSyntaxException: Invalid or unsupported recipe type 'jeed:effect_provider'
[09Jul2025 23:45:47.744] [main/ERROR] [net.minecraft.world.item.crafting.RecipeManager/]: Parsing error loading recipe moderately_enough_effect_desc:veil_of_fire: com.google.gson.JsonSyntaxException: Invalid or unsupported recipe type 'jeed:effect_provider'
[09Jul2025 23:45:47.750] [main/ERROR] [net.minecraft.world.item.crafting.RecipeManager/]: Parsing error loading recipe moderately_enough_effect_desc:aquatic_life: com.google.gson.JsonSyntaxException: Invalid or unsupported recipe type 'jeed:effect_provider'
[09Jul2025 23:45:47.755] [main/INFO] [net.minecraft.world.item.crafting.RecipeManager/]: Skipping loading recipe twilightforest:jeed/blindness as it's serializer returned null
[09Jul2025 23:45:47.771] [main/ERROR] [net.minecraft.world.item.crafting.RecipeManager/]: Parsing error loading recipe moderately_enough_effect_desc:lifesteal: com.google.gson.JsonSyntaxException: Invalid or unsupported recipe type 'jeed:effect_provider'
[09Jul2025 23:45:47.775] [main/ERROR] [net.minecraft.world.item.crafting.RecipeManager/]: Parsing error loading recipe moderately_enough_effect_desc:burning: com.google.gson.JsonSyntaxException: Invalid or unsupported recipe type 'jeed:effect_provider'
[09Jul2025 23:45:47.777] [main/ERROR] [net.minecraft.world.item.crafting.RecipeManager/]: Parsing error loading recipe moderately_enough_effect_desc:retribution: com.google.gson.JsonSyntaxException: Invalid or unsupported recipe type 'jeed:effect_provider'
[09Jul2025 23:45:47.796] [main/ERROR] [net.minecraft.world.item.crafting.RecipeManager/]: Parsing error loading recipe moderately_enough_effect_desc:living_bomb: com.google.gson.JsonSyntaxException: Invalid or unsupported recipe type 'jeed:effect_provider'
[09Jul2025 23:45:47.811] [main/ERROR] [net.minecraft.world.item.crafting.RecipeManager/]: Parsing error loading recipe moderately_enough_effect_desc:diversion: com.google.gson.JsonSyntaxException: Invalid or unsupported recipe type 'jeed:effect_provider'
[09Jul2025 23:45:47.813] [main/ERROR] [net.minecraft.world.item.crafting.RecipeManager/]: Parsing error loading recipe moderately_enough_effect_desc:reach: com.google.gson.JsonSyntaxException: Invalid or unsupported recipe type 'jeed:effect_provider'
[09Jul2025 23:45:47.829] [main/ERROR] [net.minecraft.world.item.crafting.RecipeManager/]: Parsing error loading recipe moderately_enough_effect_desc:calcified: com.google.gson.JsonSyntaxException: Invalid or unsupported recipe type 'jeed:effect_provider'
[09Jul2025 23:45:47.830] [main/ERROR] [net.minecraft.world.item.crafting.RecipeManager/]: Parsing error loading recipe moderately_enough_effect_desc:strong_rampage: com.google.gson.JsonSyntaxException: Invalid or unsupported recipe type 'jeed:effect_provider'
[09Jul2025 23:45:47.838] [main/INFO] [net.minecraft.world.item.crafting.RecipeManager/]: Skipping loading recipe twilightforest:jeed/resistance as it's serializer returned null
[09Jul2025 23:45:47.841] [main/ERROR] [net.minecraft.world.item.crafting.RecipeManager/]: Parsing error loading recipe moderately_enough_effect_desc:bone_fracture: com.google.gson.JsonSyntaxException: Invalid or unsupported recipe type 'jeed:effect_provider'
[09Jul2025 23:45:47.842] [main/ERROR] [net.minecraft.world.item.crafting.RecipeManager/]: Parsing error loading recipe moderately_enough_effect_desc:hallowed_dragon_mist: com.google.gson.JsonSyntaxException: Invalid or unsupported recipe type 'jeed:effect_provider'
[09Jul2025 23:45:47.856] [main/ERROR] [net.minecraft.world.item.crafting.RecipeManager/]: Parsing error loading recipe moderately_enough_effect_desc:purification: com.google.gson.JsonSyntaxException: Invalid or unsupported recipe type 'jeed:effect_provider'
[09Jul2025 23:45:47.857] [main/ERROR] [net.minecraft.world.item.crafting.RecipeManager/]: Parsing error loading recipe moderately_enough_effect_desc:fear: com.google.gson.JsonSyntaxException: Invalid or unsupported recipe type 'jeed:effect_provider'
[09Jul2025 23:45:47.858] [main/INFO] [net.minecraft.world.item.crafting.RecipeManager/]: Skipping loading recipe bloodmagic:meteor/myst_ag as it's serializer returned null
[09Jul2025 23:45:47.866] [main/ERROR] [net.minecraft.world.item.crafting.RecipeManager/]: Parsing error loading recipe moderately_enough_effect_desc:echo: com.google.gson.JsonSyntaxException: Invalid or unsupported recipe type 'jeed:effect_provider'
[09Jul2025 23:45:47.871] [main/ERROR] [net.minecraft.world.item.crafting.RecipeManager/]: Parsing error loading recipe moderately_enough_effect_desc:carry: com.google.gson.JsonSyntaxException: Invalid or unsupported recipe type 'jeed:effect_provider'
[09Jul2025 23:45:47.873] [main/ERROR] [net.minecraft.world.item.crafting.RecipeManager/]: Parsing error loading recipe moderately_enough_effect_desc:myiasis: com.google.gson.JsonSyntaxException: Invalid or unsupported recipe type 'jeed:effect_provider'
[09Jul2025 23:45:47.874] [main/INFO] [net.minecraft.world.item.crafting.RecipeManager/]: Skipping loading recipe twilightforest:jeed/slowness as it's serializer returned null
[09Jul2025 23:45:47.874] [main/ERROR] [net.minecraft.world.item.crafting.RecipeManager/]: Parsing error loading recipe moderately_enough_effect_desc:stimulation: com.google.gson.JsonSyntaxException: Invalid or unsupported recipe type 'jeed:effect_provider'
[09Jul2025 23:45:47.874] [main/ERROR] [net.minecraft.world.item.crafting.RecipeManager/]: Parsing error loading recipe moderately_enough_effect_desc:prayer: com.google.gson.JsonSyntaxException: Invalid or unsupported recipe type 'jeed:effect_provider'
[09Jul2025 23:45:47.887] [main/INFO] [net.minecraft.world.item.crafting.RecipeManager/]: Loaded 64 recipes
[09Jul2025 23:45:47.970] [main/ERROR] [net.minecraft.server.ServerAdvancementManager/]: Parsing error loading custom advancement spartanshields:recipes/basic_mekanists_tower_shield: Unknown item id 'mekanism:energy_tablet'
[09Jul2025 23:45:48.002] [main/ERROR] [net.minecraft.server.ServerAdvancementManager/]: Parsing error loading custom advancement spartanshields:recipes/dark_steel_riot_basic_shield: Unknown item id 'enderio:octadic_capacitor'
[09Jul2025 23:45:48.044] [main/ERROR] [net.minecraft.server.ServerAdvancementManager/]: Parsing error loading custom advancement spartanshields:recipes/dark_steel_riot_tower_shield: Unknown item id 'enderio:octadic_capacitor'
[09Jul2025 23:45:48.047] [main/ERROR] [net.minecraft.server.ServerAdvancementManager/]: Parsing error loading custom advancement spartanshields:recipes/basic_mekanists_basic_shield: Unknown item id 'mekanism:energy_tablet'
[09Jul2025 23:45:48.065] [main/INFO] [quark/]: [Automatic Recipe Unlock] Removed 5200 recipe advancements
[09Jul2025 23:45:48.076] [main/INFO] [net.minecraft.advancements.AdvancementList/]: Loaded 1002 advancements
[09Jul2025 23:45:48.084] [main/INFO] [top.theillusivec4.curios.Curios/]: Loaded 16 curio slots
[09Jul2025 23:45:48.088] [main/INFO] [top.theillusivec4.curios.Curios/]: Loaded 11 curio entities
[09Jul2025 23:45:48.103] [main/WARN] [net.minecraftforge.common.loot.LootModifierManager/]: Unable to decode loot conditions
com.google.gson.JsonSyntaxException: Unknown type 'minecraft:alternatives'
	at net.minecraft.world.level.storage.loot.GsonAdapterFactory$JsonAdapter.deserialize(GsonAdapterFactory.java:99) ~[server-1.20.1-20230612.114412-srg.jar%23393!/:?]
	at com.google.gson.internal.bind.TreeTypeAdapter.read(TreeTypeAdapter.java:76) ~[gson-2.10.jar%2372!/:?]
	at com.google.gson.internal.bind.TypeAdapterRuntimeTypeWrapper.read(TypeAdapterRuntimeTypeWrapper.java:40) ~[gson-2.10.jar%2372!/:?]
	at com.google.gson.internal.bind.ArrayTypeAdapter.read(ArrayTypeAdapter.java:72) ~[gson-2.10.jar%2372!/:?]
	at com.google.gson.Gson.fromJson(Gson.java:1214) ~[gson-2.10.jar%2372!/:?]
	at com.google.gson.Gson.fromJson(Gson.java:1319) ~[gson-2.10.jar%2372!/:?]
	at com.google.gson.Gson.fromJson(Gson.java:1261) ~[gson-2.10.jar%2372!/:?]
	at net.minecraftforge.common.loot.IGlobalLootModifier.lambda$static$1(IGlobalLootModifier.java:39) ~[forge-1.20.1-47.3.33-universal.jar%23398!/:?]
	at com.mojang.serialization.Decoder$1.lambda$decode$1(Decoder.java:49) ~[datafixerupper-6.0.8.jar%2377!/:?]
	at com.mojang.serialization.DataResult.lambda$flatMap$11(DataResult.java:139) ~[datafixerupper-6.0.8.jar%2377!/:?]
	at com.mojang.datafixers.util.Either$Left.map(Either.java:38) ~[datafixerupper-6.0.8.jar%2377!/:?]
	at com.mojang.serialization.DataResult.flatMap(DataResult.java:137) ~[datafixerupper-6.0.8.jar%2377!/:?]
	at com.mojang.serialization.Decoder$1.decode(Decoder.java:49) ~[datafixerupper-6.0.8.jar%2377!/:?]
	at com.mojang.serialization.Codec$2.decode(Codec.java:71) ~[datafixerupper-6.0.8.jar%2377!/:?]
	at com.mojang.serialization.Decoder.parse(Decoder.java:18) ~[datafixerupper-6.0.8.jar%2377!/:?]
	at com.mojang.serialization.codecs.FieldDecoder.decode(FieldDecoder.java:29) ~[datafixerupper-6.0.8.jar%2377!/:?]
	at com.mojang.serialization.MapCodec$1.decode(MapCodec.java:34) ~[datafixerupper-6.0.8.jar%2377!/:?]
	at com.mojang.serialization.codecs.RecordCodecBuilder$Instance$5.decode(RecordCodecBuilder.java:323) ~[datafixerupper-6.0.8.jar%2377!/:?]
	at com.mojang.serialization.codecs.RecordCodecBuilder$2.decode(RecordCodecBuilder.java:107) ~[datafixerupper-6.0.8.jar%2377!/:?]
	at com.mojang.serialization.codecs.KeyDispatchCodec.lambda$decode$3(KeyDispatchCodec.java:67) ~[datafixerupper-6.0.8.jar%2377!/:?]
	at com.mojang.serialization.DataResult.lambda$flatMap$11(DataResult.java:139) ~[datafixerupper-6.0.8.jar%2377!/:?]
	at com.mojang.datafixers.util.Either$Left.map(Either.java:38) ~[datafixerupper-6.0.8.jar%2377!/:?]
	at com.mojang.serialization.DataResult.flatMap(DataResult.java:137) ~[datafixerupper-6.0.8.jar%2377!/:?]
	at com.mojang.serialization.codecs.KeyDispatchCodec.lambda$decode$4(KeyDispatchCodec.java:58) ~[datafixerupper-6.0.8.jar%2377!/:?]
	at com.mojang.serialization.DataResult.lambda$flatMap$11(DataResult.java:139) ~[datafixerupper-6.0.8.jar%2377!/:?]
	at com.mojang.datafixers.util.Either$Left.map(Either.java:38) ~[datafixerupper-6.0.8.jar%2377!/:?]
	at com.mojang.serialization.DataResult.flatMap(DataResult.java:137) ~[datafixerupper-6.0.8.jar%2377!/:?]
	at com.mojang.serialization.codecs.KeyDispatchCodec.decode(KeyDispatchCodec.java:56) ~[datafixerupper-6.0.8.jar%2377!/:?]
	at com.mojang.serialization.MapDecoder.lambda$compressedDecode$1(MapDecoder.java:52) ~[datafixerupper-6.0.8.jar%2377!/:?]
	at com.mojang.serialization.DataResult.lambda$flatMap$11(DataResult.java:139) ~[datafixerupper-6.0.8.jar%2377!/:?]
	at com.mojang.datafixers.util.Either$Left.map(Either.java:38) ~[datafixerupper-6.0.8.jar%2377!/:?]
	at com.mojang.serialization.DataResult.flatMap(DataResult.java:137) ~[datafixerupper-6.0.8.jar%2377!/:?]
	at com.mojang.serialization.MapDecoder.compressedDecode(MapDecoder.java:52) ~[datafixerupper-6.0.8.jar%2377!/:?]
	at com.mojang.serialization.MapCodec$MapCodecCodec.decode(MapCodec.java:91) ~[datafixerupper-6.0.8.jar%2377!/:?]
	at com.mojang.serialization.Decoder.parse(Decoder.java:18) ~[datafixerupper-6.0.8.jar%2377!/:?]
	at net.minecraftforge.common.loot.LootModifierManager.apply(LootModifierManager.java:79) ~[forge-1.20.1-47.3.33-universal.jar%23398!/:?]
	at net.minecraftforge.common.loot.LootModifierManager.m_5787_(LootModifierManager.java:38) ~[forge-1.20.1-47.3.33-universal.jar%23398!/:?]
	at net.minecraft.server.packs.resources.SimplePreparableReloadListener.m_10789_(SimplePreparableReloadListener.java:13) ~[server-1.20.1-20230612.114412-srg.jar%23393!/:?]
	at java.util.concurrent.CompletableFuture$UniAccept.tryFire(CompletableFuture.java:718) ~[?:?]
	at java.util.concurrent.CompletableFuture$Completion.run(CompletableFuture.java:482) ~[?:?]
	at net.minecraft.server.packs.resources.SimpleReloadInstance.m_143940_(SimpleReloadInstance.java:69) ~[server-1.20.1-20230612.114412-srg.jar%23393!/:?]
	at net.minecraft.Util.m_214652_(Util.java:783) ~[server-1.20.1-20230612.114412-srg.jar%23393!/:?]
	at net.minecraft.Util.m_214679_(Util.java:772) ~[server-1.20.1-20230612.114412-srg.jar%23393!/:?]
	at net.minecraft.server.Main.main(Main.java:166) ~[server-1.20.1-20230612.114412-srg.jar%23393!/:?]
	at jdk.internal.reflect.NativeMethodAccessorImpl.invoke0(Native Method) ~[?:?]
	at jdk.internal.reflect.NativeMethodAccessorImpl.invoke(NativeMethodAccessorImpl.java:77) ~[?:?]
	at jdk.internal.reflect.DelegatingMethodAccessorImpl.invoke(DelegatingMethodAccessorImpl.java:43) ~[?:?]
	at java.lang.reflect.Method.invoke(Method.java:569) ~[?:?]
	at net.minecraftforge.fml.loading.targets.CommonLaunchHandler.runTarget(CommonLaunchHandler.java:111) ~[fmlloader-1.20.1-47.3.33.jar%2369!/:?]
	at net.minecraftforge.fml.loading.targets.CommonLaunchHandler.serverService(CommonLaunchHandler.java:103) ~[fmlloader-1.20.1-47.3.33.jar%2369!/:?]
	at net.minecraftforge.fml.loading.targets.CommonServerLaunchHandler.lambda$makeService$0(CommonServerLaunchHandler.java:27) ~[fmlloader-1.20.1-47.3.33.jar%2369!/:?]
	at cpw.mods.modlauncher.LaunchServiceHandlerDecorator.launch(LaunchServiceHandlerDecorator.java:30) ~[modlauncher-10.0.9.jar%2355!/:?]
	at cpw.mods.modlauncher.LaunchServiceHandler.launch(LaunchServiceHandler.java:53) ~[modlauncher-10.0.9.jar%2355!/:?]
	at cpw.mods.modlauncher.LaunchServiceHandler.launch(LaunchServiceHandler.java:71) ~[modlauncher-10.0.9.jar%2355!/:?]
	at cpw.mods.modlauncher.Launcher.run(Launcher.java:108) ~[modlauncher-10.0.9.jar%2355!/:?]
	at cpw.mods.modlauncher.Launcher.main(Launcher.java:78) ~[modlauncher-10.0.9.jar%2355!/:?]
	at cpw.mods.modlauncher.BootstrapLaunchConsumer.accept(BootstrapLaunchConsumer.java:26) ~[modlauncher-10.0.9.jar%2355!/:?]
	at cpw.mods.modlauncher.BootstrapLaunchConsumer.accept(BootstrapLaunchConsumer.java:23) ~[modlauncher-10.0.9.jar%2355!/:?]
	at cpw.mods.bootstraplauncher.BootstrapLauncher.main(BootstrapLauncher.java:141) ~[bootstraplauncher-1.1.2.jar:?]
[09Jul2025 23:45:48.105] [main/WARN] [net.minecraftforge.common.loot.LootModifierManager/]: Could not decode GlobalLootModifier with json id nethersdelight:chopping_leather - error: Unknown type 'minecraft:alternatives'
[09Jul2025 23:45:48.106] [main/WARN] [net.minecraftforge.common.loot.LootModifierManager/]: Unable to decode loot conditions
com.google.gson.JsonSyntaxException: Unknown type 'minecraft:alternative'
	at net.minecraft.world.level.storage.loot.GsonAdapterFactory$JsonAdapter.deserialize(GsonAdapterFactory.java:99) ~[server-1.20.1-20230612.114412-srg.jar%23393!/:?]
	at com.google.gson.internal.bind.TreeTypeAdapter.read(TreeTypeAdapter.java:76) ~[gson-2.10.jar%2372!/:?]
	at com.google.gson.internal.bind.TypeAdapterRuntimeTypeWrapper.read(TypeAdapterRuntimeTypeWrapper.java:40) ~[gson-2.10.jar%2372!/:?]
	at com.google.gson.internal.bind.ArrayTypeAdapter.read(ArrayTypeAdapter.java:72) ~[gson-2.10.jar%2372!/:?]
	at com.google.gson.Gson.fromJson(Gson.java:1214) ~[gson-2.10.jar%2372!/:?]
	at com.google.gson.Gson.fromJson(Gson.java:1319) ~[gson-2.10.jar%2372!/:?]
	at com.google.gson.Gson.fromJson(Gson.java:1261) ~[gson-2.10.jar%2372!/:?]
	at net.minecraftforge.common.loot.IGlobalLootModifier.lambda$static$1(IGlobalLootModifier.java:39) ~[forge-1.20.1-47.3.33-universal.jar%23398!/:?]
	at com.mojang.serialization.Decoder$1.lambda$decode$1(Decoder.java:49) ~[datafixerupper-6.0.8.jar%2377!/:?]
	at com.mojang.serialization.DataResult.lambda$flatMap$11(DataResult.java:139) ~[datafixerupper-6.0.8.jar%2377!/:?]
	at com.mojang.datafixers.util.Either$Left.map(Either.java:38) ~[datafixerupper-6.0.8.jar%2377!/:?]
	at com.mojang.serialization.DataResult.flatMap(DataResult.java:137) ~[datafixerupper-6.0.8.jar%2377!/:?]
	at com.mojang.serialization.Decoder$1.decode(Decoder.java:49) ~[datafixerupper-6.0.8.jar%2377!/:?]
	at com.mojang.serialization.Codec$2.decode(Codec.java:71) ~[datafixerupper-6.0.8.jar%2377!/:?]
	at com.mojang.serialization.Decoder.parse(Decoder.java:18) ~[datafixerupper-6.0.8.jar%2377!/:?]
	at com.mojang.serialization.codecs.FieldDecoder.decode(FieldDecoder.java:29) ~[datafixerupper-6.0.8.jar%2377!/:?]
	at com.mojang.serialization.MapCodec$1.decode(MapCodec.java:34) ~[datafixerupper-6.0.8.jar%2377!/:?]
	at com.mojang.serialization.codecs.RecordCodecBuilder$Instance$5.decode(RecordCodecBuilder.java:323) ~[datafixerupper-6.0.8.jar%2377!/:?]
	at com.mojang.serialization.codecs.RecordCodecBuilder$2.decode(RecordCodecBuilder.java:107) ~[datafixerupper-6.0.8.jar%2377!/:?]
	at com.mojang.serialization.codecs.KeyDispatchCodec.lambda$decode$3(KeyDispatchCodec.java:67) ~[datafixerupper-6.0.8.jar%2377!/:?]
	at com.mojang.serialization.DataResult.lambda$flatMap$11(DataResult.java:139) ~[datafixerupper-6.0.8.jar%2377!/:?]
	at com.mojang.datafixers.util.Either$Left.map(Either.java:38) ~[datafixerupper-6.0.8.jar%2377!/:?]
	at com.mojang.serialization.DataResult.flatMap(DataResult.java:137) ~[datafixerupper-6.0.8.jar%2377!/:?]
	at com.mojang.serialization.codecs.KeyDispatchCodec.lambda$decode$4(KeyDispatchCodec.java:58) ~[datafixerupper-6.0.8.jar%2377!/:?]
	at com.mojang.serialization.DataResult.lambda$flatMap$11(DataResult.java:139) ~[datafixerupper-6.0.8.jar%2377!/:?]
	at com.mojang.datafixers.util.Either$Left.map(Either.java:38) ~[datafixerupper-6.0.8.jar%2377!/:?]
	at com.mojang.serialization.DataResult.flatMap(DataResult.java:137) ~[datafixerupper-6.0.8.jar%2377!/:?]
	at com.mojang.serialization.codecs.KeyDispatchCodec.decode(KeyDispatchCodec.java:56) ~[datafixerupper-6.0.8.jar%2377!/:?]
	at com.mojang.serialization.MapDecoder.lambda$compressedDecode$1(MapDecoder.java:52) ~[datafixerupper-6.0.8.jar%2377!/:?]
	at com.mojang.serialization.DataResult.lambda$flatMap$11(DataResult.java:139) ~[datafixerupper-6.0.8.jar%2377!/:?]
	at com.mojang.datafixers.util.Either$Left.map(Either.java:38) ~[datafixerupper-6.0.8.jar%2377!/:?]
	at com.mojang.serialization.DataResult.flatMap(DataResult.java:137) ~[datafixerupper-6.0.8.jar%2377!/:?]
	at com.mojang.serialization.MapDecoder.compressedDecode(MapDecoder.java:52) ~[datafixerupper-6.0.8.jar%2377!/:?]
	at com.mojang.serialization.MapCodec$MapCodecCodec.decode(MapCodec.java:91) ~[datafixerupper-6.0.8.jar%2377!/:?]
	at com.mojang.serialization.Decoder.parse(Decoder.java:18) ~[datafixerupper-6.0.8.jar%2377!/:?]
	at net.minecraftforge.common.loot.LootModifierManager.apply(LootModifierManager.java:79) ~[forge-1.20.1-47.3.33-universal.jar%23398!/:?]
	at net.minecraftforge.common.loot.LootModifierManager.m_5787_(LootModifierManager.java:38) ~[forge-1.20.1-47.3.33-universal.jar%23398!/:?]
	at net.minecraft.server.packs.resources.SimplePreparableReloadListener.m_10789_(SimplePreparableReloadListener.java:13) ~[server-1.20.1-20230612.114412-srg.jar%23393!/:?]
	at java.util.concurrent.CompletableFuture$UniAccept.tryFire(CompletableFuture.java:718) ~[?:?]
	at java.util.concurrent.CompletableFuture$Completion.run(CompletableFuture.java:482) ~[?:?]
	at net.minecraft.server.packs.resources.SimpleReloadInstance.m_143940_(SimpleReloadInstance.java:69) ~[server-1.20.1-20230612.114412-srg.jar%23393!/:?]
	at net.minecraft.Util.m_214652_(Util.java:783) ~[server-1.20.1-20230612.114412-srg.jar%23393!/:?]
	at net.minecraft.Util.m_214679_(Util.java:772) ~[server-1.20.1-20230612.114412-srg.jar%23393!/:?]
	at net.minecraft.server.Main.main(Main.java:166) ~[server-1.20.1-20230612.114412-srg.jar%23393!/:?]
	at jdk.internal.reflect.NativeMethodAccessorImpl.invoke0(Native Method) ~[?:?]
	at jdk.internal.reflect.NativeMethodAccessorImpl.invoke(NativeMethodAccessorImpl.java:77) ~[?:?]
	at jdk.internal.reflect.DelegatingMethodAccessorImpl.invoke(DelegatingMethodAccessorImpl.java:43) ~[?:?]
	at java.lang.reflect.Method.invoke(Method.java:569) ~[?:?]
	at net.minecraftforge.fml.loading.targets.CommonLaunchHandler.runTarget(CommonLaunchHandler.java:111) ~[fmlloader-1.20.1-47.3.33.jar%2369!/:?]
	at net.minecraftforge.fml.loading.targets.CommonLaunchHandler.serverService(CommonLaunchHandler.java:103) ~[fmlloader-1.20.1-47.3.33.jar%2369!/:?]
	at net.minecraftforge.fml.loading.targets.CommonServerLaunchHandler.lambda$makeService$0(CommonServerLaunchHandler.java:27) ~[fmlloader-1.20.1-47.3.33.jar%2369!/:?]
	at cpw.mods.modlauncher.LaunchServiceHandlerDecorator.launch(LaunchServiceHandlerDecorator.java:30) ~[modlauncher-10.0.9.jar%2355!/:?]
	at cpw.mods.modlauncher.LaunchServiceHandler.launch(LaunchServiceHandler.java:53) ~[modlauncher-10.0.9.jar%2355!/:?]
	at cpw.mods.modlauncher.LaunchServiceHandler.launch(LaunchServiceHandler.java:71) ~[modlauncher-10.0.9.jar%2355!/:?]
	at cpw.mods.modlauncher.Launcher.run(Launcher.java:108) ~[modlauncher-10.0.9.jar%2355!/:?]
	at cpw.mods.modlauncher.Launcher.main(Launcher.java:78) ~[modlauncher-10.0.9.jar%2355!/:?]
	at cpw.mods.modlauncher.BootstrapLaunchConsumer.accept(BootstrapLaunchConsumer.java:26) ~[modlauncher-10.0.9.jar%2355!/:?]
	at cpw.mods.modlauncher.BootstrapLaunchConsumer.accept(BootstrapLaunchConsumer.java:23) ~[modlauncher-10.0.9.jar%2355!/:?]
	at cpw.mods.bootstraplauncher.BootstrapLauncher.main(BootstrapLauncher.java:141) ~[bootstraplauncher-1.1.2.jar:?]
[09Jul2025 23:45:48.107] [main/WARN] [net.minecraftforge.common.loot.LootModifierManager/]: Could not decode GlobalLootModifier with json id nethersdelight:chopping_string - error: Unknown type 'minecraft:alternative'
[09Jul2025 23:45:48.110] [main/INFO] [slimeknights.mantle.fluid.transfer.FluidContainerTransferManager/]: Loaded 25 dynamic modifiers in 1.01324 ms
[09Jul2025 23:45:48.110] [main/INFO] [com.github.nyuppo.MoreMobVariants/]: Reloading config...
[09Jul2025 23:45:48.126] [main/INFO] [twilightforest/]: Loaded 9 Stalactite configs!
[09Jul2025 23:45:48.192] [main/INFO] [slimeknights.tconstruct.library.modifiers.ModifierManager/]: Loaded 134 dynamic modifiers and 4 modifier redirects in 54.12814 ms
[09Jul2025 23:45:48.198] [main/INFO] [slimeknights.tconstruct.library.modifiers.ModifierManager/]: Loaded 40 modifier tags for 138 modifiers in 5.981061 ms
[09Jul2025 23:45:48.199] [main/INFO] [slimeknights.tconstruct.library.modifiers.ModifierManager/]: Loaded 50 enchantment to modifier mappings in 0.551969 ms
[09Jul2025 23:45:48.202] [main/INFO] [tconstruct/]: Loaded 46 spilling fluids in 3.076476 ms
[09Jul2025 23:45:48.205] [main/INFO] [quark-zeta/]: Modified advancement minecraft:husbandry/wax_on with 2 patches
[09Jul2025 23:45:48.206] [main/INFO] [quark-zeta/]: Modified advancement minecraft:adventure/kill_a_mob with 3 patches
[09Jul2025 23:45:48.206] [main/INFO] [quark-zeta/]: Modified advancement minecraft:husbandry/bred_all_animals with 3 patches
[09Jul2025 23:45:48.206] [main/INFO] [quark-zeta/]: Modified advancement minecraft:adventure/kill_all_mobs with 3 patches
[09Jul2025 23:45:48.206] [main/INFO] [quark-zeta/]: Modified advancement minecraft:husbandry/balanced_diet with 3 patches
[09Jul2025 23:45:48.206] [main/INFO] [quark-zeta/]: Modified advancement minecraft:husbandry/plant_seed with 1 patches
[09Jul2025 23:45:48.207] [main/INFO] [quark-zeta/]: Modified advancement minecraft:nether/all_effects with 2 patches
[09Jul2025 23:45:48.207] [main/INFO] [quark-zeta/]: Modified advancement minecraft:husbandry/wax_off with 2 patches
[09Jul2025 23:45:48.207] [main/INFO] [quark-zeta/]: Modified advancement minecraft:adventure/adventuring_time with 1 patches
[09Jul2025 23:45:48.207] [main/INFO] [quark-zeta/]: Modified advancement minecraft:nether/all_potions with 1 patches
[09Jul2025 23:45:48.267] [main/INFO] [Supplementaries/]: Loaded 27 flute songs
[09Jul2025 23:45:48.281] [main/INFO] [slimeknights.tconstruct.library.materials.definition.MaterialManager/]: Loaded 49 materials in 3.754611 ms
[09Jul2025 23:45:48.282] [main/INFO] [slimeknights.tconstruct.library.materials.definition.MaterialManager/]: Loaded 1 material tags for 20 materials in 1.516918 ms
[09Jul2025 23:45:48.291] [main/INFO] [slimeknights.tconstruct.library.materials.stats.MaterialStatsManager/]: 358 stats loaded for 60 materials in 9.026731 ms
[09Jul2025 23:45:48.300] [main/INFO] [slimeknights.tconstruct.library.materials.traits.MaterialTraitsManager/]: 185 traits loaded for 60 materials in 8.517189 ms
[09Jul2025 23:45:48.312] [main/INFO] [slimeknights.tconstruct.library.tools.definition.ToolDefinitionLoader/]: Loaded 38 tool definitions in 11.439139 ms
[09Jul2025 23:45:48.315] [main/INFO] [slimeknights.tconstruct.library.tools.layout.StationSlotLayoutLoader/]: Loaded 19 station slot layouts in 3.525313 ms
[09Jul2025 23:45:48.316] [main/INFO] [insane96mcp.insanelib.InsaneLib/]: Reloading InsaneLib JsonFeature Json
[09Jul2025 23:45:48.382] [main/WARN] [net.minecraft.core.MappedRegistry/]: Not all defined tags for registry ResourceKey[minecraft:root / minecraft:worldgen/biome] are present in data pack: minecraft:is_plains
[09Jul2025 23:45:48.466] [main/ERROR] [mixin/]: Injection error: LVT in net/minecraft/world/entity/npc/VillagerTrades$EmeraldsForVillagerTypeItem::m_213663_(Lnet/minecraft/world/entity/Entity;Lnet/minecraft/util/RandomSource;)Lnet/minecraft/world/item/trading/MerchantOffer; has incompatible changes at opcode 34 in callback fabric-object-builder-v1.mixins.json:TradeOffersTypeAwareBuyForOneEmeraldFactoryMixin from mod fabric_object_builder_api_v1->@Inject::failOnNullItem(Lnet/minecraft/world/entity/Entity;Lnet/minecraft/util/RandomSource;Lorg/spongepowered/asm/mixin/injection/callback/CallbackInfoReturnable;Lnet/minecraft/world/item/ItemStack;)V.
 Expected: [Lnet/minecraft/world/item/ItemStack;]
    Found: [Lnet/minecraft/world/item/Item;]
Available: [Lnet/minecraft/world/item/Item;, Lnet/minecraft/world/item/ItemStack;]
[09Jul2025 23:45:48.474] [main/INFO] [Moonlight/]: Applied 7 data villager trades
[09Jul2025 23:45:48.573] [main/INFO] [Supplementaries/]: Finished additional setup in 0 ms
[09Jul2025 23:45:48.610] [main/WARN] [ModernFix/]: Initial datapack load took 11.38 s
[09Jul2025 23:45:48.900] [Server thread/INFO] [net.minecraft.server.dedicated.DedicatedServer/]: Starting minecraft server version 1.20.1
[09Jul2025 23:45:48.900] [Server thread/INFO] [net.minecraft.server.dedicated.DedicatedServer/]: Loading properties
[09Jul2025 23:45:48.900] [Server thread/INFO] [net.minecraft.server.dedicated.DedicatedServer/]: Default game type: SURVIVAL
[09Jul2025 23:45:48.900] [Server thread/INFO] [net.minecraft.server.MinecraftServer/]: Generating keypair
[09Jul2025 23:45:49.026] [Server thread/INFO] [net.minecraft.server.dedicated.DedicatedServer/]: Starting Minecraft server on *:25565
[09Jul2025 23:45:49.049] [Server thread/INFO] [net.minecraft.server.network.ServerConnectionListener/]: Using epoll channel type
[09Jul2025 23:45:49.137] [Server thread/INFO] [com.tom.storagemod.StorageMod/]: Loaded Tom's Simple Storage config file toms_storage-server.toml
[09Jul2025 23:45:49.146] [Server thread/INFO] [Puzzles Lib/]: Loading server config for enchantinginfuser
[09Jul2025 23:45:49.406] [Server thread/INFO] [zeta/]: Server starting, accepting filewatcher changes for zeta's config
[09Jul2025 23:45:49.407] [Server thread/INFO] [Framework/]: Loading server configs...
[09Jul2025 23:45:49.419] [Server thread/INFO] [quark-zeta/]: Server starting, accepting filewatcher changes for quark's config
[09Jul2025 23:45:49.433] [Server thread/INFO] [terrablender/]: Initialized TerraBlender biomes for level stem minecraft:the_nether
[09Jul2025 23:45:50.077] [Server thread/INFO] [terrablender/]: Initialized TerraBlender biomes for level stem minecraft:overworld
[09Jul2025 23:45:50.078] [Server thread/INFO] [net.minecraft.server.dedicated.DedicatedServer/]: Preparing level "world"
[09Jul2025 23:45:50.794] [Server thread/WARN] [net.minecraft.network.syncher.SynchedEntityData/]: defineId called for: class com.cerbon.bosses_of_mass_destruction.entity.custom.obsidilith.ObsidilithEntity from class com.cerbon.bosses_of_mass_destruction.entity.custom.obsidilith.ObsidilithUtils
[09Jul2025 23:45:50.797] [Server thread/WARN] [net.minecraft.network.syncher.SynchedEntityData/]: defineId called for: class com.cerbon.bosses_of_mass_destruction.entity.custom.gauntlet.GauntletEntity from class com.cerbon.bosses_of_mass_destruction.projectile.PetalBladeProjectile
[09Jul2025 23:45:50.802] [Server thread/WARN] [net.minecraft.network.syncher.SynchedEntityData/]: defineId called for: class com.cerbon.bosses_of_mass_destruction.entity.util.BaseEntity from class com.cerbon.bosses_of_mass_destruction.entity.custom.void_blossom.hitbox.NetworkedHitboxManager
[09Jul2025 23:45:51.817] [Server thread/WARN] [mixin/]: Method overwrite conflict for removeIf in lithium.mixins.json:world.chunk_tickets.SortedArraySetMixin from mod radium, previously written by org.embeddedt.modernfix.common.mixin.bugfix.paper_chunk_patches.SortedArraySetMixin. Skipping method.
[09Jul2025 23:45:53.497] [Server thread/WARN] [com.structureessentials.StructureEssentials/]: Non-unique structure_set salt:0 potentially creating overlapping structures detected. Structure sets: [twilightforest:dark_tower, minecraft:mineshafts, twilightforest:final_castle, twilightforest:large_hollow_hill, twilightforest:mushroom_tower, twilightforest:hedge_maze, minecraft:buried_treasures, twilightforest:aurora_palace, twilightforest:naga_courtyard, twilightforest:lich_tower, twilightforest:labyrinth, twilightforest:yeti_cave, twilightforest:quest_grove, twilightforest:small_hollow_hill, witherstormmod:bowels, minecraft:strongholds, twilightforest:troll_cave, twilightforest:medium_hollow_hill, twilightforest:knight_stronghold, twilightforest:hydra_lair]
[09Jul2025 23:45:53.497] [Server thread/WARN] [com.structureessentials.StructureEssentials/]: Non-unique structure_set salt:10387313 potentially creating overlapping structures detected. Structure sets: [minecraft:ocean_monuments, minecraft:end_cities]
[09Jul2025 23:45:53.497] [Server thread/WARN] [com.structureessentials.StructureEssentials/]: Non-unique structure_set salt:817997296 potentially creating overlapping structures detected. Structure sets: [ati_structures:underground_medium, ati_structures:aboveground_large]
[09Jul2025 23:45:53.497] [Server thread/WARN] [com.structureessentials.StructureEssentials/]: Non-unique structure_set salt:783 potentially creating overlapping structures detected. Structure sets: [nova_structures:taverns, nova_structures:badlands_miner_outpost]
[09Jul2025 23:45:53.497] [Server thread/WARN] [com.structureessentials.StructureEssentials/]: Non-unique structure_set salt:499672 potentially creating overlapping structures detected. Structure sets: [bosses_of_mass_destruction:obsidilith_arena, bosses_of_mass_destruction:gauntlet_arena]
[09Jul2025 23:45:53.498] [Server thread/WARN] [com.structureessentials.StructureEssentials/]: Non-unique structure_set salt:10387312 potentially creating overlapping structures detected. Structure sets: [minecraft:villages, nova_structures:villages_jungle, nova_structures:villages_swamp]
[09Jul2025 23:45:53.498] [Server thread/WARN] [com.structureessentials.StructureEssentials/]: Non-unique structure_set salt:4533232 potentially creating overlapping structures detected. Structure sets: [nova_structures:illager_camp, nova_structures:nether_camps]
[09Jul2025 23:45:53.498] [Server thread/WARN] [com.structureessentials.StructureEssentials/]: Non-unique structure_set salt:239021 potentially creating overlapping structures detected. Structure sets: [nova_structures:desert_ruins, nova_structures:jungle_ruins]
[09Jul2025 23:45:53.499] [Server thread/INFO] [net.minecraft.server.MinecraftServer/]: Preparing start region for dimension minecraft:overworld
[09Jul2025 23:45:54.441] [Netty Epoll Server IO #1/INFO] [com.cupboard.Cupboard/]: Loaded config for: connectivity.json
[09Jul2025 23:45:54.734] [Netty Epoll Server IO #1/INFO] [net.minecraftforge.server.ServerLifecycleHooks/SERVERHOOKS]: Disconnecting Player (server is still starting): literal{Server is still starting! Please wait before reconnecting.}
[09Jul2025 23:45:55.520] [Server thread/ERROR] [net.minecraft.world.level.chunk.storage.ChunkSerializer/]: Recoverable errors when loading section [14, -3, -2]: (Unknown registry key in ResourceKey[minecraft:root / minecraft:worldgen/biome]: ars_nouveau:archwood_forest -> using default)
[09Jul2025 23:45:55.521] [Server thread/ERROR] [net.minecraft.world.level.chunk.storage.ChunkSerializer/]: Recoverable errors when loading section [14, -2, -2]: (Unknown registry key in ResourceKey[minecraft:root / minecraft:worldgen/biome]: ars_nouveau:archwood_forest -> using default)
[09Jul2025 23:45:55.521] [Server thread/ERROR] [net.minecraft.world.level.chunk.storage.ChunkSerializer/]: Recoverable errors when loading section [14, -1, -2]: (Unknown registry key in ResourceKey[minecraft:root / minecraft:worldgen/biome]: ars_nouveau:archwood_forest -> using default)
[09Jul2025 23:45:55.521] [Server thread/ERROR] [net.minecraft.world.level.chunk.storage.ChunkSerializer/]: Recoverable errors when loading section [14, 0, -2]: (Unknown registry key in ResourceKey[minecraft:root / minecraft:worldgen/biome]: ars_nouveau:archwood_forest -> using default)
[09Jul2025 23:45:55.522] [Server thread/ERROR] [net.minecraft.world.level.chunk.storage.ChunkSerializer/]: Recoverable errors when loading section [14, 3, -2]: (Unknown registry key in ResourceKey[minecraft:root / minecraft:worldgen/biome]: ars_nouveau:archwood_forest -> using default)
[09Jul2025 23:45:55.522] [Server thread/ERROR] [net.minecraft.world.level.chunk.storage.ChunkSerializer/]: Recoverable errors when loading section [14, 4, -2]: (Unknown registry key in ResourceKey[minecraft:root / minecraft:worldgen/biome]: ars_nouveau:archwood_forest -> using default)
[09Jul2025 23:45:55.523] [Server thread/ERROR] [net.minecraft.world.level.chunk.storage.ChunkSerializer/]: Recoverable errors when loading section [14, 5, -2]: (Unknown registry key in ResourceKey[minecraft:root / minecraft:worldgen/biome]: ars_nouveau:archwood_forest -> using default)
[09Jul2025 23:45:55.523] [Server thread/ERROR] [net.minecraft.world.level.chunk.storage.ChunkSerializer/]: Recoverable errors when loading section [14, 6, -2]: (Unknown registry key in ResourceKey[minecraft:root / minecraft:worldgen/biome]: ars_nouveau:archwood_forest -> using default)
[09Jul2025 23:45:55.523] [Server thread/ERROR] [net.minecraft.world.level.chunk.storage.ChunkSerializer/]: Recoverable errors when loading section [14, 7, -2]: (Unknown registry key in ResourceKey[minecraft:root / minecraft:worldgen/biome]: ars_nouveau:archwood_forest -> using default)
[09Jul2025 23:45:55.523] [Server thread/ERROR] [net.minecraft.world.level.chunk.storage.ChunkSerializer/]: Recoverable errors when loading section [14, 8, -2]: (Unknown registry key in ResourceKey[minecraft:root / minecraft:worldgen/biome]: ars_nouveau:archwood_forest -> using default)
[09Jul2025 23:45:55.524] [Server thread/ERROR] [net.minecraft.world.level.chunk.storage.ChunkSerializer/]: Recoverable errors when loading section [14, 9, -2]: (Unknown registry key in ResourceKey[minecraft:root / minecraft:worldgen/biome]: ars_nouveau:archwood_forest -> using default)
[09Jul2025 23:45:55.524] [Server thread/ERROR] [net.minecraft.world.level.chunk.storage.ChunkSerializer/]: Recoverable errors when loading section [14, 10, -2]: (Unknown registry key in ResourceKey[minecraft:root / minecraft:worldgen/biome]: ars_nouveau:archwood_forest -> using default)
[09Jul2025 23:45:55.524] [Server thread/ERROR] [net.minecraft.world.level.chunk.storage.ChunkSerializer/]: Recoverable errors when loading section [14, 11, -2]: (Unknown registry key in ResourceKey[minecraft:root / minecraft:worldgen/biome]: ars_nouveau:archwood_forest -> using default)
[09Jul2025 23:45:55.524] [Server thread/ERROR] [net.minecraft.world.level.chunk.storage.ChunkSerializer/]: Recoverable errors when loading section [14, 12, -2]: (Unknown registry key in ResourceKey[minecraft:root / minecraft:worldgen/biome]: ars_nouveau:archwood_forest -> using default)
[09Jul2025 23:45:55.525] [Server thread/ERROR] [net.minecraft.world.level.chunk.storage.ChunkSerializer/]: Recoverable errors when loading section [14, 13, -2]: (Unknown registry key in ResourceKey[minecraft:root / minecraft:worldgen/biome]: ars_nouveau:archwood_forest -> using default)
[09Jul2025 23:45:55.525] [Server thread/ERROR] [net.minecraft.world.level.chunk.storage.ChunkSerializer/]: Recoverable errors when loading section [14, 14, -2]: (Unknown registry key in ResourceKey[minecraft:root / minecraft:worldgen/biome]: ars_nouveau:archwood_forest -> using default)
[09Jul2025 23:45:55.525] [Server thread/ERROR] [net.minecraft.world.level.chunk.storage.ChunkSerializer/]: Recoverable errors when loading section [14, 15, -2]: (Unknown registry key in ResourceKey[minecraft:root / minecraft:worldgen/biome]: ars_nouveau:archwood_forest -> using default)
[09Jul2025 23:45:55.525] [Server thread/ERROR] [net.minecraft.world.level.chunk.storage.ChunkSerializer/]: Recoverable errors when loading section [14, 16, -2]: (Unknown registry key in ResourceKey[minecraft:root / minecraft:worldgen/biome]: ars_nouveau:archwood_forest -> using default)
[09Jul2025 23:45:55.526] [Server thread/ERROR] [net.minecraft.world.level.chunk.storage.ChunkSerializer/]: Recoverable errors when loading section [14, 17, -2]: (Unknown registry key in ResourceKey[minecraft:root / minecraft:worldgen/biome]: ars_nouveau:archwood_forest -> using default)
[09Jul2025 23:45:55.526] [Server thread/ERROR] [net.minecraft.world.level.chunk.storage.ChunkSerializer/]: Recoverable errors when loading section [14, 18, -2]: (Unknown registry key in ResourceKey[minecraft:root / minecraft:worldgen/biome]: ars_nouveau:archwood_forest -> using default)
[09Jul2025 23:45:55.526] [Server thread/ERROR] [net.minecraft.world.level.chunk.storage.ChunkSerializer/]: Recoverable errors when loading section [14, 19, -2]: (Unknown registry key in ResourceKey[minecraft:root / minecraft:worldgen/biome]: ars_nouveau:archwood_forest -> using default)
[09Jul2025 23:45:55.542] [Server thread/ERROR] [net.minecraft.world.level.chunk.storage.ChunkSerializer/]: Recoverable errors when loading section [14, -2, 3]: (Unknown registry key in ResourceKey[minecraft:root / minecraft:worldgen/biome]: ars_nouveau:archwood_forest -> using default)
[09Jul2025 23:45:55.543] [Server thread/ERROR] [net.minecraft.world.level.chunk.storage.ChunkSerializer/]: Recoverable errors when loading section [14, -1, 3]: (Unknown registry key in ResourceKey[minecraft:root / minecraft:worldgen/biome]: ars_nouveau:archwood_forest -> using default)
[09Jul2025 23:45:55.543] [Server thread/ERROR] [net.minecraft.world.level.chunk.storage.ChunkSerializer/]: Recoverable errors when loading section [14, 0, 3]: (Unknown registry key in ResourceKey[minecraft:root / minecraft:worldgen/biome]: ars_nouveau:archwood_forest -> using default)
[09Jul2025 23:45:55.543] [Server thread/ERROR] [net.minecraft.world.level.chunk.storage.ChunkSerializer/]: Recoverable errors when loading section [14, 1, 3]: (Unknown registry key in ResourceKey[minecraft:root / minecraft:worldgen/biome]: ars_nouveau:archwood_forest -> using default)
[09Jul2025 23:45:55.544] [Server thread/ERROR] [net.minecraft.world.level.chunk.storage.ChunkSerializer/]: Recoverable errors when loading section [14, 2, 3]: (Unknown registry key in ResourceKey[minecraft:root / minecraft:worldgen/biome]: ars_nouveau:archwood_forest -> using default)
[09Jul2025 23:45:55.544] [Server thread/ERROR] [net.minecraft.world.level.chunk.storage.ChunkSerializer/]: Recoverable errors when loading section [14, 4, 3]: (Unknown registry key in ResourceKey[minecraft:root / minecraft:worldgen/biome]: ars_nouveau:archwood_forest -> using default)
[09Jul2025 23:45:55.545] [Server thread/ERROR] [net.minecraft.world.level.chunk.storage.ChunkSerializer/]: Recoverable errors when loading section [14, 5, 3]: (Unknown registry key in ResourceKey[minecraft:root / minecraft:worldgen/biome]: ars_nouveau:archwood_forest -> using default)
[09Jul2025 23:45:55.545] [Server thread/ERROR] [net.minecraft.world.level.chunk.storage.ChunkSerializer/]: Recoverable errors when loading section [14, 6, 3]: (Unknown registry key in ResourceKey[minecraft:root / minecraft:worldgen/biome]: ars_nouveau:archwood_forest -> using default)
[09Jul2025 23:45:55.546] [Server thread/ERROR] [net.minecraft.world.level.chunk.storage.ChunkSerializer/]: Recoverable errors when loading section [14, 7, 3]: (Unknown registry key in ResourceKey[minecraft:root / minecraft:worldgen/biome]: ars_nouveau:archwood_forest -> using default)
[09Jul2025 23:45:55.546] [Server thread/ERROR] [net.minecraft.world.level.chunk.storage.ChunkSerializer/]: Recoverable errors when loading section [14, 8, 3]: (Unknown registry key in ResourceKey[minecraft:root / minecraft:worldgen/biome]: ars_nouveau:archwood_forest -> using default)
[09Jul2025 23:45:55.546] [Server thread/ERROR] [net.minecraft.world.level.chunk.storage.ChunkSerializer/]: Recoverable errors when loading section [14, 9, 3]: (Unknown registry key in ResourceKey[minecraft:root / minecraft:worldgen/biome]: ars_nouveau:archwood_forest -> using default)
[09Jul2025 23:45:55.547] [Server thread/ERROR] [net.minecraft.world.level.chunk.storage.ChunkSerializer/]: Recoverable errors when loading section [14, 10, 3]: (Unknown registry key in ResourceKey[minecraft:root / minecraft:worldgen/biome]: ars_nouveau:archwood_forest -> using default)
[09Jul2025 23:45:55.547] [Server thread/ERROR] [net.minecraft.world.level.chunk.storage.ChunkSerializer/]: Recoverable errors when loading section [14, 11, 3]: (Unknown registry key in ResourceKey[minecraft:root / minecraft:worldgen/biome]: ars_nouveau:archwood_forest -> using default)
[09Jul2025 23:45:55.547] [Server thread/ERROR] [net.minecraft.world.level.chunk.storage.ChunkSerializer/]: Recoverable errors when loading section [14, 12, 3]: (Unknown registry key in ResourceKey[minecraft:root / minecraft:worldgen/biome]: ars_nouveau:archwood_forest -> using default)
[09Jul2025 23:45:55.548] [Server thread/ERROR] [net.minecraft.world.level.chunk.storage.ChunkSerializer/]: Recoverable errors when loading section [14, 13, 3]: (Unknown registry key in ResourceKey[minecraft:root / minecraft:worldgen/biome]: ars_nouveau:archwood_forest -> using default)
[09Jul2025 23:45:55.548] [Server thread/ERROR] [net.minecraft.world.level.chunk.storage.ChunkSerializer/]: Recoverable errors when loading section [14, 14, 3]: (Unknown registry key in ResourceKey[minecraft:root / minecraft:worldgen/biome]: ars_nouveau:archwood_forest -> using default)
[09Jul2025 23:45:55.549] [Server thread/ERROR] [net.minecraft.world.level.chunk.storage.ChunkSerializer/]: Recoverable errors when loading section [14, 15, 3]: (Unknown registry key in ResourceKey[minecraft:root / minecraft:worldgen/biome]: ars_nouveau:archwood_forest -> using default)
[09Jul2025 23:45:55.549] [Server thread/ERROR] [net.minecraft.world.level.chunk.storage.ChunkSerializer/]: Recoverable errors when loading section [14, 16, 3]: (Unknown registry key in ResourceKey[minecraft:root / minecraft:worldgen/biome]: ars_nouveau:archwood_forest -> using default)
[09Jul2025 23:45:55.549] [Server thread/ERROR] [net.minecraft.world.level.chunk.storage.ChunkSerializer/]: Recoverable errors when loading section [14, 17, 3]: (Unknown registry key in ResourceKey[minecraft:root / minecraft:worldgen/biome]: ars_nouveau:archwood_forest -> using default)
[09Jul2025 23:45:55.550] [Server thread/ERROR] [net.minecraft.world.level.chunk.storage.ChunkSerializer/]: Recoverable errors when loading section [14, 18, 3]: (Unknown registry key in ResourceKey[minecraft:root / minecraft:worldgen/biome]: ars_nouveau:archwood_forest -> using default)
[09Jul2025 23:45:55.550] [Server thread/ERROR] [net.minecraft.world.level.chunk.storage.ChunkSerializer/]: Recoverable errors when loading section [14, 19, 3]: (Unknown registry key in ResourceKey[minecraft:root / minecraft:worldgen/biome]: ars_nouveau:archwood_forest -> using default)
[09Jul2025 23:45:55.551] [Server thread/ERROR] [net.minecraft.world.level.chunk.storage.ChunkSerializer/]: Recoverable errors when loading section [14, -2, 4]: (Unknown registry key in ResourceKey[minecraft:root / minecraft:worldgen/biome]: ars_nouveau:archwood_forest -> using default)
[09Jul2025 23:45:55.552] [Server thread/ERROR] [net.minecraft.world.level.chunk.storage.ChunkSerializer/]: Recoverable errors when loading section [14, -1, 4]: (Unknown registry key in ResourceKey[minecraft:root / minecraft:worldgen/biome]: ars_nouveau:archwood_forest -> using default)
[09Jul2025 23:45:55.552] [Server thread/ERROR] [net.minecraft.world.level.chunk.storage.ChunkSerializer/]: Recoverable errors when loading section [14, 0, 4]: (Unknown registry key in ResourceKey[minecraft:root / minecraft:worldgen/biome]: ars_nouveau:archwood_forest -> using default)
[09Jul2025 23:45:55.553] [Server thread/ERROR] [net.minecraft.world.level.chunk.storage.ChunkSerializer/]: Recoverable errors when loading section [14, 1, 4]: (Unknown registry key in ResourceKey[minecraft:root / minecraft:worldgen/biome]: ars_nouveau:archwood_forest -> using default)
[09Jul2025 23:45:55.553] [Server thread/ERROR] [net.minecraft.world.level.chunk.storage.ChunkSerializer/]: Recoverable errors when loading section [14, 2, 4]: (Unknown registry key in ResourceKey[minecraft:root / minecraft:worldgen/biome]: ars_nouveau:archwood_forest -> using default)
[09Jul2025 23:45:55.554] [Server thread/ERROR] [net.minecraft.world.level.chunk.storage.ChunkSerializer/]: Recoverable errors when loading section [14, 4, 4]: (Unknown registry key in ResourceKey[minecraft:root / minecraft:worldgen/biome]: ars_nouveau:archwood_forest -> using default)
[09Jul2025 23:45:55.554] [Server thread/ERROR] [net.minecraft.world.level.chunk.storage.ChunkSerializer/]: Recoverable errors when loading section [14, 5, 4]: (Unknown registry key in ResourceKey[minecraft:root / minecraft:worldgen/biome]: ars_nouveau:archwood_forest -> using default)
[09Jul2025 23:45:55.554] [Server thread/ERROR] [net.minecraft.world.level.chunk.storage.ChunkSerializer/]: Recoverable errors when loading section [14, 6, 4]: (Unknown registry key in ResourceKey[minecraft:root / minecraft:worldgen/biome]: ars_nouveau:archwood_forest -> using default)
[09Jul2025 23:45:55.555] [Server thread/ERROR] [net.minecraft.world.level.chunk.storage.ChunkSerializer/]: Recoverable errors when loading section [14, 7, 4]: (Unknown registry key in ResourceKey[minecraft:root / minecraft:worldgen/biome]: ars_nouveau:archwood_forest -> using default)
[09Jul2025 23:45:55.555] [Server thread/ERROR] [net.minecraft.world.level.chunk.storage.ChunkSerializer/]: Recoverable errors when loading section [14, 8, 4]: (Unknown registry key in ResourceKey[minecraft:root / minecraft:worldgen/biome]: ars_nouveau:archwood_forest -> using default)
[09Jul2025 23:45:55.555] [Server thread/ERROR] [net.minecraft.world.level.chunk.storage.ChunkSerializer/]: Recoverable errors when loading section [14, 9, 4]: (Unknown registry key in ResourceKey[minecraft:root / minecraft:worldgen/biome]: ars_nouveau:archwood_forest -> using default)
[09Jul2025 23:45:55.556] [Server thread/ERROR] [net.minecraft.world.level.chunk.storage.ChunkSerializer/]: Recoverable errors when loading section [14, 10, 4]: (Unknown registry key in ResourceKey[minecraft:root / minecraft:worldgen/biome]: ars_nouveau:archwood_forest -> using default)
[09Jul2025 23:45:55.556] [Server thread/ERROR] [net.minecraft.world.level.chunk.storage.ChunkSerializer/]: Recoverable errors when loading section [14, 11, 4]: (Unknown registry key in ResourceKey[minecraft:root / minecraft:worldgen/biome]: ars_nouveau:archwood_forest -> using default)
[09Jul2025 23:45:55.556] [Server thread/ERROR] [net.minecraft.world.level.chunk.storage.ChunkSerializer/]: Recoverable errors when loading section [14, 12, 4]: (Unknown registry key in ResourceKey[minecraft:root / minecraft:worldgen/biome]: ars_nouveau:archwood_forest -> using default)
[09Jul2025 23:45:55.557] [Server thread/ERROR] [net.minecraft.world.level.chunk.storage.ChunkSerializer/]: Recoverable errors when loading section [14, 13, 4]: (Unknown registry key in ResourceKey[minecraft:root / minecraft:worldgen/biome]: ars_nouveau:archwood_forest -> using default)
[09Jul2025 23:45:55.557] [Server thread/ERROR] [net.minecraft.world.level.chunk.storage.ChunkSerializer/]: Recoverable errors when loading section [14, 14, 4]: (Unknown registry key in ResourceKey[minecraft:root / minecraft:worldgen/biome]: ars_nouveau:archwood_forest -> using default)
[09Jul2025 23:45:55.557] [Server thread/ERROR] [net.minecraft.world.level.chunk.storage.ChunkSerializer/]: Recoverable errors when loading section [14, 15, 4]: (Unknown registry key in ResourceKey[minecraft:root / minecraft:worldgen/biome]: ars_nouveau:archwood_forest -> using default)
[09Jul2025 23:45:55.557] [Server thread/ERROR] [net.minecraft.world.level.chunk.storage.ChunkSerializer/]: Recoverable errors when loading section [14, 16, 4]: (Unknown registry key in ResourceKey[minecraft:root / minecraft:worldgen/biome]: ars_nouveau:archwood_forest -> using default)
[09Jul2025 23:45:55.558] [Server thread/ERROR] [net.minecraft.world.level.chunk.storage.ChunkSerializer/]: Recoverable errors when loading section [14, 17, 4]: (Unknown registry key in ResourceKey[minecraft:root / minecraft:worldgen/biome]: ars_nouveau:archwood_forest -> using default)
[09Jul2025 23:45:55.558] [Server thread/ERROR] [net.minecraft.world.level.chunk.storage.ChunkSerializer/]: Recoverable errors when loading section [14, 18, 4]: (Unknown registry key in ResourceKey[minecraft:root / minecraft:worldgen/biome]: ars_nouveau:archwood_forest -> using default)
[09Jul2025 23:45:55.558] [Server thread/ERROR] [net.minecraft.world.level.chunk.storage.ChunkSerializer/]: Recoverable errors when loading section [14, 19, 4]: (Unknown registry key in ResourceKey[minecraft:root / minecraft:worldgen/biome]: ars_nouveau:archwood_forest -> using default)
[09Jul2025 23:45:55.571] [Server thread/ERROR] [net.minecraft.world.level.chunk.storage.ChunkSerializer/]: Recoverable errors when loading section [14, -3, -1]: (Unknown registry key in ResourceKey[minecraft:root / minecraft:worldgen/biome]: ars_nouveau:archwood_forest -> using default)
[09Jul2025 23:45:55.571] [Server thread/ERROR] [net.minecraft.world.level.chunk.storage.ChunkSerializer/]: Recoverable errors when loading section [14, -2, -1]: (Unknown registry key in ResourceKey[minecraft:root / minecraft:worldgen/biome]: ars_nouveau:archwood_forest -> using default)
[09Jul2025 23:45:55.572] [Server thread/ERROR] [net.minecraft.world.level.chunk.storage.ChunkSerializer/]: Recoverable errors when loading section [14, -1, -1]: (Unknown registry key in ResourceKey[minecraft:root / minecraft:worldgen/biome]: ars_nouveau:archwood_forest -> using default)
[09Jul2025 23:45:55.572] [Server thread/ERROR] [net.minecraft.world.level.chunk.storage.ChunkSerializer/]: Recoverable errors when loading section [14, 0, -1]: (Unknown registry key in ResourceKey[minecraft:root / minecraft:worldgen/biome]: ars_nouveau:archwood_forest -> using default)
[09Jul2025 23:45:55.572] [Server thread/ERROR] [net.minecraft.world.level.chunk.storage.ChunkSerializer/]: Recoverable errors when loading section [14, 3, -1]: (Unknown registry key in ResourceKey[minecraft:root / minecraft:worldgen/biome]: ars_nouveau:archwood_forest -> using default)
[09Jul2025 23:45:55.573] [Server thread/ERROR] [net.minecraft.world.level.chunk.storage.ChunkSerializer/]: Recoverable errors when loading section [14, 4, -1]: (Unknown registry key in ResourceKey[minecraft:root / minecraft:worldgen/biome]: ars_nouveau:archwood_forest -> using default)
[09Jul2025 23:45:55.573] [Server thread/ERROR] [net.minecraft.world.level.chunk.storage.ChunkSerializer/]: Recoverable errors when loading section [14, 5, -1]: (Unknown registry key in ResourceKey[minecraft:root / minecraft:worldgen/biome]: ars_nouveau:archwood_forest -> using default)
[09Jul2025 23:45:55.573] [Server thread/ERROR] [net.minecraft.world.level.chunk.storage.ChunkSerializer/]: Recoverable errors when loading section [14, 6, -1]: (Unknown registry key in ResourceKey[minecraft:root / minecraft:worldgen/biome]: ars_nouveau:archwood_forest -> using default)
[09Jul2025 23:45:55.574] [Server thread/ERROR] [net.minecraft.world.level.chunk.storage.ChunkSerializer/]: Recoverable errors when loading section [14, 7, -1]: (Unknown registry key in ResourceKey[minecraft:root / minecraft:worldgen/biome]: ars_nouveau:archwood_forest -> using default)
[09Jul2025 23:45:55.574] [Server thread/ERROR] [net.minecraft.world.level.chunk.storage.ChunkSerializer/]: Recoverable errors when loading section [14, 8, -1]: (Unknown registry key in ResourceKey[minecraft:root / minecraft:worldgen/biome]: ars_nouveau:archwood_forest -> using default)
[09Jul2025 23:45:55.574] [Server thread/ERROR] [net.minecraft.world.level.chunk.storage.ChunkSerializer/]: Recoverable errors when loading section [14, 9, -1]: (Unknown registry key in ResourceKey[minecraft:root / minecraft:worldgen/biome]: ars_nouveau:archwood_forest -> using default)
[09Jul2025 23:45:55.575] [Server thread/ERROR] [net.minecraft.world.level.chunk.storage.ChunkSerializer/]: Recoverable errors when loading section [14, 10, -1]: (Unknown registry key in ResourceKey[minecraft:root / minecraft:worldgen/biome]: ars_nouveau:archwood_forest -> using default)
[09Jul2025 23:45:55.575] [Server thread/ERROR] [net.minecraft.world.level.chunk.storage.ChunkSerializer/]: Recoverable errors when loading section [14, 11, -1]: (Unknown registry key in ResourceKey[minecraft:root / minecraft:worldgen/biome]: ars_nouveau:archwood_forest -> using default)
[09Jul2025 23:45:55.575] [Server thread/ERROR] [net.minecraft.world.level.chunk.storage.ChunkSerializer/]: Recoverable errors when loading section [14, 12, -1]: (Unknown registry key in ResourceKey[minecraft:root / minecraft:worldgen/biome]: ars_nouveau:archwood_forest -> using default)
[09Jul2025 23:45:55.575] [Server thread/ERROR] [net.minecraft.world.level.chunk.storage.ChunkSerializer/]: Recoverable errors when loading section [14, 13, -1]: (Unknown registry key in ResourceKey[minecraft:root / minecraft:worldgen/biome]: ars_nouveau:archwood_forest -> using default)
[09Jul2025 23:45:55.577] [Server thread/ERROR] [net.minecraft.world.level.chunk.storage.ChunkSerializer/]: Recoverable errors when loading section [14, 14, -1]: (Unknown registry key in ResourceKey[minecraft:root / minecraft:worldgen/biome]: ars_nouveau:archwood_forest -> using default)
[09Jul2025 23:45:55.577] [Server thread/ERROR] [net.minecraft.world.level.chunk.storage.ChunkSerializer/]: Recoverable errors when loading section [14, 15, -1]: (Unknown registry key in ResourceKey[minecraft:root / minecraft:worldgen/biome]: ars_nouveau:archwood_forest -> using default)
[09Jul2025 23:45:55.578] [Server thread/ERROR] [net.minecraft.world.level.chunk.storage.ChunkSerializer/]: Recoverable errors when loading section [14, 16, -1]: (Unknown registry key in ResourceKey[minecraft:root / minecraft:worldgen/biome]: ars_nouveau:archwood_forest -> using default)
[09Jul2025 23:45:55.578] [Server thread/ERROR] [net.minecraft.world.level.chunk.storage.ChunkSerializer/]: Recoverable errors when loading section [14, 17, -1]: (Unknown registry key in ResourceKey[minecraft:root / minecraft:worldgen/biome]: ars_nouveau:archwood_forest -> using default)
[09Jul2025 23:45:55.578] [Server thread/ERROR] [net.minecraft.world.level.chunk.storage.ChunkSerializer/]: Recoverable errors when loading section [14, 18, -1]: (Unknown registry key in ResourceKey[minecraft:root / minecraft:worldgen/biome]: ars_nouveau:archwood_forest -> using default)
[09Jul2025 23:45:55.578] [Server thread/ERROR] [net.minecraft.world.level.chunk.storage.ChunkSerializer/]: Recoverable errors when loading section [14, 19, -1]: (Unknown registry key in ResourceKey[minecraft:root / minecraft:worldgen/biome]: ars_nouveau:archwood_forest -> using default)
[09Jul2025 23:45:55.585] [Server thread/ERROR] [net.minecraft.world.level.chunk.storage.ChunkSerializer/]: Recoverable errors when loading section [14, -1, 2]: (Unknown registry key in ResourceKey[minecraft:root / minecraft:worldgen/biome]: ars_nouveau:archwood_forest -> using default)
[09Jul2025 23:45:55.586] [Server thread/ERROR] [net.minecraft.world.level.chunk.storage.ChunkSerializer/]: Recoverable errors when loading section [14, 0, 2]: (Unknown registry key in ResourceKey[minecraft:root / minecraft:worldgen/biome]: ars_nouveau:archwood_forest -> using default)
[09Jul2025 23:45:55.586] [Server thread/ERROR] [net.minecraft.world.level.chunk.storage.ChunkSerializer/]: Recoverable errors when loading section [14, 1, 2]: (Unknown registry key in ResourceKey[minecraft:root / minecraft:worldgen/biome]: ars_nouveau:archwood_forest -> using default)
[09Jul2025 23:45:55.586] [Server thread/ERROR] [net.minecraft.world.level.chunk.storage.ChunkSerializer/]: Recoverable errors when loading section [14, 2, 2]: (Unknown registry key in ResourceKey[minecraft:root / minecraft:worldgen/biome]: ars_nouveau:archwood_forest -> using default)
[09Jul2025 23:45:55.587] [Server thread/ERROR] [net.minecraft.world.level.chunk.storage.ChunkSerializer/]: Recoverable errors when loading section [14, 4, 2]: (Unknown registry key in ResourceKey[minecraft:root / minecraft:worldgen/biome]: ars_nouveau:archwood_forest -> using default)
[09Jul2025 23:45:55.587] [Server thread/ERROR] [net.minecraft.world.level.chunk.storage.ChunkSerializer/]: Recoverable errors when loading section [14, 5, 2]: (Unknown registry key in ResourceKey[minecraft:root / minecraft:worldgen/biome]: ars_nouveau:archwood_forest -> using default)
[09Jul2025 23:45:55.587] [Server thread/ERROR] [net.minecraft.world.level.chunk.storage.ChunkSerializer/]: Recoverable errors when loading section [14, 6, 2]: (Unknown registry key in ResourceKey[minecraft:root / minecraft:worldgen/biome]: ars_nouveau:archwood_forest -> using default)
[09Jul2025 23:45:55.587] [Server thread/ERROR] [net.minecraft.world.level.chunk.storage.ChunkSerializer/]: Recoverable errors when loading section [14, 7, 2]: (Unknown registry key in ResourceKey[minecraft:root / minecraft:worldgen/biome]: ars_nouveau:archwood_forest -> using default)
[09Jul2025 23:45:55.588] [Server thread/ERROR] [net.minecraft.world.level.chunk.storage.ChunkSerializer/]: Recoverable errors when loading section [14, 8, 2]: (Unknown registry key in ResourceKey[minecraft:root / minecraft:worldgen/biome]: ars_nouveau:archwood_forest -> using default)
[09Jul2025 23:45:55.588] [Server thread/ERROR] [net.minecraft.world.level.chunk.storage.ChunkSerializer/]: Recoverable errors when loading section [14, 9, 2]: (Unknown registry key in ResourceKey[minecraft:root / minecraft:worldgen/biome]: ars_nouveau:archwood_forest -> using default)
[09Jul2025 23:45:55.588] [Server thread/ERROR] [net.minecraft.world.level.chunk.storage.ChunkSerializer/]: Recoverable errors when loading section [14, 10, 2]: (Unknown registry key in ResourceKey[minecraft:root / minecraft:worldgen/biome]: ars_nouveau:archwood_forest -> using default)
[09Jul2025 23:45:55.588] [Server thread/ERROR] [net.minecraft.world.level.chunk.storage.ChunkSerializer/]: Recoverable errors when loading section [14, 11, 2]: (Unknown registry key in ResourceKey[minecraft:root / minecraft:worldgen/biome]: ars_nouveau:archwood_forest -> using default)
[09Jul2025 23:45:55.589] [Server thread/ERROR] [net.minecraft.world.level.chunk.storage.ChunkSerializer/]: Recoverable errors when loading section [14, 12, 2]: (Unknown registry key in ResourceKey[minecraft:root / minecraft:worldgen/biome]: ars_nouveau:archwood_forest -> using default)
[09Jul2025 23:45:55.589] [Server thread/ERROR] [net.minecraft.world.level.chunk.storage.ChunkSerializer/]: Recoverable errors when loading section [14, 13, 2]: (Unknown registry key in ResourceKey[minecraft:root / minecraft:worldgen/biome]: ars_nouveau:archwood_forest -> using default)
[09Jul2025 23:45:55.589] [Server thread/ERROR] [net.minecraft.world.level.chunk.storage.ChunkSerializer/]: Recoverable errors when loading section [14, 14, 2]: (Unknown registry key in ResourceKey[minecraft:root / minecraft:worldgen/biome]: ars_nouveau:archwood_forest -> using default)
[09Jul2025 23:45:55.589] [Server thread/ERROR] [net.minecraft.world.level.chunk.storage.ChunkSerializer/]: Recoverable errors when loading section [14, 15, 2]: (Unknown registry key in ResourceKey[minecraft:root / minecraft:worldgen/biome]: ars_nouveau:archwood_forest -> using default)
[09Jul2025 23:45:55.590] [Server thread/ERROR] [net.minecraft.world.level.chunk.storage.ChunkSerializer/]: Recoverable errors when loading section [14, 16, 2]: (Unknown registry key in ResourceKey[minecraft:root / minecraft:worldgen/biome]: ars_nouveau:archwood_forest -> using default)
[09Jul2025 23:45:55.590] [Server thread/ERROR] [net.minecraft.world.level.chunk.storage.ChunkSerializer/]: Recoverable errors when loading section [14, 17, 2]: (Unknown registry key in ResourceKey[minecraft:root / minecraft:worldgen/biome]: ars_nouveau:archwood_forest -> using default)
[09Jul2025 23:45:55.590] [Server thread/ERROR] [net.minecraft.world.level.chunk.storage.ChunkSerializer/]: Recoverable errors when loading section [14, 18, 2]: (Unknown registry key in ResourceKey[minecraft:root / minecraft:worldgen/biome]: ars_nouveau:archwood_forest -> using default)
[09Jul2025 23:45:55.590] [Server thread/ERROR] [net.minecraft.world.level.chunk.storage.ChunkSerializer/]: Recoverable errors when loading section [14, 19, 2]: (Unknown registry key in ResourceKey[minecraft:root / minecraft:worldgen/biome]: ars_nouveau:archwood_forest -> using default)
[09Jul2025 23:45:55.591] [Server thread/ERROR] [net.minecraft.world.level.chunk.storage.ChunkSerializer/]: Recoverable errors when loading section [10, -3, 8]: (Unknown registry key in ResourceKey[minecraft:root / minecraft:worldgen/biome]: ars_nouveau:archwood_forest -> using default)
[09Jul2025 23:45:55.591] [Server thread/ERROR] [net.minecraft.world.level.chunk.storage.ChunkSerializer/]: Recoverable errors when loading section [10, -2, 8]: (Unknown registry key in ResourceKey[minecraft:root / minecraft:worldgen/biome]: ars_nouveau:archwood_forest -> using default)
[09Jul2025 23:45:55.592] [Server thread/ERROR] [net.minecraft.world.level.chunk.storage.ChunkSerializer/]: Recoverable errors when loading section [10, -1, 8]: (Unknown registry key in ResourceKey[minecraft:root / minecraft:worldgen/biome]: ars_nouveau:archwood_forest -> using default)
[09Jul2025 23:45:55.592] [Server thread/ERROR] [net.minecraft.world.level.chunk.storage.ChunkSerializer/]: Recoverable errors when loading section [10, 0, 8]: (Unknown registry key in ResourceKey[minecraft:root / minecraft:worldgen/biome]: ars_nouveau:archwood_forest -> using default)
[09Jul2025 23:45:55.592] [Server thread/ERROR] [net.minecraft.world.level.chunk.storage.ChunkSerializer/]: Recoverable errors when loading section [10, 1, 8]: (Unknown registry key in ResourceKey[minecraft:root / minecraft:worldgen/biome]: ars_nouveau:archwood_forest -> using default)
[09Jul2025 23:45:55.592] [Server thread/ERROR] [net.minecraft.world.level.chunk.storage.ChunkSerializer/]: Recoverable errors when loading section [10, 2, 8]: (Unknown registry key in ResourceKey[minecraft:root / minecraft:worldgen/biome]: ars_nouveau:archwood_forest -> using default)
[09Jul2025 23:45:55.593] [Server thread/ERROR] [net.minecraft.world.level.chunk.storage.ChunkSerializer/]: Recoverable errors when loading section [10, 3, 8]: (Unknown registry key in ResourceKey[minecraft:root / minecraft:worldgen/biome]: ars_nouveau:archwood_forest -> using default)
[09Jul2025 23:45:55.593] [Server thread/ERROR] [net.minecraft.world.level.chunk.storage.ChunkSerializer/]: Recoverable errors when loading section [10, 4, 8]: (Unknown registry key in ResourceKey[minecraft:root / minecraft:worldgen/biome]: ars_nouveau:archwood_forest -> using default)
[09Jul2025 23:45:55.593] [Server thread/ERROR] [net.minecraft.world.level.chunk.storage.ChunkSerializer/]: Recoverable errors when loading section [10, 5, 8]: (Unknown registry key in ResourceKey[minecraft:root / minecraft:worldgen/biome]: ars_nouveau:archwood_forest -> using default)
[09Jul2025 23:45:55.594] [Server thread/ERROR] [net.minecraft.world.level.chunk.storage.ChunkSerializer/]: Recoverable errors when loading section [10, 6, 8]: (Unknown registry key in ResourceKey[minecraft:root / minecraft:worldgen/biome]: ars_nouveau:archwood_forest -> using default)
[09Jul2025 23:45:55.594] [Server thread/ERROR] [net.minecraft.world.level.chunk.storage.ChunkSerializer/]: Recoverable errors when loading section [10, 7, 8]: (Unknown registry key in ResourceKey[minecraft:root / minecraft:worldgen/biome]: ars_nouveau:archwood_forest -> using default)
[09Jul2025 23:45:55.594] [Server thread/ERROR] [net.minecraft.world.level.chunk.storage.ChunkSerializer/]: Recoverable errors when loading section [10, 8, 8]: (Unknown registry key in ResourceKey[minecraft:root / minecraft:worldgen/biome]: ars_nouveau:archwood_forest -> using default)
[09Jul2025 23:45:55.594] [Server thread/ERROR] [net.minecraft.world.level.chunk.storage.ChunkSerializer/]: Recoverable errors when loading section [10, 9, 8]: (Unknown registry key in ResourceKey[minecraft:root / minecraft:worldgen/biome]: ars_nouveau:archwood_forest -> using default)
[09Jul2025 23:45:55.595] [Server thread/ERROR] [net.minecraft.world.level.chunk.storage.ChunkSerializer/]: Recoverable errors when loading section [10, 10, 8]: (Unknown registry key in ResourceKey[minecraft:root / minecraft:worldgen/biome]: ars_nouveau:archwood_forest -> using default)
[09Jul2025 23:45:55.595] [Server thread/ERROR] [net.minecraft.world.level.chunk.storage.ChunkSerializer/]: Recoverable errors when loading section [10, 11, 8]: (Unknown registry key in ResourceKey[minecraft:root / minecraft:worldgen/biome]: ars_nouveau:archwood_forest -> using default)
[09Jul2025 23:45:55.595] [Server thread/ERROR] [net.minecraft.world.level.chunk.storage.ChunkSerializer/]: Recoverable errors when loading section [10, 12, 8]: (Unknown registry key in ResourceKey[minecraft:root / minecraft:worldgen/biome]: ars_nouveau:archwood_forest -> using default)
[09Jul2025 23:45:55.595] [Server thread/ERROR] [net.minecraft.world.level.chunk.storage.ChunkSerializer/]: Recoverable errors when loading section [10, 13, 8]: (Unknown registry key in ResourceKey[minecraft:root / minecraft:worldgen/biome]: ars_nouveau:archwood_forest -> using default)
[09Jul2025 23:45:55.596] [Server thread/ERROR] [net.minecraft.world.level.chunk.storage.ChunkSerializer/]: Recoverable errors when loading section [10, 14, 8]: (Unknown registry key in ResourceKey[minecraft:root / minecraft:worldgen/biome]: ars_nouveau:archwood_forest -> using default)
[09Jul2025 23:45:55.596] [Server thread/ERROR] [net.minecraft.world.level.chunk.storage.ChunkSerializer/]: Recoverable errors when loading section [10, 15, 8]: (Unknown registry key in ResourceKey[minecraft:root / minecraft:worldgen/biome]: ars_nouveau:archwood_forest -> using default)
[09Jul2025 23:45:55.596] [Server thread/ERROR] [net.minecraft.world.level.chunk.storage.ChunkSerializer/]: Recoverable errors when loading section [10, 16, 8]: (Unknown registry key in ResourceKey[minecraft:root / minecraft:worldgen/biome]: ars_nouveau:archwood_forest -> using default)
[09Jul2025 23:45:55.596] [Server thread/ERROR] [net.minecraft.world.level.chunk.storage.ChunkSerializer/]: Recoverable errors when loading section [10, 17, 8]: (Unknown registry key in ResourceKey[minecraft:root / minecraft:worldgen/biome]: ars_nouveau:archwood_forest -> using default)
[09Jul2025 23:45:55.596] [Server thread/ERROR] [net.minecraft.world.level.chunk.storage.ChunkSerializer/]: Recoverable errors when loading section [10, 18, 8]: (Unknown registry key in ResourceKey[minecraft:root / minecraft:worldgen/biome]: ars_nouveau:archwood_forest -> using default)
[09Jul2025 23:45:55.597] [Server thread/ERROR] [net.minecraft.world.level.chunk.storage.ChunkSerializer/]: Recoverable errors when loading section [10, 19, 8]: (Unknown registry key in ResourceKey[minecraft:root / minecraft:worldgen/biome]: ars_nouveau:archwood_forest -> using default)
[09Jul2025 23:45:55.606] [Server thread/INFO] [net.minecraft.server.level.progress.LoggerChunkProgressListener/]: Preparing spawn area: 0%
[09Jul2025 23:45:55.606] [Server thread/INFO] [net.minecraft.server.level.progress.LoggerChunkProgressListener/]: Preparing spawn area: 0%
[09Jul2025 23:45:55.607] [Server thread/INFO] [net.minecraft.server.level.progress.LoggerChunkProgressListener/]: Preparing spawn area: 0%
[09Jul2025 23:45:55.607] [Server thread/INFO] [net.minecraft.server.level.progress.LoggerChunkProgressListener/]: Preparing spawn area: 0%
[09Jul2025 23:45:55.607] [Server thread/INFO] [net.minecraft.server.level.progress.LoggerChunkProgressListener/]: Preparing spawn area: 0%
[09Jul2025 23:45:56.000] [Server thread/INFO] [net.minecraft.server.level.progress.LoggerChunkProgressListener/]: Preparing spawn area: 9%
[09Jul2025 23:45:56.501] [Server thread/INFO] [net.minecraft.server.level.progress.LoggerChunkProgressListener/]: Preparing spawn area: 29%
[09Jul2025 23:45:57.005] [Server thread/INFO] [net.minecraft.server.level.progress.LoggerChunkProgressListener/]: Preparing spawn area: 65%
[09Jul2025 23:45:57.501] [Server thread/INFO] [net.minecraft.server.level.progress.LoggerChunkProgressListener/]: Preparing spawn area: 98%
[09Jul2025 23:45:57.534] [Server thread/INFO] [net.minecraft.server.level.progress.LoggerChunkProgressListener/]: Time elapsed: 4035 ms
[09Jul2025 23:45:57.535] [Server thread/INFO] [net.minecraft.server.dedicated.DedicatedServer/]: Done (8.403s)! For help, type "help"
[09Jul2025 23:45:57.647] [Server thread/INFO] [net.minecraftforge.server.permission.PermissionAPI/]: Successfully initialized permission handler forge:default_handler
[09Jul2025 23:45:57.667] [Server thread/INFO] [atomicstryker.infernalmobs.common.InfernalMobsCore/]: item config parser finished, item count: 14
[09Jul2025 23:45:57.667] [Server thread/INFO] [atomicstryker.infernalmobs.common.InfernalMobsCore/]: item config parser finished, item count: 17
[09Jul2025 23:45:57.667] [Server thread/INFO] [atomicstryker.infernalmobs.common.InfernalMobsCore/]: item config parser finished, item count: 16
[09Jul2025 23:45:57.668] [Server thread/INFO] [atomicstryker.infernalmobs.common.InfernalMobsCore/]: InfernalMobsCore commonSetup completed! Modifiers ready: 28
[09Jul2025 23:45:57.668] [Server thread/INFO] [atomicstryker.infernalmobs.common.InfernalMobsCore/]: InfernalMobsCore commonSetup completed! config file at: /workspaces/WEA/servidor_minecraft/./config/infernalmobs.cfg
[09Jul2025 23:45:57.817] [Server thread/INFO] [net.bettercombat.logic.WeaponRegistry/]: Encoded Weapon Attribute registry size (with package overhead): 231108 bytes (in 24 string chunks with the size of 10000)
[09Jul2025 23:45:57.818] [Server thread/INFO] [com.cupboard.Cupboard/]: Loaded config for: smoothchunk.json
[09Jul2025 23:45:57.897] [Server thread/WARN] [net.minecraft.network.syncher.SynchedEntityData/]: defineId called for: class net.minecraft.world.entity.player.Player from class tschipp.carryon.common.carry.CarryOnDataManager
[09Jul2025 23:45:57.970] [Server thread/INFO] [com.yellowbrossproductions.illageandspillage.IllageAndSpillage/]: Removed entity.illageandspillage.boss_randomizer from Raids to prevent a post-mod-removal crash
[09Jul2025 23:45:57.971] [Server thread/INFO] [com.yellowbrossproductions.illageandspillage.IllageAndSpillage/]: Removed entity.illageandspillage.igniter from Raids to prevent a post-mod-removal crash
[09Jul2025 23:45:57.971] [Server thread/INFO] [com.yellowbrossproductions.illageandspillage.IllageAndSpillage/]: Removed entity.illageandspillage.engineer from Raids to prevent a post-mod-removal crash
[09Jul2025 23:45:57.971] [Server thread/INFO] [com.yellowbrossproductions.illageandspillage.IllageAndSpillage/]: Removed entity.illageandspillage.twittollager from Raids to prevent a post-mod-removal crash
[09Jul2025 23:45:57.971] [Server thread/INFO] [com.yellowbrossproductions.illageandspillage.IllageAndSpillage/]: Removed entity.illageandspillage.magispeller from Raids to prevent a post-mod-removal crash
[09Jul2025 23:45:57.971] [Server thread/INFO] [com.yellowbrossproductions.illageandspillage.IllageAndSpillage/]: Removed entity.illageandspillage.spiritcaller from Raids to prevent a post-mod-removal crash
[09Jul2025 23:45:57.972] [Server thread/INFO] [com.yellowbrossproductions.illageandspillage.IllageAndSpillage/]: Removed entity.illageandspillage.crocofang from Raids to prevent a post-mod-removal crash
[09Jul2025 23:45:57.972] [Server thread/INFO] [com.yellowbrossproductions.illageandspillage.IllageAndSpillage/]: Removed entity.illageandspillage.absorber from Raids to prevent a post-mod-removal crash
[09Jul2025 23:45:57.972] [Server thread/INFO] [com.yellowbrossproductions.illageandspillage.IllageAndSpillage/]: Removed entity.illageandspillage.preserver from Raids to prevent a post-mod-removal crash
[09Jul2025 23:45:57.972] [Server thread/INFO] [com.yellowbrossproductions.illageandspillage.IllageAndSpillage/]: Removed entity.illageandspillage.freakager from Raids to prevent a post-mod-removal crash
[09Jul2025 23:45:57.973] [Server thread/INFO] [com.yellowbrossproductions.illageandspillage.IllageAndSpillage/]: Removed entity.illageandspillage.old_freakager from Raids to prevent a post-mod-removal crash
[09Jul2025 23:45:57.973] [Server thread/INFO] [com.yellowbrossproductions.illageandspillage.IllageAndSpillage/]: Removed entity.illageandspillage.old_magispeller from Raids to prevent a post-mod-removal crash
[09Jul2025 23:45:57.989] [Server thread/INFO] [patchouli/]: Sending reload packet to clients
[09Jul2025 23:45:57.990] [Server thread/WARN] [ModernFix/]: Dedicated server took 67.065 seconds to load
[09Jul2025 23:45:58.068] [Server thread/WARN] [com.unlikepaladin.pfm.PaladinFurnitureMod/]: Something has tried to get the output of a dynamic furniture recipe without context
[09Jul2025 23:45:58.072] [Server thread/WARN] [com.unlikepaladin.pfm.PaladinFurnitureMod/]: Something has tried to get the output of a dynamic furniture recipe without context
[09Jul2025 23:45:58.073] [Server thread/WARN] [com.unlikepaladin.pfm.PaladinFurnitureMod/]: Something has tried to get the output of a dynamic furniture recipe without context
[09Jul2025 23:45:58.073] [Server thread/WARN] [com.unlikepaladin.pfm.PaladinFurnitureMod/]: Something has tried to get the output of a dynamic furniture recipe without context
[09Jul2025 23:45:58.091] [Server thread/WARN] [com.unlikepaladin.pfm.PaladinFurnitureMod/]: Something has tried to get the output of a dynamic furniture recipe without context
[09Jul2025 23:45:58.094] [Server thread/WARN] [com.unlikepaladin.pfm.PaladinFurnitureMod/]: Something has tried to get the output of a dynamic furniture recipe without context
[09Jul2025 23:45:58.094] [Server thread/WARN] [com.unlikepaladin.pfm.PaladinFurnitureMod/]: Something has tried to get the output of a dynamic furniture recipe without context
[09Jul2025 23:45:58.094] [Server thread/WARN] [com.unlikepaladin.pfm.PaladinFurnitureMod/]: Something has tried to get the output of a dynamic furniture recipe without context
[09Jul2025 23:45:58.094] [Server thread/WARN] [com.unlikepaladin.pfm.PaladinFurnitureMod/]: Something has tried to get the output of a dynamic furniture recipe without context
[09Jul2025 23:45:58.095] [Server thread/WARN] [com.unlikepaladin.pfm.PaladinFurnitureMod/]: Something has tried to get the output of a dynamic furniture recipe without context
[09Jul2025 23:45:58.095] [Server thread/WARN] [com.unlikepaladin.pfm.PaladinFurnitureMod/]: Something has tried to get the output of a dynamic furniture recipe without context
[09Jul2025 23:45:58.095] [Server thread/WARN] [com.unlikepaladin.pfm.PaladinFurnitureMod/]: Something has tried to get the output of a dynamic furniture recipe without context
[09Jul2025 23:45:58.095] [Server thread/WARN] [com.unlikepaladin.pfm.PaladinFurnitureMod/]: Something has tried to get the output of a dynamic furniture recipe without context
[09Jul2025 23:45:58.096] [Server thread/WARN] [com.unlikepaladin.pfm.PaladinFurnitureMod/]: Something has tried to get the output of a dynamic furniture recipe without context
[09Jul2025 23:45:58.102] [Server thread/WARN] [com.unlikepaladin.pfm.PaladinFurnitureMod/]: Something has tried to get the output of a dynamic furniture recipe without context
[09Jul2025 23:45:58.102] [Server thread/WARN] [com.unlikepaladin.pfm.PaladinFurnitureMod/]: Something has tried to get the output of a dynamic furniture recipe without context
[09Jul2025 23:45:58.102] [Server thread/WARN] [com.unlikepaladin.pfm.PaladinFurnitureMod/]: Something has tried to get the output of a dynamic furniture recipe without context
[09Jul2025 23:45:58.106] [Server thread/WARN] [com.unlikepaladin.pfm.PaladinFurnitureMod/]: Something has tried to get the output of a dynamic furniture recipe without context
[09Jul2025 23:45:58.106] [Server thread/WARN] [com.unlikepaladin.pfm.PaladinFurnitureMod/]: Something has tried to get the output of a dynamic furniture recipe without context
[09Jul2025 23:45:58.106] [Server thread/WARN] [com.unlikepaladin.pfm.PaladinFurnitureMod/]: Something has tried to get the output of a dynamic furniture recipe without context
[09Jul2025 23:45:58.107] [Server thread/WARN] [com.unlikepaladin.pfm.PaladinFurnitureMod/]: Something has tried to get the output of a dynamic furniture recipe without context
[09Jul2025 23:45:58.107] [Server thread/WARN] [com.unlikepaladin.pfm.PaladinFurnitureMod/]: Something has tried to get the output of a dynamic furniture recipe without context
[09Jul2025 23:45:58.107] [Server thread/WARN] [com.unlikepaladin.pfm.PaladinFurnitureMod/]: Something has tried to get the output of a dynamic furniture recipe without context
[09Jul2025 23:45:58.108] [Server thread/WARN] [com.unlikepaladin.pfm.PaladinFurnitureMod/]: Something has tried to get the output of a dynamic furniture recipe without context
[09Jul2025 23:45:58.108] [Server thread/WARN] [com.unlikepaladin.pfm.PaladinFurnitureMod/]: Something has tried to get the output of a dynamic furniture recipe without context
[09Jul2025 23:45:58.108] [Server thread/WARN] [com.unlikepaladin.pfm.PaladinFurnitureMod/]: Something has tried to get the output of a dynamic furniture recipe without context
[09Jul2025 23:45:58.108] [Server thread/WARN] [com.unlikepaladin.pfm.PaladinFurnitureMod/]: Something has tried to get the output of a dynamic furniture recipe without context
[09Jul2025 23:45:58.108] [Server thread/WARN] [com.unlikepaladin.pfm.PaladinFurnitureMod/]: Something has tried to get the output of a dynamic furniture recipe without context
[09Jul2025 23:45:58.109] [Server thread/WARN] [com.unlikepaladin.pfm.PaladinFurnitureMod/]: Something has tried to get the output of a dynamic furniture recipe without context
[09Jul2025 23:45:58.109] [Server thread/WARN] [com.unlikepaladin.pfm.PaladinFurnitureMod/]: Something has tried to get the output of a dynamic furniture recipe without context
[09Jul2025 23:45:58.110] [Server thread/WARN] [com.unlikepaladin.pfm.PaladinFurnitureMod/]: Something has tried to get the output of a dynamic furniture recipe without context
[09Jul2025 23:45:58.113] [Server thread/WARN] [com.unlikepaladin.pfm.PaladinFurnitureMod/]: Something has tried to get the output of a dynamic furniture recipe without context
[09Jul2025 23:45:58.113] [Server thread/WARN] [com.unlikepaladin.pfm.PaladinFurnitureMod/]: Something has tried to get the output of a dynamic furniture recipe without context
[09Jul2025 23:45:58.113] [Server thread/WARN] [com.unlikepaladin.pfm.PaladinFurnitureMod/]: Something has tried to get the output of a dynamic furniture recipe without context
[09Jul2025 23:45:58.113] [Server thread/WARN] [com.unlikepaladin.pfm.PaladinFurnitureMod/]: Something has tried to get the output of a dynamic furniture recipe without context
[09Jul2025 23:45:58.113] [Server thread/WARN] [com.unlikepaladin.pfm.PaladinFurnitureMod/]: Something has tried to get the output of a dynamic furniture recipe without context
[09Jul2025 23:45:58.114] [Server thread/WARN] [com.unlikepaladin.pfm.PaladinFurnitureMod/]: Something has tried to get the output of a dynamic furniture recipe without context
[09Jul2025 23:45:58.114] [Server thread/WARN] [com.unlikepaladin.pfm.PaladinFurnitureMod/]: Something has tried to get the output of a dynamic furniture recipe without context
[09Jul2025 23:45:58.115] [Server thread/WARN] [com.unlikepaladin.pfm.PaladinFurnitureMod/]: Something has tried to get the output of a dynamic furniture recipe without context
[09Jul2025 23:45:58.119] [Server thread/WARN] [com.unlikepaladin.pfm.PaladinFurnitureMod/]: Something has tried to get the output of a dynamic furniture recipe without context
[09Jul2025 23:45:58.122] [Server thread/WARN] [com.unlikepaladin.pfm.PaladinFurnitureMod/]: Something has tried to get the output of a dynamic furniture recipe without context
[09Jul2025 23:45:58.122] [Server thread/WARN] [com.unlikepaladin.pfm.PaladinFurnitureMod/]: Something has tried to get the output of a dynamic furniture recipe without context
[09Jul2025 23:45:58.123] [Server thread/WARN] [com.unlikepaladin.pfm.PaladinFurnitureMod/]: Something has tried to get the output of a dynamic furniture recipe without context
[09Jul2025 23:45:58.123] [Server thread/WARN] [com.unlikepaladin.pfm.PaladinFurnitureMod/]: Something has tried to get the output of a dynamic furniture recipe without context
[09Jul2025 23:45:58.124] [Server thread/WARN] [com.unlikepaladin.pfm.PaladinFurnitureMod/]: Something has tried to get the output of a dynamic furniture recipe without context
[09Jul2025 23:45:58.124] [Server thread/WARN] [com.unlikepaladin.pfm.PaladinFurnitureMod/]: Something has tried to get the output of a dynamic furniture recipe without context
[09Jul2025 23:45:58.126] [Server thread/WARN] [com.unlikepaladin.pfm.PaladinFurnitureMod/]: Something has tried to get the output of a dynamic furniture recipe without context
[09Jul2025 23:45:58.129] [Server thread/WARN] [com.unlikepaladin.pfm.PaladinFurnitureMod/]: Something has tried to get the output of a dynamic furniture recipe without context
[09Jul2025 23:45:58.129] [Server thread/WARN] [com.unlikepaladin.pfm.PaladinFurnitureMod/]: Something has tried to get the output of a dynamic furniture recipe without context
[09Jul2025 23:45:58.129] [Server thread/WARN] [com.unlikepaladin.pfm.PaladinFurnitureMod/]: Something has tried to get the output of a dynamic furniture recipe without context
[09Jul2025 23:45:58.129] [Server thread/WARN] [com.unlikepaladin.pfm.PaladinFurnitureMod/]: Something has tried to get the output of a dynamic furniture recipe without context
[09Jul2025 23:45:58.130] [Server thread/WARN] [com.unlikepaladin.pfm.PaladinFurnitureMod/]: Something has tried to get the output of a dynamic furniture recipe without context
[09Jul2025 23:45:58.131] [Server thread/WARN] [com.unlikepaladin.pfm.PaladinFurnitureMod/]: Something has tried to get the output of a dynamic furniture recipe without context
[09Jul2025 23:45:58.134] [Server thread/WARN] [com.unlikepaladin.pfm.PaladinFurnitureMod/]: Something has tried to get the output of a dynamic furniture recipe without context
[09Jul2025 23:45:58.135] [Server thread/WARN] [com.unlikepaladin.pfm.PaladinFurnitureMod/]: Something has tried to get the output of a dynamic furniture recipe without context
[09Jul2025 23:45:58.135] [Server thread/WARN] [com.unlikepaladin.pfm.PaladinFurnitureMod/]: Something has tried to get the output of a dynamic furniture recipe without context
[09Jul2025 23:45:58.137] [Server thread/WARN] [com.unlikepaladin.pfm.PaladinFurnitureMod/]: Something has tried to get the output of a dynamic furniture recipe without context
[09Jul2025 23:45:58.137] [Server thread/WARN] [com.unlikepaladin.pfm.PaladinFurnitureMod/]: Something has tried to get the output of a dynamic furniture recipe without context
[09Jul2025 23:45:58.139] [Server thread/WARN] [com.unlikepaladin.pfm.PaladinFurnitureMod/]: Something has tried to get the output of a dynamic furniture recipe without context
[09Jul2025 23:45:58.141] [Server thread/WARN] [com.unlikepaladin.pfm.PaladinFurnitureMod/]: Something has tried to get the output of a dynamic furniture recipe without context
[09Jul2025 23:45:58.141] [Server thread/WARN] [com.unlikepaladin.pfm.PaladinFurnitureMod/]: Something has tried to get the output of a dynamic furniture recipe without context
[09Jul2025 23:45:58.141] [Server thread/WARN] [com.unlikepaladin.pfm.PaladinFurnitureMod/]: Something has tried to get the output of a dynamic furniture recipe without context
[09Jul2025 23:45:58.142] [Server thread/WARN] [com.unlikepaladin.pfm.PaladinFurnitureMod/]: Something has tried to get the output of a dynamic furniture recipe without context
[09Jul2025 23:45:58.142] [Server thread/WARN] [com.unlikepaladin.pfm.PaladinFurnitureMod/]: Something has tried to get the output of a dynamic furniture recipe without context
[09Jul2025 23:45:58.142] [Server thread/WARN] [com.unlikepaladin.pfm.PaladinFurnitureMod/]: Something has tried to get the output of a dynamic furniture recipe without context
[09Jul2025 23:45:58.142] [Server thread/WARN] [com.unlikepaladin.pfm.PaladinFurnitureMod/]: Something has tried to get the output of a dynamic furniture recipe without context
[09Jul2025 23:45:58.143] [Server thread/WARN] [com.unlikepaladin.pfm.PaladinFurnitureMod/]: Something has tried to get the output of a dynamic furniture recipe without context
[09Jul2025 23:45:58.143] [Server thread/WARN] [com.unlikepaladin.pfm.PaladinFurnitureMod/]: Something has tried to get the output of a dynamic furniture recipe without context
[09Jul2025 23:45:58.144] [Server thread/WARN] [com.unlikepaladin.pfm.PaladinFurnitureMod/]: Something has tried to get the output of a dynamic furniture recipe without context
[09Jul2025 23:45:58.144] [Server thread/WARN] [com.unlikepaladin.pfm.PaladinFurnitureMod/]: Something has tried to get the output of a dynamic furniture recipe without context
[09Jul2025 23:45:58.145] [Server thread/WARN] [com.unlikepaladin.pfm.PaladinFurnitureMod/]: Something has tried to get the output of a dynamic furniture recipe without context
[09Jul2025 23:45:58.145] [Server thread/WARN] [com.unlikepaladin.pfm.PaladinFurnitureMod/]: Something has tried to get the output of a dynamic furniture recipe without context
[09Jul2025 23:45:58.145] [Server thread/WARN] [com.unlikepaladin.pfm.PaladinFurnitureMod/]: Something has tried to get the output of a dynamic furniture recipe without context
[09Jul2025 23:45:58.148] [Server thread/WARN] [com.unlikepaladin.pfm.PaladinFurnitureMod/]: Something has tried to get the output of a dynamic furniture recipe without context
[09Jul2025 23:45:58.148] [Server thread/WARN] [com.unlikepaladin.pfm.PaladinFurnitureMod/]: Something has tried to get the output of a dynamic furniture recipe without context
[09Jul2025 23:45:58.148] [Server thread/WARN] [com.unlikepaladin.pfm.PaladinFurnitureMod/]: Something has tried to get the output of a dynamic furniture recipe without context
[09Jul2025 23:45:58.149] [Server thread/WARN] [com.unlikepaladin.pfm.PaladinFurnitureMod/]: Something has tried to get the output of a dynamic furniture recipe without context
[09Jul2025 23:45:58.149] [Server thread/WARN] [com.unlikepaladin.pfm.PaladinFurnitureMod/]: Something has tried to get the output of a dynamic furniture recipe without context
[09Jul2025 23:45:58.149] [Server thread/WARN] [com.unlikepaladin.pfm.PaladinFurnitureMod/]: Something has tried to get the output of a dynamic furniture recipe without context
[09Jul2025 23:45:58.149] [Server thread/WARN] [com.unlikepaladin.pfm.PaladinFurnitureMod/]: Something has tried to get the output of a dynamic furniture recipe without context
[09Jul2025 23:45:58.150] [Server thread/WARN] [com.unlikepaladin.pfm.PaladinFurnitureMod/]: Something has tried to get the output of a dynamic furniture recipe without context
[09Jul2025 23:45:58.151] [Server thread/WARN] [com.unlikepaladin.pfm.PaladinFurnitureMod/]: Something has tried to get the output of a dynamic furniture recipe without context
[09Jul2025 23:45:58.154] [Server thread/WARN] [com.unlikepaladin.pfm.PaladinFurnitureMod/]: Something has tried to get the output of a dynamic furniture recipe without context
[09Jul2025 23:45:58.154] [Server thread/WARN] [com.unlikepaladin.pfm.PaladinFurnitureMod/]: Something has tried to get the output of a dynamic furniture recipe without context
[09Jul2025 23:45:58.154] [Server thread/WARN] [com.unlikepaladin.pfm.PaladinFurnitureMod/]: Something has tried to get the output of a dynamic furniture recipe without context
[09Jul2025 23:45:58.154] [Server thread/WARN] [com.unlikepaladin.pfm.PaladinFurnitureMod/]: Something has tried to get the output of a dynamic furniture recipe without context
[09Jul2025 23:45:58.154] [Server thread/WARN] [com.unlikepaladin.pfm.PaladinFurnitureMod/]: Something has tried to get the output of a dynamic furniture recipe without context
[09Jul2025 23:45:58.155] [Server thread/WARN] [com.unlikepaladin.pfm.PaladinFurnitureMod/]: Something has tried to get the output of a dynamic furniture recipe without context
[09Jul2025 23:45:58.155] [Server thread/WARN] [com.unlikepaladin.pfm.PaladinFurnitureMod/]: Something has tried to get the output of a dynamic furniture recipe without context
[09Jul2025 23:45:58.155] [Server thread/WARN] [com.unlikepaladin.pfm.PaladinFurnitureMod/]: Something has tried to get the output of a dynamic furniture recipe without context
[09Jul2025 23:45:58.155] [Server thread/WARN] [com.unlikepaladin.pfm.PaladinFurnitureMod/]: Something has tried to get the output of a dynamic furniture recipe without context
[09Jul2025 23:45:58.155] [Server thread/WARN] [com.unlikepaladin.pfm.PaladinFurnitureMod/]: Something has tried to get the output of a dynamic furniture recipe without context
[09Jul2025 23:45:58.155] [Server thread/WARN] [com.unlikepaladin.pfm.PaladinFurnitureMod/]: Something has tried to get the output of a dynamic furniture recipe without context
[09Jul2025 23:45:58.156] [Server thread/WARN] [com.unlikepaladin.pfm.PaladinFurnitureMod/]: Something has tried to get the output of a dynamic furniture recipe without context
[09Jul2025 23:45:58.156] [Server thread/WARN] [com.unlikepaladin.pfm.PaladinFurnitureMod/]: Something has tried to get the output of a dynamic furniture recipe without context
[09Jul2025 23:45:58.156] [Server thread/WARN] [com.unlikepaladin.pfm.PaladinFurnitureMod/]: Something has tried to get the output of a dynamic furniture recipe without context
[09Jul2025 23:45:58.157] [Server thread/WARN] [com.unlikepaladin.pfm.PaladinFurnitureMod/]: Something has tried to get the output of a dynamic furniture recipe without context
[09Jul2025 23:45:58.157] [Server thread/WARN] [com.unlikepaladin.pfm.PaladinFurnitureMod/]: Something has tried to get the output of a dynamic furniture recipe without context
[09Jul2025 23:45:58.157] [Server thread/WARN] [com.unlikepaladin.pfm.PaladinFurnitureMod/]: Something has tried to get the output of a dynamic furniture recipe without context
[09Jul2025 23:45:58.157] [Server thread/WARN] [com.unlikepaladin.pfm.PaladinFurnitureMod/]: Something has tried to get the output of a dynamic furniture recipe without context
[09Jul2025 23:45:58.157] [Server thread/WARN] [com.unlikepaladin.pfm.PaladinFurnitureMod/]: Something has tried to get the output of a dynamic furniture recipe without context
[09Jul2025 23:45:58.157] [Server thread/WARN] [com.unlikepaladin.pfm.PaladinFurnitureMod/]: Something has tried to get the output of a dynamic furniture recipe without context
[09Jul2025 23:45:58.161] [Server thread/WARN] [com.unlikepaladin.pfm.PaladinFurnitureMod/]: Something has tried to get the output of a dynamic furniture recipe without context
[09Jul2025 23:45:58.161] [Server thread/WARN] [com.unlikepaladin.pfm.PaladinFurnitureMod/]: Something has tried to get the output of a dynamic furniture recipe without context
[09Jul2025 23:45:58.162] [Server thread/WARN] [com.unlikepaladin.pfm.PaladinFurnitureMod/]: Something has tried to get the output of a dynamic furniture recipe without context
[09Jul2025 23:45:58.162] [Server thread/WARN] [com.unlikepaladin.pfm.PaladinFurnitureMod/]: Something has tried to get the output of a dynamic furniture recipe without context
[09Jul2025 23:45:58.162] [Server thread/WARN] [com.unlikepaladin.pfm.PaladinFurnitureMod/]: Something has tried to get the output of a dynamic furniture recipe without context
[09Jul2025 23:45:58.162] [Server thread/WARN] [com.unlikepaladin.pfm.PaladinFurnitureMod/]: Something has tried to get the output of a dynamic furniture recipe without context
[09Jul2025 23:45:58.163] [Server thread/WARN] [com.unlikepaladin.pfm.PaladinFurnitureMod/]: Something has tried to get the output of a dynamic furniture recipe without context
[09Jul2025 23:45:58.163] [Server thread/WARN] [com.unlikepaladin.pfm.PaladinFurnitureMod/]: Something has tried to get the output of a dynamic furniture recipe without context
[09Jul2025 23:45:58.164] [Server thread/WARN] [com.unlikepaladin.pfm.PaladinFurnitureMod/]: Something has tried to get the output of a dynamic furniture recipe without context
[09Jul2025 23:45:58.169] [Server thread/WARN] [com.unlikepaladin.pfm.PaladinFurnitureMod/]: Something has tried to get the output of a dynamic furniture recipe without context
[09Jul2025 23:45:58.170] [Server thread/WARN] [com.unlikepaladin.pfm.PaladinFurnitureMod/]: Something has tried to get the output of a dynamic furniture recipe without context
[09Jul2025 23:45:58.170] [Server thread/WARN] [com.unlikepaladin.pfm.PaladinFurnitureMod/]: Something has tried to get the output of a dynamic furniture recipe without context
[09Jul2025 23:45:58.170] [Server thread/WARN] [com.unlikepaladin.pfm.PaladinFurnitureMod/]: Something has tried to get the output of a dynamic furniture recipe without context
[09Jul2025 23:45:58.170] [Server thread/WARN] [com.unlikepaladin.pfm.PaladinFurnitureMod/]: Something has tried to get the output of a dynamic furniture recipe without context
[09Jul2025 23:45:58.171] [Server thread/WARN] [com.unlikepaladin.pfm.PaladinFurnitureMod/]: Something has tried to get the output of a dynamic furniture recipe without context
[09Jul2025 23:45:58.174] [Server thread/WARN] [com.unlikepaladin.pfm.PaladinFurnitureMod/]: Something has tried to get the output of a dynamic furniture recipe without context
[09Jul2025 23:45:58.174] [Server thread/WARN] [com.unlikepaladin.pfm.PaladinFurnitureMod/]: Something has tried to get the output of a dynamic furniture recipe without context
[09Jul2025 23:45:58.175] [Server thread/WARN] [com.unlikepaladin.pfm.PaladinFurnitureMod/]: Something has tried to get the output of a dynamic furniture recipe without context
[09Jul2025 23:45:58.175] [Server thread/WARN] [com.unlikepaladin.pfm.PaladinFurnitureMod/]: Something has tried to get the output of a dynamic furniture recipe without context
[09Jul2025 23:45:58.176] [Server thread/WARN] [com.unlikepaladin.pfm.PaladinFurnitureMod/]: Something has tried to get the output of a dynamic furniture recipe without context
[09Jul2025 23:45:58.176] [Server thread/WARN] [com.unlikepaladin.pfm.PaladinFurnitureMod/]: Something has tried to get the output of a dynamic furniture recipe without context
[09Jul2025 23:45:58.176] [Server thread/WARN] [com.unlikepaladin.pfm.PaladinFurnitureMod/]: Something has tried to get the output of a dynamic furniture recipe without context
[09Jul2025 23:45:58.176] [Server thread/WARN] [com.unlikepaladin.pfm.PaladinFurnitureMod/]: Something has tried to get the output of a dynamic furniture recipe without context
[09Jul2025 23:45:58.176] [Server thread/WARN] [com.unlikepaladin.pfm.PaladinFurnitureMod/]: Something has tried to get the output of a dynamic furniture recipe without context
[09Jul2025 23:45:58.176] [Server thread/WARN] [com.unlikepaladin.pfm.PaladinFurnitureMod/]: Something has tried to get the output of a dynamic furniture recipe without context
[09Jul2025 23:45:58.179] [Server thread/WARN] [com.unlikepaladin.pfm.PaladinFurnitureMod/]: Something has tried to get the output of a dynamic furniture recipe without context
[09Jul2025 23:45:58.189] [Server thread/WARN] [com.unlikepaladin.pfm.PaladinFurnitureMod/]: Something has tried to get the output of a dynamic furniture recipe without context
[09Jul2025 23:45:58.189] [Server thread/WARN] [com.unlikepaladin.pfm.PaladinFurnitureMod/]: Something has tried to get the output of a dynamic furniture recipe without context
[09Jul2025 23:45:58.190] [Server thread/WARN] [com.unlikepaladin.pfm.PaladinFurnitureMod/]: Something has tried to get the output of a dynamic furniture recipe without context
[09Jul2025 23:45:58.190] [Server thread/WARN] [com.unlikepaladin.pfm.PaladinFurnitureMod/]: Something has tried to get the output of a dynamic furniture recipe without context
[09Jul2025 23:45:58.190] [Server thread/WARN] [com.unlikepaladin.pfm.PaladinFurnitureMod/]: Something has tried to get the output of a dynamic furniture recipe without context
[09Jul2025 23:45:58.193] [Server thread/WARN] [com.unlikepaladin.pfm.PaladinFurnitureMod/]: Something has tried to get the output of a dynamic furniture recipe without context
[09Jul2025 23:45:58.202] [Server thread/WARN] [com.unlikepaladin.pfm.PaladinFurnitureMod/]: Something has tried to get the output of a dynamic furniture recipe without context
[09Jul2025 23:45:58.202] [Server thread/WARN] [com.unlikepaladin.pfm.PaladinFurnitureMod/]: Something has tried to get the output of a dynamic furniture recipe without context
[09Jul2025 23:45:58.202] [Server thread/WARN] [com.unlikepaladin.pfm.PaladinFurnitureMod/]: Something has tried to get the output of a dynamic furniture recipe without context
[09Jul2025 23:45:58.202] [Server thread/WARN] [com.unlikepaladin.pfm.PaladinFurnitureMod/]: Something has tried to get the output of a dynamic furniture recipe without context
[09Jul2025 23:45:58.202] [Server thread/WARN] [com.unlikepaladin.pfm.PaladinFurnitureMod/]: Something has tried to get the output of a dynamic furniture recipe without context
[09Jul2025 23:45:58.203] [Server thread/WARN] [com.unlikepaladin.pfm.PaladinFurnitureMod/]: Something has tried to get the output of a dynamic furniture recipe without context
[09Jul2025 23:45:58.203] [Server thread/WARN] [com.unlikepaladin.pfm.PaladinFurnitureMod/]: Something has tried to get the output of a dynamic furniture recipe without context
[09Jul2025 23:45:58.203] [Server thread/WARN] [com.unlikepaladin.pfm.PaladinFurnitureMod/]: Something has tried to get the output of a dynamic furniture recipe without context
[09Jul2025 23:45:58.204] [Server thread/WARN] [com.unlikepaladin.pfm.PaladinFurnitureMod/]: Something has tried to get the output of a dynamic furniture recipe without context
[09Jul2025 23:45:58.207] [Server thread/WARN] [com.unlikepaladin.pfm.PaladinFurnitureMod/]: Something has tried to get the output of a dynamic furniture recipe without context
[09Jul2025 23:45:58.209] [Server thread/WARN] [com.unlikepaladin.pfm.PaladinFurnitureMod/]: Something has tried to get the output of a dynamic furniture recipe without context
[09Jul2025 23:45:58.211] [Server thread/WARN] [com.unlikepaladin.pfm.PaladinFurnitureMod/]: Something has tried to get the output of a dynamic furniture recipe without context
[09Jul2025 23:45:58.212] [Server thread/WARN] [com.unlikepaladin.pfm.PaladinFurnitureMod/]: Something has tried to get the output of a dynamic furniture recipe without context
[09Jul2025 23:45:58.212] [Server thread/WARN] [com.unlikepaladin.pfm.PaladinFurnitureMod/]: Something has tried to get the output of a dynamic furniture recipe without context
[09Jul2025 23:45:58.212] [Server thread/WARN] [com.unlikepaladin.pfm.PaladinFurnitureMod/]: Something has tried to get the output of a dynamic furniture recipe without context
[09Jul2025 23:45:58.213] [Server thread/WARN] [com.unlikepaladin.pfm.PaladinFurnitureMod/]: Something has tried to get the output of a dynamic furniture recipe without context
[09Jul2025 23:45:58.232] [Server thread/WARN] [com.unlikepaladin.pfm.PaladinFurnitureMod/]: Something has tried to get the output of a dynamic furniture recipe without context
[09Jul2025 23:45:58.233] [Server thread/WARN] [com.unlikepaladin.pfm.PaladinFurnitureMod/]: Something has tried to get the output of a dynamic furniture recipe without context
[09Jul2025 23:45:58.233] [Server thread/WARN] [com.unlikepaladin.pfm.PaladinFurnitureMod/]: Something has tried to get the output of a dynamic furniture recipe without context
[09Jul2025 23:45:58.236] [Server thread/WARN] [com.unlikepaladin.pfm.PaladinFurnitureMod/]: Something has tried to get the output of a dynamic furniture recipe without context
[09Jul2025 23:46:16.935] [User Authenticator #1/INFO] [net.minecraft.server.network.ServerLoginPacketListenerImpl/]: UUID of player Angelichi25 is 3d13c512-f100-496f-8e3a-381f67ff93f4
[09Jul2025 23:46:19.435] [User Authenticator #2/INFO] [net.minecraft.server.network.ServerLoginPacketListenerImpl/]: UUID of player SrArthuro is d76a0a41-42b7-4708-a6fb-21d044903d04
[09Jul2025 23:46:21.361] [Server thread/INFO] [net.minecraft.server.players.PlayerList/]: Angelichi25[/127.29.95.150:35849] logged in with entity id 1487 at (-545.2649691933149, 71.0, 61.23891399678994)
[09Jul2025 23:46:21.555] [Server thread/INFO] [ModernFix/]: Using enhanced recipe sync for player Angelichi25
[09Jul2025 23:46:21.610] [Server thread/INFO] [net.minecraft.server.MinecraftServer/]: Angelichi25 joined the game
[09Jul2025 23:46:21.744] [Server thread/WARN] [com.unlikepaladin.pfm.PaladinFurnitureMod/]: Something has tried to get the output of a dynamic furniture recipe without context
[09Jul2025 23:46:21.745] [Server thread/WARN] [com.unlikepaladin.pfm.PaladinFurnitureMod/]: Something has tried to get the output of a dynamic furniture recipe without context
[09Jul2025 23:46:21.746] [Server thread/WARN] [com.unlikepaladin.pfm.PaladinFurnitureMod/]: Something has tried to get the output of a dynamic furniture recipe without context
[09Jul2025 23:46:21.746] [Server thread/WARN] [com.unlikepaladin.pfm.PaladinFurnitureMod/]: Something has tried to get the output of a dynamic furniture recipe without context
[09Jul2025 23:46:21.747] [Server thread/WARN] [com.unlikepaladin.pfm.PaladinFurnitureMod/]: Something has tried to get the output of a dynamic furniture recipe without context
[09Jul2025 23:46:21.747] [Server thread/WARN] [com.unlikepaladin.pfm.PaladinFurnitureMod/]: Something has tried to get the output of a dynamic furniture recipe without context
[09Jul2025 23:46:21.748] [Server thread/WARN] [com.unlikepaladin.pfm.PaladinFurnitureMod/]: Something has tried to get the output of a dynamic furniture recipe without context
[09Jul2025 23:46:21.748] [Server thread/WARN] [com.unlikepaladin.pfm.PaladinFurnitureMod/]: Something has tried to get the output of a dynamic furniture recipe without context
[09Jul2025 23:46:21.749] [Server thread/WARN] [com.unlikepaladin.pfm.PaladinFurnitureMod/]: Something has tried to get the output of a dynamic furniture recipe without context
[09Jul2025 23:46:21.749] [Server thread/WARN] [com.unlikepaladin.pfm.PaladinFurnitureMod/]: Something has tried to get the output of a dynamic furniture recipe without context
[09Jul2025 23:46:21.749] [Server thread/WARN] [com.unlikepaladin.pfm.PaladinFurnitureMod/]: Something has tried to get the output of a dynamic furniture recipe without context
[09Jul2025 23:46:21.749] [Server thread/WARN] [com.unlikepaladin.pfm.PaladinFurnitureMod/]: Something has tried to get the output of a dynamic furniture recipe without context
[09Jul2025 23:46:21.750] [Server thread/WARN] [com.unlikepaladin.pfm.PaladinFurnitureMod/]: Something has tried to get the output of a dynamic furniture recipe without context
[09Jul2025 23:46:21.750] [Server thread/WARN] [com.unlikepaladin.pfm.PaladinFurnitureMod/]: Something has tried to get the output of a dynamic furniture recipe without context
[09Jul2025 23:46:21.753] [Server thread/WARN] [com.unlikepaladin.pfm.PaladinFurnitureMod/]: Something has tried to get the output of a dynamic furniture recipe without context
[09Jul2025 23:46:21.753] [Server thread/WARN] [com.unlikepaladin.pfm.PaladinFurnitureMod/]: Something has tried to get the output of a dynamic furniture recipe without context
[09Jul2025 23:46:21.753] [Server thread/WARN] [com.unlikepaladin.pfm.PaladinFurnitureMod/]: Something has tried to get the output of a dynamic furniture recipe without context
[09Jul2025 23:46:21.753] [Server thread/WARN] [com.unlikepaladin.pfm.PaladinFurnitureMod/]: Something has tried to get the output of a dynamic furniture recipe without context
[09Jul2025 23:46:21.754] [Server thread/WARN] [com.unlikepaladin.pfm.PaladinFurnitureMod/]: Something has tried to get the output of a dynamic furniture recipe without context
[09Jul2025 23:46:21.754] [Server thread/WARN] [com.unlikepaladin.pfm.PaladinFurnitureMod/]: Something has tried to get the output of a dynamic furniture recipe without context
[09Jul2025 23:46:21.754] [Server thread/WARN] [com.unlikepaladin.pfm.PaladinFurnitureMod/]: Something has tried to get the output of a dynamic furniture recipe without context
[09Jul2025 23:46:21.754] [Server thread/WARN] [com.unlikepaladin.pfm.PaladinFurnitureMod/]: Something has tried to get the output of a dynamic furniture recipe without context
[09Jul2025 23:46:21.755] [Server thread/WARN] [com.unlikepaladin.pfm.PaladinFurnitureMod/]: Something has tried to get the output of a dynamic furniture recipe without context
[09Jul2025 23:46:21.755] [Server thread/WARN] [com.unlikepaladin.pfm.PaladinFurnitureMod/]: Something has tried to get the output of a dynamic furniture recipe without context
[09Jul2025 23:46:21.755] [Server thread/WARN] [com.unlikepaladin.pfm.PaladinFurnitureMod/]: Something has tried to get the output of a dynamic furniture recipe without context
[09Jul2025 23:46:21.755] [Server thread/WARN] [com.unlikepaladin.pfm.PaladinFurnitureMod/]: Something has tried to get the output of a dynamic furniture recipe without context
[09Jul2025 23:46:21.755] [Server thread/WARN] [com.unlikepaladin.pfm.PaladinFurnitureMod/]: Something has tried to get the output of a dynamic furniture recipe without context
[09Jul2025 23:46:21.755] [Server thread/WARN] [com.unlikepaladin.pfm.PaladinFurnitureMod/]: Something has tried to get the output of a dynamic furniture recipe without context
[09Jul2025 23:46:21.756] [Server thread/WARN] [com.unlikepaladin.pfm.PaladinFurnitureMod/]: Something has tried to get the output of a dynamic furniture recipe without context
[09Jul2025 23:46:21.756] [Server thread/WARN] [com.unlikepaladin.pfm.PaladinFurnitureMod/]: Something has tried to get the output of a dynamic furniture recipe without context
[09Jul2025 23:46:21.756] [Server thread/WARN] [com.unlikepaladin.pfm.PaladinFurnitureMod/]: Something has tried to get the output of a dynamic furniture recipe without context
[09Jul2025 23:46:21.756] [Server thread/WARN] [com.unlikepaladin.pfm.PaladinFurnitureMod/]: Something has tried to get the output of a dynamic furniture recipe without context
[09Jul2025 23:46:21.757] [Server thread/WARN] [com.unlikepaladin.pfm.PaladinFurnitureMod/]: Something has tried to get the output of a dynamic furniture recipe without context
[09Jul2025 23:46:21.757] [Server thread/WARN] [com.unlikepaladin.pfm.PaladinFurnitureMod/]: Something has tried to get the output of a dynamic furniture recipe without context
[09Jul2025 23:46:21.757] [Server thread/WARN] [com.unlikepaladin.pfm.PaladinFurnitureMod/]: Something has tried to get the output of a dynamic furniture recipe without context
[09Jul2025 23:46:21.757] [Server thread/WARN] [com.unlikepaladin.pfm.PaladinFurnitureMod/]: Something has tried to get the output of a dynamic furniture recipe without context
[09Jul2025 23:46:21.757] [Server thread/WARN] [com.unlikepaladin.pfm.PaladinFurnitureMod/]: Something has tried to get the output of a dynamic furniture recipe without context
[09Jul2025 23:46:21.757] [Server thread/WARN] [com.unlikepaladin.pfm.PaladinFurnitureMod/]: Something has tried to get the output of a dynamic furniture recipe without context
[09Jul2025 23:46:21.758] [Server thread/WARN] [com.unlikepaladin.pfm.PaladinFurnitureMod/]: Something has tried to get the output of a dynamic furniture recipe without context
[09Jul2025 23:46:21.758] [Server thread/WARN] [com.unlikepaladin.pfm.PaladinFurnitureMod/]: Something has tried to get the output of a dynamic furniture recipe without context
[09Jul2025 23:46:21.758] [Server thread/WARN] [com.unlikepaladin.pfm.PaladinFurnitureMod/]: Something has tried to get the output of a dynamic furniture recipe without context
[09Jul2025 23:46:21.758] [Server thread/WARN] [com.unlikepaladin.pfm.PaladinFurnitureMod/]: Something has tried to get the output of a dynamic furniture recipe without context
[09Jul2025 23:46:21.759] [Server thread/WARN] [com.unlikepaladin.pfm.PaladinFurnitureMod/]: Something has tried to get the output of a dynamic furniture recipe without context
[09Jul2025 23:46:21.759] [Server thread/WARN] [com.unlikepaladin.pfm.PaladinFurnitureMod/]: Something has tried to get the output of a dynamic furniture recipe without context
[09Jul2025 23:46:21.759] [Server thread/WARN] [com.unlikepaladin.pfm.PaladinFurnitureMod/]: Something has tried to get the output of a dynamic furniture recipe without context
[09Jul2025 23:46:21.759] [Server thread/WARN] [com.unlikepaladin.pfm.PaladinFurnitureMod/]: Something has tried to get the output of a dynamic furniture recipe without context
[09Jul2025 23:46:21.759] [Server thread/WARN] [com.unlikepaladin.pfm.PaladinFurnitureMod/]: Something has tried to get the output of a dynamic furniture recipe without context
[09Jul2025 23:46:21.760] [Server thread/WARN] [com.unlikepaladin.pfm.PaladinFurnitureMod/]: Something has tried to get the output of a dynamic furniture recipe without context
[09Jul2025 23:46:21.760] [Server thread/WARN] [com.unlikepaladin.pfm.PaladinFurnitureMod/]: Something has tried to get the output of a dynamic furniture recipe without context
[09Jul2025 23:46:21.760] [Server thread/WARN] [com.unlikepaladin.pfm.PaladinFurnitureMod/]: Something has tried to get the output of a dynamic furniture recipe without context
[09Jul2025 23:46:21.760] [Server thread/WARN] [com.unlikepaladin.pfm.PaladinFurnitureMod/]: Something has tried to get the output of a dynamic furniture recipe without context
[09Jul2025 23:46:21.760] [Server thread/WARN] [com.unlikepaladin.pfm.PaladinFurnitureMod/]: Something has tried to get the output of a dynamic furniture recipe without context
[09Jul2025 23:46:21.761] [Server thread/WARN] [com.unlikepaladin.pfm.PaladinFurnitureMod/]: Something has tried to get the output of a dynamic furniture recipe without context
[09Jul2025 23:46:21.761] [Server thread/WARN] [com.unlikepaladin.pfm.PaladinFurnitureMod/]: Something has tried to get the output of a dynamic furniture recipe without context
[09Jul2025 23:46:21.761] [Server thread/WARN] [com.unlikepaladin.pfm.PaladinFurnitureMod/]: Something has tried to get the output of a dynamic furniture recipe without context
[09Jul2025 23:46:21.762] [Server thread/WARN] [com.unlikepaladin.pfm.PaladinFurnitureMod/]: Something has tried to get the output of a dynamic furniture recipe without context
[09Jul2025 23:46:21.762] [Server thread/WARN] [com.unlikepaladin.pfm.PaladinFurnitureMod/]: Something has tried to get the output of a dynamic furniture recipe without context
[09Jul2025 23:46:21.766] [Server thread/WARN] [com.unlikepaladin.pfm.PaladinFurnitureMod/]: Something has tried to get the output of a dynamic furniture recipe without context
[09Jul2025 23:46:21.769] [Server thread/WARN] [com.unlikepaladin.pfm.PaladinFurnitureMod/]: Something has tried to get the output of a dynamic furniture recipe without context
[09Jul2025 23:46:21.769] [Server thread/WARN] [com.unlikepaladin.pfm.PaladinFurnitureMod/]: Something has tried to get the output of a dynamic furniture recipe without context
[09Jul2025 23:46:21.770] [Server thread/WARN] [com.unlikepaladin.pfm.PaladinFurnitureMod/]: Something has tried to get the output of a dynamic furniture recipe without context
[09Jul2025 23:46:21.770] [Server thread/WARN] [com.unlikepaladin.pfm.PaladinFurnitureMod/]: Something has tried to get the output of a dynamic furniture recipe without context
[09Jul2025 23:46:21.771] [Server thread/WARN] [com.unlikepaladin.pfm.PaladinFurnitureMod/]: Something has tried to get the output of a dynamic furniture recipe without context
[09Jul2025 23:46:21.771] [Server thread/WARN] [com.unlikepaladin.pfm.PaladinFurnitureMod/]: Something has tried to get the output of a dynamic furniture recipe without context
[09Jul2025 23:46:21.771] [Server thread/WARN] [com.unlikepaladin.pfm.PaladinFurnitureMod/]: Something has tried to get the output of a dynamic furniture recipe without context
[09Jul2025 23:46:21.771] [Server thread/WARN] [com.unlikepaladin.pfm.PaladinFurnitureMod/]: Something has tried to get the output of a dynamic furniture recipe without context
[09Jul2025 23:46:21.771] [Server thread/WARN] [com.unlikepaladin.pfm.PaladinFurnitureMod/]: Something has tried to get the output of a dynamic furniture recipe without context
[09Jul2025 23:46:21.771] [Server thread/WARN] [com.unlikepaladin.pfm.PaladinFurnitureMod/]: Something has tried to get the output of a dynamic furniture recipe without context
[09Jul2025 23:46:21.771] [Server thread/WARN] [com.unlikepaladin.pfm.PaladinFurnitureMod/]: Something has tried to get the output of a dynamic furniture recipe without context
[09Jul2025 23:46:21.772] [Server thread/WARN] [com.unlikepaladin.pfm.PaladinFurnitureMod/]: Something has tried to get the output of a dynamic furniture recipe without context
[09Jul2025 23:46:21.772] [Server thread/WARN] [com.unlikepaladin.pfm.PaladinFurnitureMod/]: Something has tried to get the output of a dynamic furniture recipe without context
[09Jul2025 23:46:21.772] [Server thread/WARN] [com.unlikepaladin.pfm.PaladinFurnitureMod/]: Something has tried to get the output of a dynamic furniture recipe without context
[09Jul2025 23:46:21.772] [Server thread/WARN] [com.unlikepaladin.pfm.PaladinFurnitureMod/]: Something has tried to get the output of a dynamic furniture recipe without context
[09Jul2025 23:46:21.772] [Server thread/WARN] [com.unlikepaladin.pfm.PaladinFurnitureMod/]: Something has tried to get the output of a dynamic furniture recipe without context
[09Jul2025 23:46:21.772] [Server thread/WARN] [com.unlikepaladin.pfm.PaladinFurnitureMod/]: Something has tried to get the output of a dynamic furniture recipe without context
[09Jul2025 23:46:21.773] [Server thread/WARN] [com.unlikepaladin.pfm.PaladinFurnitureMod/]: Something has tried to get the output of a dynamic furniture recipe without context
[09Jul2025 23:46:21.773] [Server thread/WARN] [com.unlikepaladin.pfm.PaladinFurnitureMod/]: Something has tried to get the output of a dynamic furniture recipe without context
[09Jul2025 23:46:21.773] [Server thread/WARN] [com.unlikepaladin.pfm.PaladinFurnitureMod/]: Something has tried to get the output of a dynamic furniture recipe without context
[09Jul2025 23:46:21.773] [Server thread/WARN] [com.unlikepaladin.pfm.PaladinFurnitureMod/]: Something has tried to get the output of a dynamic furniture recipe without context
[09Jul2025 23:46:21.773] [Server thread/WARN] [com.unlikepaladin.pfm.PaladinFurnitureMod/]: Something has tried to get the output of a dynamic furniture recipe without context
[09Jul2025 23:46:21.774] [Server thread/WARN] [com.unlikepaladin.pfm.PaladinFurnitureMod/]: Something has tried to get the output of a dynamic furniture recipe without context
[09Jul2025 23:46:21.774] [Server thread/WARN] [com.unlikepaladin.pfm.PaladinFurnitureMod/]: Something has tried to get the output of a dynamic furniture recipe without context
[09Jul2025 23:46:21.774] [Server thread/WARN] [com.unlikepaladin.pfm.PaladinFurnitureMod/]: Something has tried to get the output of a dynamic furniture recipe without context
[09Jul2025 23:46:21.775] [Server thread/WARN] [com.unlikepaladin.pfm.PaladinFurnitureMod/]: Something has tried to get the output of a dynamic furniture recipe without context
[09Jul2025 23:46:21.775] [Server thread/WARN] [com.unlikepaladin.pfm.PaladinFurnitureMod/]: Something has tried to get the output of a dynamic furniture recipe without context
[09Jul2025 23:46:21.775] [Server thread/WARN] [com.unlikepaladin.pfm.PaladinFurnitureMod/]: Something has tried to get the output of a dynamic furniture recipe without context
[09Jul2025 23:46:21.775] [Server thread/WARN] [com.unlikepaladin.pfm.PaladinFurnitureMod/]: Something has tried to get the output of a dynamic furniture recipe without context
[09Jul2025 23:46:21.775] [Server thread/WARN] [com.unlikepaladin.pfm.PaladinFurnitureMod/]: Something has tried to get the output of a dynamic furniture recipe without context
[09Jul2025 23:46:21.775] [Server thread/WARN] [com.unlikepaladin.pfm.PaladinFurnitureMod/]: Something has tried to get the output of a dynamic furniture recipe without context
[09Jul2025 23:46:21.775] [Server thread/WARN] [com.unlikepaladin.pfm.PaladinFurnitureMod/]: Something has tried to get the output of a dynamic furniture recipe without context
[09Jul2025 23:46:21.775] [Server thread/WARN] [com.unlikepaladin.pfm.PaladinFurnitureMod/]: Something has tried to get the output of a dynamic furniture recipe without context
[09Jul2025 23:46:21.775] [Server thread/WARN] [com.unlikepaladin.pfm.PaladinFurnitureMod/]: Something has tried to get the output of a dynamic furniture recipe without context
[09Jul2025 23:46:21.776] [Server thread/WARN] [com.unlikepaladin.pfm.PaladinFurnitureMod/]: Something has tried to get the output of a dynamic furniture recipe without context
[09Jul2025 23:46:21.776] [Server thread/WARN] [com.unlikepaladin.pfm.PaladinFurnitureMod/]: Something has tried to get the output of a dynamic furniture recipe without context
[09Jul2025 23:46:21.776] [Server thread/WARN] [com.unlikepaladin.pfm.PaladinFurnitureMod/]: Something has tried to get the output of a dynamic furniture recipe without context
[09Jul2025 23:46:21.776] [Server thread/WARN] [com.unlikepaladin.pfm.PaladinFurnitureMod/]: Something has tried to get the output of a dynamic furniture recipe without context
[09Jul2025 23:46:21.776] [Server thread/WARN] [com.unlikepaladin.pfm.PaladinFurnitureMod/]: Something has tried to get the output of a dynamic furniture recipe without context
[09Jul2025 23:46:21.776] [Server thread/WARN] [com.unlikepaladin.pfm.PaladinFurnitureMod/]: Something has tried to get the output of a dynamic furniture recipe without context
[09Jul2025 23:46:21.777] [Server thread/WARN] [com.unlikepaladin.pfm.PaladinFurnitureMod/]: Something has tried to get the output of a dynamic furniture recipe without context
[09Jul2025 23:46:21.777] [Server thread/WARN] [com.unlikepaladin.pfm.PaladinFurnitureMod/]: Something has tried to get the output of a dynamic furniture recipe without context
[09Jul2025 23:46:21.777] [Server thread/WARN] [com.unlikepaladin.pfm.PaladinFurnitureMod/]: Something has tried to get the output of a dynamic furniture recipe without context
[09Jul2025 23:46:21.777] [Server thread/WARN] [com.unlikepaladin.pfm.PaladinFurnitureMod/]: Something has tried to get the output of a dynamic furniture recipe without context
[09Jul2025 23:46:21.777] [Server thread/WARN] [com.unlikepaladin.pfm.PaladinFurnitureMod/]: Something has tried to get the output of a dynamic furniture recipe without context
[09Jul2025 23:46:21.777] [Server thread/WARN] [com.unlikepaladin.pfm.PaladinFurnitureMod/]: Something has tried to get the output of a dynamic furniture recipe without context
[09Jul2025 23:46:21.777] [Server thread/WARN] [com.unlikepaladin.pfm.PaladinFurnitureMod/]: Something has tried to get the output of a dynamic furniture recipe without context
[09Jul2025 23:46:21.778] [Server thread/WARN] [com.unlikepaladin.pfm.PaladinFurnitureMod/]: Something has tried to get the output of a dynamic furniture recipe without context
[09Jul2025 23:46:21.778] [Server thread/WARN] [com.unlikepaladin.pfm.PaladinFurnitureMod/]: Something has tried to get the output of a dynamic furniture recipe without context
[09Jul2025 23:46:21.778] [Server thread/WARN] [com.unlikepaladin.pfm.PaladinFurnitureMod/]: Something has tried to get the output of a dynamic furniture recipe without context
[09Jul2025 23:46:21.778] [Server thread/WARN] [com.unlikepaladin.pfm.PaladinFurnitureMod/]: Something has tried to get the output of a dynamic furniture recipe without context
[09Jul2025 23:46:21.778] [Server thread/WARN] [com.unlikepaladin.pfm.PaladinFurnitureMod/]: Something has tried to get the output of a dynamic furniture recipe without context
[09Jul2025 23:46:21.779] [Server thread/WARN] [com.unlikepaladin.pfm.PaladinFurnitureMod/]: Something has tried to get the output of a dynamic furniture recipe without context
[09Jul2025 23:46:21.779] [Server thread/WARN] [com.unlikepaladin.pfm.PaladinFurnitureMod/]: Something has tried to get the output of a dynamic furniture recipe without context
[09Jul2025 23:46:21.779] [Server thread/WARN] [com.unlikepaladin.pfm.PaladinFurnitureMod/]: Something has tried to get the output of a dynamic furniture recipe without context
[09Jul2025 23:46:21.779] [Server thread/WARN] [com.unlikepaladin.pfm.PaladinFurnitureMod/]: Something has tried to get the output of a dynamic furniture recipe without context
[09Jul2025 23:46:21.780] [Server thread/WARN] [com.unlikepaladin.pfm.PaladinFurnitureMod/]: Something has tried to get the output of a dynamic furniture recipe without context
[09Jul2025 23:46:21.781] [Server thread/WARN] [com.unlikepaladin.pfm.PaladinFurnitureMod/]: Something has tried to get the output of a dynamic furniture recipe without context
[09Jul2025 23:46:21.781] [Server thread/WARN] [com.unlikepaladin.pfm.PaladinFurnitureMod/]: Something has tried to get the output of a dynamic furniture recipe without context
[09Jul2025 23:46:21.781] [Server thread/WARN] [com.unlikepaladin.pfm.PaladinFurnitureMod/]: Something has tried to get the output of a dynamic furniture recipe without context
[09Jul2025 23:46:21.782] [Server thread/WARN] [com.unlikepaladin.pfm.PaladinFurnitureMod/]: Something has tried to get the output of a dynamic furniture recipe without context
[09Jul2025 23:46:21.782] [Server thread/WARN] [com.unlikepaladin.pfm.PaladinFurnitureMod/]: Something has tried to get the output of a dynamic furniture recipe without context
[09Jul2025 23:46:21.783] [Server thread/WARN] [com.unlikepaladin.pfm.PaladinFurnitureMod/]: Something has tried to get the output of a dynamic furniture recipe without context
[09Jul2025 23:46:21.783] [Server thread/WARN] [com.unlikepaladin.pfm.PaladinFurnitureMod/]: Something has tried to get the output of a dynamic furniture recipe without context
[09Jul2025 23:46:21.783] [Server thread/WARN] [com.unlikepaladin.pfm.PaladinFurnitureMod/]: Something has tried to get the output of a dynamic furniture recipe without context
[09Jul2025 23:46:21.783] [Server thread/WARN] [com.unlikepaladin.pfm.PaladinFurnitureMod/]: Something has tried to get the output of a dynamic furniture recipe without context
[09Jul2025 23:46:21.783] [Server thread/WARN] [com.unlikepaladin.pfm.PaladinFurnitureMod/]: Something has tried to get the output of a dynamic furniture recipe without context
[09Jul2025 23:46:21.784] [Server thread/WARN] [com.unlikepaladin.pfm.PaladinFurnitureMod/]: Something has tried to get the output of a dynamic furniture recipe without context
[09Jul2025 23:46:21.784] [Server thread/WARN] [com.unlikepaladin.pfm.PaladinFurnitureMod/]: Something has tried to get the output of a dynamic furniture recipe without context
[09Jul2025 23:46:21.784] [Server thread/WARN] [com.unlikepaladin.pfm.PaladinFurnitureMod/]: Something has tried to get the output of a dynamic furniture recipe without context
[09Jul2025 23:46:21.784] [Server thread/WARN] [com.unlikepaladin.pfm.PaladinFurnitureMod/]: Something has tried to get the output of a dynamic furniture recipe without context
[09Jul2025 23:46:21.785] [Server thread/WARN] [com.unlikepaladin.pfm.PaladinFurnitureMod/]: Something has tried to get the output of a dynamic furniture recipe without context
[09Jul2025 23:46:21.785] [Server thread/WARN] [com.unlikepaladin.pfm.PaladinFurnitureMod/]: Something has tried to get the output of a dynamic furniture recipe without context
[09Jul2025 23:46:21.785] [Server thread/WARN] [com.unlikepaladin.pfm.PaladinFurnitureMod/]: Something has tried to get the output of a dynamic furniture recipe without context
[09Jul2025 23:46:21.785] [Server thread/WARN] [com.unlikepaladin.pfm.PaladinFurnitureMod/]: Something has tried to get the output of a dynamic furniture recipe without context
[09Jul2025 23:46:21.786] [Server thread/WARN] [com.unlikepaladin.pfm.PaladinFurnitureMod/]: Something has tried to get the output of a dynamic furniture recipe without context
[09Jul2025 23:46:21.786] [Server thread/WARN] [com.unlikepaladin.pfm.PaladinFurnitureMod/]: Something has tried to get the output of a dynamic furniture recipe without context
[09Jul2025 23:46:21.786] [Server thread/WARN] [com.unlikepaladin.pfm.PaladinFurnitureMod/]: Something has tried to get the output of a dynamic furniture recipe without context
[09Jul2025 23:46:21.787] [Server thread/WARN] [com.unlikepaladin.pfm.PaladinFurnitureMod/]: Something has tried to get the output of a dynamic furniture recipe without context
[09Jul2025 23:46:21.787] [Server thread/WARN] [com.unlikepaladin.pfm.PaladinFurnitureMod/]: Something has tried to get the output of a dynamic furniture recipe without context
[09Jul2025 23:46:21.787] [Server thread/WARN] [com.unlikepaladin.pfm.PaladinFurnitureMod/]: Something has tried to get the output of a dynamic furniture recipe without context
[09Jul2025 23:46:21.787] [Server thread/WARN] [com.unlikepaladin.pfm.PaladinFurnitureMod/]: Something has tried to get the output of a dynamic furniture recipe without context
[09Jul2025 23:46:21.788] [Server thread/WARN] [com.unlikepaladin.pfm.PaladinFurnitureMod/]: Something has tried to get the output of a dynamic furniture recipe without context
[09Jul2025 23:46:21.788] [Server thread/WARN] [com.unlikepaladin.pfm.PaladinFurnitureMod/]: Something has tried to get the output of a dynamic furniture recipe without context
[09Jul2025 23:46:21.791] [Server thread/WARN] [com.unlikepaladin.pfm.PaladinFurnitureMod/]: Something has tried to get the output of a dynamic furniture recipe without context
[09Jul2025 23:46:21.792] [Server thread/WARN] [com.unlikepaladin.pfm.PaladinFurnitureMod/]: Something has tried to get the output of a dynamic furniture recipe without context
[09Jul2025 23:46:21.793] [Server thread/WARN] [com.unlikepaladin.pfm.PaladinFurnitureMod/]: Something has tried to get the output of a dynamic furniture recipe without context
[09Jul2025 23:46:21.793] [Server thread/WARN] [com.unlikepaladin.pfm.PaladinFurnitureMod/]: Something has tried to get the output of a dynamic furniture recipe without context
[09Jul2025 23:46:21.793] [Server thread/WARN] [com.unlikepaladin.pfm.PaladinFurnitureMod/]: Something has tried to get the output of a dynamic furniture recipe without context
[09Jul2025 23:46:21.793] [Server thread/WARN] [com.unlikepaladin.pfm.PaladinFurnitureMod/]: Something has tried to get the output of a dynamic furniture recipe without context
[09Jul2025 23:46:21.794] [Server thread/WARN] [com.unlikepaladin.pfm.PaladinFurnitureMod/]: Something has tried to get the output of a dynamic furniture recipe without context
[09Jul2025 23:46:21.795] [Server thread/WARN] [com.unlikepaladin.pfm.PaladinFurnitureMod/]: Something has tried to get the output of a dynamic furniture recipe without context
[09Jul2025 23:46:21.797] [Server thread/WARN] [com.unlikepaladin.pfm.PaladinFurnitureMod/]: Something has tried to get the output of a dynamic furniture recipe without context
[09Jul2025 23:46:21.797] [Server thread/WARN] [com.unlikepaladin.pfm.PaladinFurnitureMod/]: Something has tried to get the output of a dynamic furniture recipe without context
[09Jul2025 23:46:21.798] [Server thread/WARN] [com.unlikepaladin.pfm.PaladinFurnitureMod/]: Something has tried to get the output of a dynamic furniture recipe without context
[09Jul2025 23:46:21.799] [Server thread/WARN] [com.unlikepaladin.pfm.PaladinFurnitureMod/]: Something has tried to get the output of a dynamic furniture recipe without context
[09Jul2025 23:46:26.559] [Server thread/WARN] [net.minecraft.server.MinecraftServer/]: Can't keep up! Is the server overloaded? Running 5268ms or 105 ticks behind
[09Jul2025 23:46:28.716] [Server thread/INFO] [net.minecraft.server.players.PlayerList/]: SrArthuro[/127.207.17.91:35405] logged in with entity id 1680 at (-511.5314746562132, 85.0625, 96.4812098251553)
[09Jul2025 23:46:28.759] [Server thread/INFO] [ModernFix/]: Using enhanced recipe sync for player SrArthuro
[09Jul2025 23:46:28.762] [Server thread/INFO] [net.minecraft.server.MinecraftServer/]: SrArthuro joined the game
[09Jul2025 23:46:28.833] [Server thread/WARN] [com.unlikepaladin.pfm.PaladinFurnitureMod/]: Something has tried to get the output of a dynamic furniture recipe without context
[09Jul2025 23:46:28.833] [Server thread/WARN] [com.unlikepaladin.pfm.PaladinFurnitureMod/]: Something has tried to get the output of a dynamic furniture recipe without context
[09Jul2025 23:46:28.833] [Server thread/WARN] [com.unlikepaladin.pfm.PaladinFurnitureMod/]: Something has tried to get the output of a dynamic furniture recipe without context
[09Jul2025 23:46:28.833] [Server thread/WARN] [com.unlikepaladin.pfm.PaladinFurnitureMod/]: Something has tried to get the output of a dynamic furniture recipe without context
[09Jul2025 23:46:28.834] [Server thread/WARN] [com.unlikepaladin.pfm.PaladinFurnitureMod/]: Something has tried to get the output of a dynamic furniture recipe without context
[09Jul2025 23:46:28.834] [Server thread/WARN] [com.unlikepaladin.pfm.PaladinFurnitureMod/]: Something has tried to get the output of a dynamic furniture recipe without context
[09Jul2025 23:46:28.834] [Server thread/WARN] [com.unlikepaladin.pfm.PaladinFurnitureMod/]: Something has tried to get the output of a dynamic furniture recipe without context
[09Jul2025 23:46:28.834] [Server thread/WARN] [com.unlikepaladin.pfm.PaladinFurnitureMod/]: Something has tried to get the output of a dynamic furniture recipe without context
[09Jul2025 23:46:28.834] [Server thread/WARN] [com.unlikepaladin.pfm.PaladinFurnitureMod/]: Something has tried to get the output of a dynamic furniture recipe without context
[09Jul2025 23:46:28.834] [Server thread/WARN] [com.unlikepaladin.pfm.PaladinFurnitureMod/]: Something has tried to get the output of a dynamic furniture recipe without context
[09Jul2025 23:46:28.834] [Server thread/WARN] [com.unlikepaladin.pfm.PaladinFurnitureMod/]: Something has tried to get the output of a dynamic furniture recipe without context
[09Jul2025 23:46:28.835] [Server thread/WARN] [com.unlikepaladin.pfm.PaladinFurnitureMod/]: Something has tried to get the output of a dynamic furniture recipe without context
[09Jul2025 23:46:28.835] [Server thread/WARN] [com.unlikepaladin.pfm.PaladinFurnitureMod/]: Something has tried to get the output of a dynamic furniture recipe without context
[09Jul2025 23:46:28.835] [Server thread/WARN] [com.unlikepaladin.pfm.PaladinFurnitureMod/]: Something has tried to get the output of a dynamic furniture recipe without context
[09Jul2025 23:46:28.836] [Server thread/WARN] [com.unlikepaladin.pfm.PaladinFurnitureMod/]: Something has tried to get the output of a dynamic furniture recipe without context
[09Jul2025 23:46:28.836] [Server thread/WARN] [com.unlikepaladin.pfm.PaladinFurnitureMod/]: Something has tried to get the output of a dynamic furniture recipe without context
[09Jul2025 23:46:28.837] [Server thread/WARN] [com.unlikepaladin.pfm.PaladinFurnitureMod/]: Something has tried to get the output of a dynamic furniture recipe without context
[09Jul2025 23:46:28.837] [Server thread/WARN] [com.unlikepaladin.pfm.PaladinFurnitureMod/]: Something has tried to get the output of a dynamic furniture recipe without context
[09Jul2025 23:46:28.837] [Server thread/WARN] [com.unlikepaladin.pfm.PaladinFurnitureMod/]: Something has tried to get the output of a dynamic furniture recipe without context
[09Jul2025 23:46:28.837] [Server thread/WARN] [com.unlikepaladin.pfm.PaladinFurnitureMod/]: Something has tried to get the output of a dynamic furniture recipe without context
[09Jul2025 23:46:28.837] [Server thread/WARN] [com.unlikepaladin.pfm.PaladinFurnitureMod/]: Something has tried to get the output of a dynamic furniture recipe without context
[09Jul2025 23:46:28.837] [Server thread/WARN] [com.unlikepaladin.pfm.PaladinFurnitureMod/]: Something has tried to get the output of a dynamic furniture recipe without context
[09Jul2025 23:46:28.838] [Server thread/WARN] [com.unlikepaladin.pfm.PaladinFurnitureMod/]: Something has tried to get the output of a dynamic furniture recipe without context
[09Jul2025 23:46:28.838] [Server thread/WARN] [com.unlikepaladin.pfm.PaladinFurnitureMod/]: Something has tried to get the output of a dynamic furniture recipe without context
[09Jul2025 23:46:28.838] [Server thread/WARN] [com.unlikepaladin.pfm.PaladinFurnitureMod/]: Something has tried to get the output of a dynamic furniture recipe without context
[09Jul2025 23:46:28.838] [Server thread/WARN] [com.unlikepaladin.pfm.PaladinFurnitureMod/]: Something has tried to get the output of a dynamic furniture recipe without context
[09Jul2025 23:46:28.838] [Server thread/WARN] [com.unlikepaladin.pfm.PaladinFurnitureMod/]: Something has tried to get the output of a dynamic furniture recipe without context
[09Jul2025 23:46:28.838] [Server thread/WARN] [com.unlikepaladin.pfm.PaladinFurnitureMod/]: Something has tried to get the output of a dynamic furniture recipe without context
[09Jul2025 23:46:28.839] [Server thread/WARN] [com.unlikepaladin.pfm.PaladinFurnitureMod/]: Something has tried to get the output of a dynamic furniture recipe without context
[09Jul2025 23:46:28.839] [Server thread/WARN] [com.unlikepaladin.pfm.PaladinFurnitureMod/]: Something has tried to get the output of a dynamic furniture recipe without context
[09Jul2025 23:46:28.839] [Server thread/WARN] [com.unlikepaladin.pfm.PaladinFurnitureMod/]: Something has tried to get the output of a dynamic furniture recipe without context
[09Jul2025 23:46:28.839] [Server thread/WARN] [com.unlikepaladin.pfm.PaladinFurnitureMod/]: Something has tried to get the output of a dynamic furniture recipe without context
[09Jul2025 23:46:28.839] [Server thread/WARN] [com.unlikepaladin.pfm.PaladinFurnitureMod/]: Something has tried to get the output of a dynamic furniture recipe without context
[09Jul2025 23:46:28.839] [Server thread/WARN] [com.unlikepaladin.pfm.PaladinFurnitureMod/]: Something has tried to get the output of a dynamic furniture recipe without context
[09Jul2025 23:46:28.840] [Server thread/WARN] [com.unlikepaladin.pfm.PaladinFurnitureMod/]: Something has tried to get the output of a dynamic furniture recipe without context
[09Jul2025 23:46:28.840] [Server thread/WARN] [com.unlikepaladin.pfm.PaladinFurnitureMod/]: Something has tried to get the output of a dynamic furniture recipe without context
[09Jul2025 23:46:28.840] [Server thread/WARN] [com.unlikepaladin.pfm.PaladinFurnitureMod/]: Something has tried to get the output of a dynamic furniture recipe without context
[09Jul2025 23:46:28.840] [Server thread/WARN] [com.unlikepaladin.pfm.PaladinFurnitureMod/]: Something has tried to get the output of a dynamic furniture recipe without context
[09Jul2025 23:46:28.841] [Server thread/WARN] [com.unlikepaladin.pfm.PaladinFurnitureMod/]: Something has tried to get the output of a dynamic furniture recipe without context
[09Jul2025 23:46:28.841] [Server thread/WARN] [com.unlikepaladin.pfm.PaladinFurnitureMod/]: Something has tried to get the output of a dynamic furniture recipe without context
[09Jul2025 23:46:28.841] [Server thread/WARN] [com.unlikepaladin.pfm.PaladinFurnitureMod/]: Something has tried to get the output of a dynamic furniture recipe without context
[09Jul2025 23:46:28.841] [Server thread/WARN] [com.unlikepaladin.pfm.PaladinFurnitureMod/]: Something has tried to get the output of a dynamic furniture recipe without context
[09Jul2025 23:46:28.842] [Server thread/WARN] [com.unlikepaladin.pfm.PaladinFurnitureMod/]: Something has tried to get the output of a dynamic furniture recipe without context
[09Jul2025 23:46:28.842] [Server thread/WARN] [com.unlikepaladin.pfm.PaladinFurnitureMod/]: Something has tried to get the output of a dynamic furniture recipe without context
[09Jul2025 23:46:28.842] [Server thread/WARN] [com.unlikepaladin.pfm.PaladinFurnitureMod/]: Something has tried to get the output of a dynamic furniture recipe without context
[09Jul2025 23:46:28.842] [Server thread/WARN] [com.unlikepaladin.pfm.PaladinFurnitureMod/]: Something has tried to get the output of a dynamic furniture recipe without context
[09Jul2025 23:46:28.842] [Server thread/WARN] [com.unlikepaladin.pfm.PaladinFurnitureMod/]: Something has tried to get the output of a dynamic furniture recipe without context
[09Jul2025 23:46:28.842] [Server thread/WARN] [com.unlikepaladin.pfm.PaladinFurnitureMod/]: Something has tried to get the output of a dynamic furniture recipe without context
[09Jul2025 23:46:28.843] [Server thread/WARN] [com.unlikepaladin.pfm.PaladinFurnitureMod/]: Something has tried to get the output of a dynamic furniture recipe without context
[09Jul2025 23:46:28.843] [Server thread/WARN] [com.unlikepaladin.pfm.PaladinFurnitureMod/]: Something has tried to get the output of a dynamic furniture recipe without context
[09Jul2025 23:46:28.843] [Server thread/WARN] [com.unlikepaladin.pfm.PaladinFurnitureMod/]: Something has tried to get the output of a dynamic furniture recipe without context
[09Jul2025 23:46:28.843] [Server thread/WARN] [com.unlikepaladin.pfm.PaladinFurnitureMod/]: Something has tried to get the output of a dynamic furniture recipe without context
[09Jul2025 23:46:28.843] [Server thread/WARN] [com.unlikepaladin.pfm.PaladinFurnitureMod/]: Something has tried to get the output of a dynamic furniture recipe without context
[09Jul2025 23:46:28.844] [Server thread/WARN] [com.unlikepaladin.pfm.PaladinFurnitureMod/]: Something has tried to get the output of a dynamic furniture recipe without context
[09Jul2025 23:46:28.845] [Server thread/WARN] [com.unlikepaladin.pfm.PaladinFurnitureMod/]: Something has tried to get the output of a dynamic furniture recipe without context
[09Jul2025 23:46:28.845] [Server thread/WARN] [com.unlikepaladin.pfm.PaladinFurnitureMod/]: Something has tried to get the output of a dynamic furniture recipe without context
[09Jul2025 23:46:28.845] [Server thread/WARN] [com.unlikepaladin.pfm.PaladinFurnitureMod/]: Something has tried to get the output of a dynamic furniture recipe without context
[09Jul2025 23:46:28.845] [Server thread/WARN] [com.unlikepaladin.pfm.PaladinFurnitureMod/]: Something has tried to get the output of a dynamic furniture recipe without context
[09Jul2025 23:46:28.846] [Server thread/WARN] [com.unlikepaladin.pfm.PaladinFurnitureMod/]: Something has tried to get the output of a dynamic furniture recipe without context
[09Jul2025 23:46:28.846] [Server thread/WARN] [com.unlikepaladin.pfm.PaladinFurnitureMod/]: Something has tried to get the output of a dynamic furniture recipe without context
[09Jul2025 23:46:28.846] [Server thread/WARN] [com.unlikepaladin.pfm.PaladinFurnitureMod/]: Something has tried to get the output of a dynamic furniture recipe without context
[09Jul2025 23:46:28.846] [Server thread/WARN] [com.unlikepaladin.pfm.PaladinFurnitureMod/]: Something has tried to get the output of a dynamic furniture recipe without context
[09Jul2025 23:46:28.846] [Server thread/WARN] [com.unlikepaladin.pfm.PaladinFurnitureMod/]: Something has tried to get the output of a dynamic furniture recipe without context
[09Jul2025 23:46:28.846] [Server thread/WARN] [com.unlikepaladin.pfm.PaladinFurnitureMod/]: Something has tried to get the output of a dynamic furniture recipe without context
[09Jul2025 23:46:28.846] [Server thread/WARN] [com.unlikepaladin.pfm.PaladinFurnitureMod/]: Something has tried to get the output of a dynamic furniture recipe without context
[09Jul2025 23:46:28.846] [Server thread/WARN] [com.unlikepaladin.pfm.PaladinFurnitureMod/]: Something has tried to get the output of a dynamic furniture recipe without context
[09Jul2025 23:46:28.847] [Server thread/WARN] [com.unlikepaladin.pfm.PaladinFurnitureMod/]: Something has tried to get the output of a dynamic furniture recipe without context
[09Jul2025 23:46:28.847] [Server thread/WARN] [com.unlikepaladin.pfm.PaladinFurnitureMod/]: Something has tried to get the output of a dynamic furniture recipe without context
[09Jul2025 23:46:28.847] [Server thread/WARN] [com.unlikepaladin.pfm.PaladinFurnitureMod/]: Something has tried to get the output of a dynamic furniture recipe without context
[09Jul2025 23:46:28.847] [Server thread/WARN] [com.unlikepaladin.pfm.PaladinFurnitureMod/]: Something has tried to get the output of a dynamic furniture recipe without context
[09Jul2025 23:46:28.847] [Server thread/WARN] [com.unlikepaladin.pfm.PaladinFurnitureMod/]: Something has tried to get the output of a dynamic furniture recipe without context
[09Jul2025 23:46:28.847] [Server thread/WARN] [com.unlikepaladin.pfm.PaladinFurnitureMod/]: Something has tried to get the output of a dynamic furniture recipe without context
[09Jul2025 23:46:28.848] [Server thread/WARN] [com.unlikepaladin.pfm.PaladinFurnitureMod/]: Something has tried to get the output of a dynamic furniture recipe without context
[09Jul2025 23:46:28.848] [Server thread/WARN] [com.unlikepaladin.pfm.PaladinFurnitureMod/]: Something has tried to get the output of a dynamic furniture recipe without context
[09Jul2025 23:46:28.848] [Server thread/WARN] [com.unlikepaladin.pfm.PaladinFurnitureMod/]: Something has tried to get the output of a dynamic furniture recipe without context
[09Jul2025 23:46:28.848] [Server thread/WARN] [com.unlikepaladin.pfm.PaladinFurnitureMod/]: Something has tried to get the output of a dynamic furniture recipe without context
[09Jul2025 23:46:28.848] [Server thread/WARN] [com.unlikepaladin.pfm.PaladinFurnitureMod/]: Something has tried to get the output of a dynamic furniture recipe without context
[09Jul2025 23:46:28.848] [Server thread/WARN] [com.unlikepaladin.pfm.PaladinFurnitureMod/]: Something has tried to get the output of a dynamic furniture recipe without context
[09Jul2025 23:46:28.848] [Server thread/WARN] [com.unlikepaladin.pfm.PaladinFurnitureMod/]: Something has tried to get the output of a dynamic furniture recipe without context
[09Jul2025 23:46:28.849] [Server thread/WARN] [com.unlikepaladin.pfm.PaladinFurnitureMod/]: Something has tried to get the output of a dynamic furniture recipe without context
[09Jul2025 23:46:28.849] [Server thread/WARN] [com.unlikepaladin.pfm.PaladinFurnitureMod/]: Something has tried to get the output of a dynamic furniture recipe without context
[09Jul2025 23:46:28.849] [Server thread/WARN] [com.unlikepaladin.pfm.PaladinFurnitureMod/]: Something has tried to get the output of a dynamic furniture recipe without context
[09Jul2025 23:46:28.850] [Server thread/WARN] [com.unlikepaladin.pfm.PaladinFurnitureMod/]: Something has tried to get the output of a dynamic furniture recipe without context
[09Jul2025 23:46:28.850] [Server thread/WARN] [com.unlikepaladin.pfm.PaladinFurnitureMod/]: Something has tried to get the output of a dynamic furniture recipe without context
[09Jul2025 23:46:28.850] [Server thread/WARN] [com.unlikepaladin.pfm.PaladinFurnitureMod/]: Something has tried to get the output of a dynamic furniture recipe without context
[09Jul2025 23:46:28.850] [Server thread/WARN] [com.unlikepaladin.pfm.PaladinFurnitureMod/]: Something has tried to get the output of a dynamic furniture recipe without context
[09Jul2025 23:46:28.850] [Server thread/WARN] [com.unlikepaladin.pfm.PaladinFurnitureMod/]: Something has tried to get the output of a dynamic furniture recipe without context
[09Jul2025 23:46:28.851] [Server thread/WARN] [com.unlikepaladin.pfm.PaladinFurnitureMod/]: Something has tried to get the output of a dynamic furniture recipe without context
[09Jul2025 23:46:28.851] [Server thread/WARN] [com.unlikepaladin.pfm.PaladinFurnitureMod/]: Something has tried to get the output of a dynamic furniture recipe without context
[09Jul2025 23:46:28.851] [Server thread/WARN] [com.unlikepaladin.pfm.PaladinFurnitureMod/]: Something has tried to get the output of a dynamic furniture recipe without context
[09Jul2025 23:46:28.851] [Server thread/WARN] [com.unlikepaladin.pfm.PaladinFurnitureMod/]: Something has tried to get the output of a dynamic furniture recipe without context
[09Jul2025 23:46:28.851] [Server thread/WARN] [com.unlikepaladin.pfm.PaladinFurnitureMod/]: Something has tried to get the output of a dynamic furniture recipe without context
[09Jul2025 23:46:28.851] [Server thread/WARN] [com.unlikepaladin.pfm.PaladinFurnitureMod/]: Something has tried to get the output of a dynamic furniture recipe without context
[09Jul2025 23:46:28.851] [Server thread/WARN] [com.unlikepaladin.pfm.PaladinFurnitureMod/]: Something has tried to get the output of a dynamic furniture recipe without context
[09Jul2025 23:46:28.851] [Server thread/WARN] [com.unlikepaladin.pfm.PaladinFurnitureMod/]: Something has tried to get the output of a dynamic furniture recipe without context
[09Jul2025 23:46:28.852] [Server thread/WARN] [com.unlikepaladin.pfm.PaladinFurnitureMod/]: Something has tried to get the output of a dynamic furniture recipe without context
[09Jul2025 23:46:28.852] [Server thread/WARN] [com.unlikepaladin.pfm.PaladinFurnitureMod/]: Something has tried to get the output of a dynamic furniture recipe without context
[09Jul2025 23:46:28.852] [Server thread/WARN] [com.unlikepaladin.pfm.PaladinFurnitureMod/]: Something has tried to get the output of a dynamic furniture recipe without context
[09Jul2025 23:46:28.852] [Server thread/WARN] [com.unlikepaladin.pfm.PaladinFurnitureMod/]: Something has tried to get the output of a dynamic furniture recipe without context
[09Jul2025 23:46:28.852] [Server thread/WARN] [com.unlikepaladin.pfm.PaladinFurnitureMod/]: Something has tried to get the output of a dynamic furniture recipe without context
[09Jul2025 23:46:28.852] [Server thread/WARN] [com.unlikepaladin.pfm.PaladinFurnitureMod/]: Something has tried to get the output of a dynamic furniture recipe without context
[09Jul2025 23:46:28.852] [Server thread/WARN] [com.unlikepaladin.pfm.PaladinFurnitureMod/]: Something has tried to get the output of a dynamic furniture recipe without context
[09Jul2025 23:46:28.853] [Server thread/WARN] [com.unlikepaladin.pfm.PaladinFurnitureMod/]: Something has tried to get the output of a dynamic furniture recipe without context
[09Jul2025 23:46:28.853] [Server thread/WARN] [com.unlikepaladin.pfm.PaladinFurnitureMod/]: Something has tried to get the output of a dynamic furniture recipe without context
[09Jul2025 23:46:28.853] [Server thread/WARN] [com.unlikepaladin.pfm.PaladinFurnitureMod/]: Something has tried to get the output of a dynamic furniture recipe without context
[09Jul2025 23:46:28.853] [Server thread/WARN] [com.unlikepaladin.pfm.PaladinFurnitureMod/]: Something has tried to get the output of a dynamic furniture recipe without context
[09Jul2025 23:46:28.853] [Server thread/WARN] [com.unlikepaladin.pfm.PaladinFurnitureMod/]: Something has tried to get the output of a dynamic furniture recipe without context
[09Jul2025 23:46:28.853] [Server thread/WARN] [com.unlikepaladin.pfm.PaladinFurnitureMod/]: Something has tried to get the output of a dynamic furniture recipe without context
[09Jul2025 23:46:28.853] [Server thread/WARN] [com.unlikepaladin.pfm.PaladinFurnitureMod/]: Something has tried to get the output of a dynamic furniture recipe without context
[09Jul2025 23:46:28.854] [Server thread/WARN] [com.unlikepaladin.pfm.PaladinFurnitureMod/]: Something has tried to get the output of a dynamic furniture recipe without context
[09Jul2025 23:46:28.854] [Server thread/WARN] [com.unlikepaladin.pfm.PaladinFurnitureMod/]: Something has tried to get the output of a dynamic furniture recipe without context
[09Jul2025 23:46:28.854] [Server thread/WARN] [com.unlikepaladin.pfm.PaladinFurnitureMod/]: Something has tried to get the output of a dynamic furniture recipe without context
[09Jul2025 23:46:28.854] [Server thread/WARN] [com.unlikepaladin.pfm.PaladinFurnitureMod/]: Something has tried to get the output of a dynamic furniture recipe without context
[09Jul2025 23:46:28.854] [Server thread/WARN] [com.unlikepaladin.pfm.PaladinFurnitureMod/]: Something has tried to get the output of a dynamic furniture recipe without context
[09Jul2025 23:46:28.855] [Server thread/WARN] [com.unlikepaladin.pfm.PaladinFurnitureMod/]: Something has tried to get the output of a dynamic furniture recipe without context
[09Jul2025 23:46:28.855] [Server thread/WARN] [com.unlikepaladin.pfm.PaladinFurnitureMod/]: Something has tried to get the output of a dynamic furniture recipe without context
[09Jul2025 23:46:28.856] [Server thread/WARN] [com.unlikepaladin.pfm.PaladinFurnitureMod/]: Something has tried to get the output of a dynamic furniture recipe without context
[09Jul2025 23:46:28.856] [Server thread/WARN] [com.unlikepaladin.pfm.PaladinFurnitureMod/]: Something has tried to get the output of a dynamic furniture recipe without context
[09Jul2025 23:46:28.856] [Server thread/WARN] [com.unlikepaladin.pfm.PaladinFurnitureMod/]: Something has tried to get the output of a dynamic furniture recipe without context
[09Jul2025 23:46:28.856] [Server thread/WARN] [com.unlikepaladin.pfm.PaladinFurnitureMod/]: Something has tried to get the output of a dynamic furniture recipe without context
[09Jul2025 23:46:28.857] [Server thread/WARN] [com.unlikepaladin.pfm.PaladinFurnitureMod/]: Something has tried to get the output of a dynamic furniture recipe without context
[09Jul2025 23:46:28.857] [Server thread/WARN] [com.unlikepaladin.pfm.PaladinFurnitureMod/]: Something has tried to get the output of a dynamic furniture recipe without context
[09Jul2025 23:46:28.857] [Server thread/WARN] [com.unlikepaladin.pfm.PaladinFurnitureMod/]: Something has tried to get the output of a dynamic furniture recipe without context
[09Jul2025 23:46:28.857] [Server thread/WARN] [com.unlikepaladin.pfm.PaladinFurnitureMod/]: Something has tried to get the output of a dynamic furniture recipe without context
[09Jul2025 23:46:28.857] [Server thread/WARN] [com.unlikepaladin.pfm.PaladinFurnitureMod/]: Something has tried to get the output of a dynamic furniture recipe without context
[09Jul2025 23:46:28.857] [Server thread/WARN] [com.unlikepaladin.pfm.PaladinFurnitureMod/]: Something has tried to get the output of a dynamic furniture recipe without context
[09Jul2025 23:46:28.857] [Server thread/WARN] [com.unlikepaladin.pfm.PaladinFurnitureMod/]: Something has tried to get the output of a dynamic furniture recipe without context
[09Jul2025 23:46:28.857] [Server thread/WARN] [com.unlikepaladin.pfm.PaladinFurnitureMod/]: Something has tried to get the output of a dynamic furniture recipe without context
[09Jul2025 23:46:28.857] [Server thread/WARN] [com.unlikepaladin.pfm.PaladinFurnitureMod/]: Something has tried to get the output of a dynamic furniture recipe without context
[09Jul2025 23:46:28.857] [Server thread/WARN] [com.unlikepaladin.pfm.PaladinFurnitureMod/]: Something has tried to get the output of a dynamic furniture recipe without context
[09Jul2025 23:46:28.858] [Server thread/WARN] [com.unlikepaladin.pfm.PaladinFurnitureMod/]: Something has tried to get the output of a dynamic furniture recipe without context
[09Jul2025 23:46:28.858] [Server thread/WARN] [com.unlikepaladin.pfm.PaladinFurnitureMod/]: Something has tried to get the output of a dynamic furniture recipe without context
[09Jul2025 23:46:28.858] [Server thread/WARN] [com.unlikepaladin.pfm.PaladinFurnitureMod/]: Something has tried to get the output of a dynamic furniture recipe without context
[09Jul2025 23:46:28.858] [Server thread/WARN] [com.unlikepaladin.pfm.PaladinFurnitureMod/]: Something has tried to get the output of a dynamic furniture recipe without context
[09Jul2025 23:46:28.858] [Server thread/WARN] [com.unlikepaladin.pfm.PaladinFurnitureMod/]: Something has tried to get the output of a dynamic furniture recipe without context
[09Jul2025 23:46:28.858] [Server thread/WARN] [com.unlikepaladin.pfm.PaladinFurnitureMod/]: Something has tried to get the output of a dynamic furniture recipe without context
[09Jul2025 23:46:28.859] [Server thread/WARN] [com.unlikepaladin.pfm.PaladinFurnitureMod/]: Something has tried to get the output of a dynamic furniture recipe without context
[09Jul2025 23:46:28.859] [Server thread/WARN] [com.unlikepaladin.pfm.PaladinFurnitureMod/]: Something has tried to get the output of a dynamic furniture recipe without context
[09Jul2025 23:46:28.859] [Server thread/WARN] [com.unlikepaladin.pfm.PaladinFurnitureMod/]: Something has tried to get the output of a dynamic furniture recipe without context
[09Jul2025 23:46:28.859] [Server thread/WARN] [com.unlikepaladin.pfm.PaladinFurnitureMod/]: Something has tried to get the output of a dynamic furniture recipe without context
[09Jul2025 23:46:28.859] [Server thread/WARN] [com.unlikepaladin.pfm.PaladinFurnitureMod/]: Something has tried to get the output of a dynamic furniture recipe without context
[09Jul2025 23:46:28.860] [Server thread/WARN] [com.unlikepaladin.pfm.PaladinFurnitureMod/]: Something has tried to get the output of a dynamic furniture recipe without context
[09Jul2025 23:46:28.860] [Server thread/WARN] [com.unlikepaladin.pfm.PaladinFurnitureMod/]: Something has tried to get the output of a dynamic furniture recipe without context
[09Jul2025 23:46:28.860] [Server thread/WARN] [com.unlikepaladin.pfm.PaladinFurnitureMod/]: Something has tried to get the output of a dynamic furniture recipe without context
[09Jul2025 23:46:28.861] [Server thread/WARN] [com.unlikepaladin.pfm.PaladinFurnitureMod/]: Something has tried to get the output of a dynamic furniture recipe without context
[09Jul2025 23:46:28.861] [Server thread/WARN] [com.unlikepaladin.pfm.PaladinFurnitureMod/]: Something has tried to get the output of a dynamic furniture recipe without context
[09Jul2025 23:46:28.861] [Server thread/WARN] [com.unlikepaladin.pfm.PaladinFurnitureMod/]: Something has tried to get the output of a dynamic furniture recipe without context
[09Jul2025 23:46:28.861] [Server thread/WARN] [com.unlikepaladin.pfm.PaladinFurnitureMod/]: Something has tried to get the output of a dynamic furniture recipe without context
[09Jul2025 23:46:28.861] [Server thread/WARN] [com.unlikepaladin.pfm.PaladinFurnitureMod/]: Something has tried to get the output of a dynamic furniture recipe without context
[09Jul2025 23:46:28.861] [Server thread/WARN] [com.unlikepaladin.pfm.PaladinFurnitureMod/]: Something has tried to get the output of a dynamic furniture recipe without context
[09Jul2025 23:46:28.862] [Server thread/WARN] [com.unlikepaladin.pfm.PaladinFurnitureMod/]: Something has tried to get the output of a dynamic furniture recipe without context
[09Jul2025 23:46:28.862] [Server thread/WARN] [com.unlikepaladin.pfm.PaladinFurnitureMod/]: Something has tried to get the output of a dynamic furniture recipe without context
[09Jul2025 23:46:28.863] [Server thread/WARN] [com.unlikepaladin.pfm.PaladinFurnitureMod/]: Something has tried to get the output of a dynamic furniture recipe without context
[09Jul2025 23:46:28.863] [Server thread/WARN] [com.unlikepaladin.pfm.PaladinFurnitureMod/]: Something has tried to get the output of a dynamic furniture recipe without context
[09Jul2025 23:46:29.929] [Server thread/INFO] [net.minecraft.server.network.ServerGamePacketListenerImpl/]: SrArthuro lost connection: Disconnected
[09Jul2025 23:46:29.929] [Server thread/INFO] [net.minecraft.server.MinecraftServer/]: SrArthuro left the game
[09Jul2025 23:46:40.873] [User Authenticator #3/INFO] [net.minecraft.server.network.ServerLoginPacketListenerImpl/]: UUID of player SrArthuro is d76a0a41-42b7-4708-a6fb-21d044903d04
[09Jul2025 23:46:44.703] [Server thread/INFO] [net.minecraft.server.players.PlayerList/]: SrArthuro[/127.207.17.91:49853] logged in with entity id 1776 at (-511.5314746562132, 85.0625, 96.4812098251553)
[09Jul2025 23:46:44.740] [Server thread/INFO] [ModernFix/]: Using enhanced recipe sync for player SrArthuro
[09Jul2025 23:46:44.743] [Server thread/INFO] [net.minecraft.server.MinecraftServer/]: SrArthuro joined the game
[09Jul2025 23:46:44.821] [Server thread/WARN] [com.unlikepaladin.pfm.PaladinFurnitureMod/]: Something has tried to get the output of a dynamic furniture recipe without context
[09Jul2025 23:46:44.822] [Server thread/WARN] [com.unlikepaladin.pfm.PaladinFurnitureMod/]: Something has tried to get the output of a dynamic furniture recipe without context
[09Jul2025 23:46:44.822] [Server thread/WARN] [com.unlikepaladin.pfm.PaladinFurnitureMod/]: Something has tried to get the output of a dynamic furniture recipe without context
[09Jul2025 23:46:44.822] [Server thread/WARN] [com.unlikepaladin.pfm.PaladinFurnitureMod/]: Something has tried to get the output of a dynamic furniture recipe without context
[09Jul2025 23:46:44.822] [Server thread/WARN] [com.unlikepaladin.pfm.PaladinFurnitureMod/]: Something has tried to get the output of a dynamic furniture recipe without context
[09Jul2025 23:46:44.822] [Server thread/WARN] [com.unlikepaladin.pfm.PaladinFurnitureMod/]: Something has tried to get the output of a dynamic furniture recipe without context
[09Jul2025 23:46:44.822] [Server thread/WARN] [com.unlikepaladin.pfm.PaladinFurnitureMod/]: Something has tried to get the output of a dynamic furniture recipe without context
[09Jul2025 23:46:44.822] [Server thread/WARN] [com.unlikepaladin.pfm.PaladinFurnitureMod/]: Something has tried to get the output of a dynamic furniture recipe without context
[09Jul2025 23:46:44.822] [Server thread/WARN] [com.unlikepaladin.pfm.PaladinFurnitureMod/]: Something has tried to get the output of a dynamic furniture recipe without context
[09Jul2025 23:46:44.823] [Server thread/WARN] [com.unlikepaladin.pfm.PaladinFurnitureMod/]: Something has tried to get the output of a dynamic furniture recipe without context
[09Jul2025 23:46:44.823] [Server thread/WARN] [com.unlikepaladin.pfm.PaladinFurnitureMod/]: Something has tried to get the output of a dynamic furniture recipe without context
[09Jul2025 23:46:44.823] [Server thread/WARN] [com.unlikepaladin.pfm.PaladinFurnitureMod/]: Something has tried to get the output of a dynamic furniture recipe without context
[09Jul2025 23:46:44.823] [Server thread/WARN] [com.unlikepaladin.pfm.PaladinFurnitureMod/]: Something has tried to get the output of a dynamic furniture recipe without context
[09Jul2025 23:46:44.823] [Server thread/WARN] [com.unlikepaladin.pfm.PaladinFurnitureMod/]: Something has tried to get the output of a dynamic furniture recipe without context
[09Jul2025 23:46:44.824] [Server thread/WARN] [com.unlikepaladin.pfm.PaladinFurnitureMod/]: Something has tried to get the output of a dynamic furniture recipe without context
[09Jul2025 23:46:44.824] [Server thread/WARN] [com.unlikepaladin.pfm.PaladinFurnitureMod/]: Something has tried to get the output of a dynamic furniture recipe without context
[09Jul2025 23:46:44.824] [Server thread/WARN] [com.unlikepaladin.pfm.PaladinFurnitureMod/]: Something has tried to get the output of a dynamic furniture recipe without context
[09Jul2025 23:46:44.824] [Server thread/WARN] [com.unlikepaladin.pfm.PaladinFurnitureMod/]: Something has tried to get the output of a dynamic furniture recipe without context
[09Jul2025 23:46:44.824] [Server thread/WARN] [com.unlikepaladin.pfm.PaladinFurnitureMod/]: Something has tried to get the output of a dynamic furniture recipe without context
[09Jul2025 23:46:44.824] [Server thread/WARN] [com.unlikepaladin.pfm.PaladinFurnitureMod/]: Something has tried to get the output of a dynamic furniture recipe without context
[09Jul2025 23:46:44.824] [Server thread/WARN] [com.unlikepaladin.pfm.PaladinFurnitureMod/]: Something has tried to get the output of a dynamic furniture recipe without context
[09Jul2025 23:46:44.824] [Server thread/WARN] [com.unlikepaladin.pfm.PaladinFurnitureMod/]: Something has tried to get the output of a dynamic furniture recipe without context
[09Jul2025 23:46:44.825] [Server thread/WARN] [com.unlikepaladin.pfm.PaladinFurnitureMod/]: Something has tried to get the output of a dynamic furniture recipe without context
[09Jul2025 23:46:44.825] [Server thread/WARN] [com.unlikepaladin.pfm.PaladinFurnitureMod/]: Something has tried to get the output of a dynamic furniture recipe without context
[09Jul2025 23:46:44.825] [Server thread/WARN] [com.unlikepaladin.pfm.PaladinFurnitureMod/]: Something has tried to get the output of a dynamic furniture recipe without context
[09Jul2025 23:46:44.825] [Server thread/WARN] [com.unlikepaladin.pfm.PaladinFurnitureMod/]: Something has tried to get the output of a dynamic furniture recipe without context
[09Jul2025 23:46:44.825] [Server thread/WARN] [com.unlikepaladin.pfm.PaladinFurnitureMod/]: Something has tried to get the output of a dynamic furniture recipe without context
[09Jul2025 23:46:44.825] [Server thread/WARN] [com.unlikepaladin.pfm.PaladinFurnitureMod/]: Something has tried to get the output of a dynamic furniture recipe without context
[09Jul2025 23:46:44.825] [Server thread/WARN] [com.unlikepaladin.pfm.PaladinFurnitureMod/]: Something has tried to get the output of a dynamic furniture recipe without context
[09Jul2025 23:46:44.825] [Server thread/WARN] [com.unlikepaladin.pfm.PaladinFurnitureMod/]: Something has tried to get the output of a dynamic furniture recipe without context
[09Jul2025 23:46:44.826] [Server thread/WARN] [com.unlikepaladin.pfm.PaladinFurnitureMod/]: Something has tried to get the output of a dynamic furniture recipe without context
[09Jul2025 23:46:44.826] [Server thread/WARN] [com.unlikepaladin.pfm.PaladinFurnitureMod/]: Something has tried to get the output of a dynamic furniture recipe without context
[09Jul2025 23:46:44.826] [Server thread/WARN] [com.unlikepaladin.pfm.PaladinFurnitureMod/]: Something has tried to get the output of a dynamic furniture recipe without context
[09Jul2025 23:46:44.826] [Server thread/WARN] [com.unlikepaladin.pfm.PaladinFurnitureMod/]: Something has tried to get the output of a dynamic furniture recipe without context
[09Jul2025 23:46:44.826] [Server thread/WARN] [com.unlikepaladin.pfm.PaladinFurnitureMod/]: Something has tried to get the output of a dynamic furniture recipe without context
[09Jul2025 23:46:44.826] [Server thread/WARN] [com.unlikepaladin.pfm.PaladinFurnitureMod/]: Something has tried to get the output of a dynamic furniture recipe without context
[09Jul2025 23:46:44.827] [Server thread/WARN] [com.unlikepaladin.pfm.PaladinFurnitureMod/]: Something has tried to get the output of a dynamic furniture recipe without context
[09Jul2025 23:46:44.827] [Server thread/WARN] [com.unlikepaladin.pfm.PaladinFurnitureMod/]: Something has tried to get the output of a dynamic furniture recipe without context
[09Jul2025 23:46:44.827] [Server thread/WARN] [com.unlikepaladin.pfm.PaladinFurnitureMod/]: Something has tried to get the output of a dynamic furniture recipe without context
[09Jul2025 23:46:44.827] [Server thread/WARN] [com.unlikepaladin.pfm.PaladinFurnitureMod/]: Something has tried to get the output of a dynamic furniture recipe without context
[09Jul2025 23:46:44.827] [Server thread/WARN] [com.unlikepaladin.pfm.PaladinFurnitureMod/]: Something has tried to get the output of a dynamic furniture recipe without context
[09Jul2025 23:46:44.827] [Server thread/WARN] [com.unlikepaladin.pfm.PaladinFurnitureMod/]: Something has tried to get the output of a dynamic furniture recipe without context
[09Jul2025 23:46:44.828] [Server thread/WARN] [com.unlikepaladin.pfm.PaladinFurnitureMod/]: Something has tried to get the output of a dynamic furniture recipe without context
[09Jul2025 23:46:44.828] [Server thread/WARN] [com.unlikepaladin.pfm.PaladinFurnitureMod/]: Something has tried to get the output of a dynamic furniture recipe without context
[09Jul2025 23:46:44.828] [Server thread/WARN] [com.unlikepaladin.pfm.PaladinFurnitureMod/]: Something has tried to get the output of a dynamic furniture recipe without context
[09Jul2025 23:46:44.828] [Server thread/WARN] [com.unlikepaladin.pfm.PaladinFurnitureMod/]: Something has tried to get the output of a dynamic furniture recipe without context
[09Jul2025 23:46:44.828] [Server thread/WARN] [com.unlikepaladin.pfm.PaladinFurnitureMod/]: Something has tried to get the output of a dynamic furniture recipe without context
[09Jul2025 23:46:44.828] [Server thread/WARN] [com.unlikepaladin.pfm.PaladinFurnitureMod/]: Something has tried to get the output of a dynamic furniture recipe without context
[09Jul2025 23:46:44.829] [Server thread/WARN] [com.unlikepaladin.pfm.PaladinFurnitureMod/]: Something has tried to get the output of a dynamic furniture recipe without context
[09Jul2025 23:46:44.829] [Server thread/WARN] [com.unlikepaladin.pfm.PaladinFurnitureMod/]: Something has tried to get the output of a dynamic furniture recipe without context
[09Jul2025 23:46:44.829] [Server thread/WARN] [com.unlikepaladin.pfm.PaladinFurnitureMod/]: Something has tried to get the output of a dynamic furniture recipe without context
[09Jul2025 23:46:44.829] [Server thread/WARN] [com.unlikepaladin.pfm.PaladinFurnitureMod/]: Something has tried to get the output of a dynamic furniture recipe without context
[09Jul2025 23:46:44.829] [Server thread/WARN] [com.unlikepaladin.pfm.PaladinFurnitureMod/]: Something has tried to get the output of a dynamic furniture recipe without context
[09Jul2025 23:46:44.829] [Server thread/WARN] [com.unlikepaladin.pfm.PaladinFurnitureMod/]: Something has tried to get the output of a dynamic furniture recipe without context
[09Jul2025 23:46:44.830] [Server thread/WARN] [com.unlikepaladin.pfm.PaladinFurnitureMod/]: Something has tried to get the output of a dynamic furniture recipe without context
[09Jul2025 23:46:44.830] [Server thread/WARN] [com.unlikepaladin.pfm.PaladinFurnitureMod/]: Something has tried to get the output of a dynamic furniture recipe without context
[09Jul2025 23:46:44.830] [Server thread/WARN] [com.unlikepaladin.pfm.PaladinFurnitureMod/]: Something has tried to get the output of a dynamic furniture recipe without context
[09Jul2025 23:46:44.830] [Server thread/WARN] [com.unlikepaladin.pfm.PaladinFurnitureMod/]: Something has tried to get the output of a dynamic furniture recipe without context
[09Jul2025 23:46:44.831] [Server thread/WARN] [com.unlikepaladin.pfm.PaladinFurnitureMod/]: Something has tried to get the output of a dynamic furniture recipe without context
[09Jul2025 23:46:44.831] [Server thread/WARN] [com.unlikepaladin.pfm.PaladinFurnitureMod/]: Something has tried to get the output of a dynamic furniture recipe without context
[09Jul2025 23:46:44.831] [Server thread/WARN] [com.unlikepaladin.pfm.PaladinFurnitureMod/]: Something has tried to get the output of a dynamic furniture recipe without context
[09Jul2025 23:46:44.832] [Server thread/WARN] [com.unlikepaladin.pfm.PaladinFurnitureMod/]: Something has tried to get the output of a dynamic furniture recipe without context
[09Jul2025 23:46:44.832] [Server thread/WARN] [com.unlikepaladin.pfm.PaladinFurnitureMod/]: Something has tried to get the output of a dynamic furniture recipe without context
[09Jul2025 23:46:44.832] [Server thread/WARN] [com.unlikepaladin.pfm.PaladinFurnitureMod/]: Something has tried to get the output of a dynamic furniture recipe without context
[09Jul2025 23:46:44.833] [Server thread/WARN] [com.unlikepaladin.pfm.PaladinFurnitureMod/]: Something has tried to get the output of a dynamic furniture recipe without context
[09Jul2025 23:46:44.833] [Server thread/WARN] [com.unlikepaladin.pfm.PaladinFurnitureMod/]: Something has tried to get the output of a dynamic furniture recipe without context
[09Jul2025 23:46:44.833] [Server thread/WARN] [com.unlikepaladin.pfm.PaladinFurnitureMod/]: Something has tried to get the output of a dynamic furniture recipe without context
[09Jul2025 23:46:44.833] [Server thread/WARN] [com.unlikepaladin.pfm.PaladinFurnitureMod/]: Something has tried to get the output of a dynamic furniture recipe without context
[09Jul2025 23:46:44.833] [Server thread/WARN] [com.unlikepaladin.pfm.PaladinFurnitureMod/]: Something has tried to get the output of a dynamic furniture recipe without context
[09Jul2025 23:46:44.833] [Server thread/WARN] [com.unlikepaladin.pfm.PaladinFurnitureMod/]: Something has tried to get the output of a dynamic furniture recipe without context
[09Jul2025 23:46:44.834] [Server thread/WARN] [com.unlikepaladin.pfm.PaladinFurnitureMod/]: Something has tried to get the output of a dynamic furniture recipe without context
[09Jul2025 23:46:44.834] [Server thread/WARN] [com.unlikepaladin.pfm.PaladinFurnitureMod/]: Something has tried to get the output of a dynamic furniture recipe without context
[09Jul2025 23:46:44.834] [Server thread/WARN] [com.unlikepaladin.pfm.PaladinFurnitureMod/]: Something has tried to get the output of a dynamic furniture recipe without context
[09Jul2025 23:46:44.834] [Server thread/WARN] [com.unlikepaladin.pfm.PaladinFurnitureMod/]: Something has tried to get the output of a dynamic furniture recipe without context
[09Jul2025 23:46:44.834] [Server thread/WARN] [com.unlikepaladin.pfm.PaladinFurnitureMod/]: Something has tried to get the output of a dynamic furniture recipe without context
[09Jul2025 23:46:44.834] [Server thread/WARN] [com.unlikepaladin.pfm.PaladinFurnitureMod/]: Something has tried to get the output of a dynamic furniture recipe without context
[09Jul2025 23:46:44.834] [Server thread/WARN] [com.unlikepaladin.pfm.PaladinFurnitureMod/]: Something has tried to get the output of a dynamic furniture recipe without context
[09Jul2025 23:46:44.835] [Server thread/WARN] [com.unlikepaladin.pfm.PaladinFurnitureMod/]: Something has tried to get the output of a dynamic furniture recipe without context
[09Jul2025 23:46:44.835] [Server thread/WARN] [com.unlikepaladin.pfm.PaladinFurnitureMod/]: Something has tried to get the output of a dynamic furniture recipe without context
[09Jul2025 23:46:44.835] [Server thread/WARN] [com.unlikepaladin.pfm.PaladinFurnitureMod/]: Something has tried to get the output of a dynamic furniture recipe without context
[09Jul2025 23:46:44.835] [Server thread/WARN] [com.unlikepaladin.pfm.PaladinFurnitureMod/]: Something has tried to get the output of a dynamic furniture recipe without context
[09Jul2025 23:46:44.835] [Server thread/WARN] [com.unlikepaladin.pfm.PaladinFurnitureMod/]: Something has tried to get the output of a dynamic furniture recipe without context
[09Jul2025 23:46:44.836] [Server thread/WARN] [com.unlikepaladin.pfm.PaladinFurnitureMod/]: Something has tried to get the output of a dynamic furniture recipe without context
[09Jul2025 23:46:44.836] [Server thread/WARN] [com.unlikepaladin.pfm.PaladinFurnitureMod/]: Something has tried to get the output of a dynamic furniture recipe without context
[09Jul2025 23:46:44.836] [Server thread/WARN] [com.unlikepaladin.pfm.PaladinFurnitureMod/]: Something has tried to get the output of a dynamic furniture recipe without context
[09Jul2025 23:46:44.836] [Server thread/WARN] [com.unlikepaladin.pfm.PaladinFurnitureMod/]: Something has tried to get the output of a dynamic furniture recipe without context
[09Jul2025 23:46:44.836] [Server thread/WARN] [com.unlikepaladin.pfm.PaladinFurnitureMod/]: Something has tried to get the output of a dynamic furniture recipe without context
[09Jul2025 23:46:44.836] [Server thread/WARN] [com.unlikepaladin.pfm.PaladinFurnitureMod/]: Something has tried to get the output of a dynamic furniture recipe without context
[09Jul2025 23:46:44.836] [Server thread/WARN] [com.unlikepaladin.pfm.PaladinFurnitureMod/]: Something has tried to get the output of a dynamic furniture recipe without context
[09Jul2025 23:46:44.836] [Server thread/WARN] [com.unlikepaladin.pfm.PaladinFurnitureMod/]: Something has tried to get the output of a dynamic furniture recipe without context
[09Jul2025 23:46:44.836] [Server thread/WARN] [com.unlikepaladin.pfm.PaladinFurnitureMod/]: Something has tried to get the output of a dynamic furniture recipe without context
[09Jul2025 23:46:44.837] [Server thread/WARN] [com.unlikepaladin.pfm.PaladinFurnitureMod/]: Something has tried to get the output of a dynamic furniture recipe without context
[09Jul2025 23:46:44.837] [Server thread/WARN] [com.unlikepaladin.pfm.PaladinFurnitureMod/]: Something has tried to get the output of a dynamic furniture recipe without context
[09Jul2025 23:46:44.837] [Server thread/WARN] [com.unlikepaladin.pfm.PaladinFurnitureMod/]: Something has tried to get the output of a dynamic furniture recipe without context
[09Jul2025 23:46:44.837] [Server thread/WARN] [com.unlikepaladin.pfm.PaladinFurnitureMod/]: Something has tried to get the output of a dynamic furniture recipe without context
[09Jul2025 23:46:44.837] [Server thread/WARN] [com.unlikepaladin.pfm.PaladinFurnitureMod/]: Something has tried to get the output of a dynamic furniture recipe without context
[09Jul2025 23:46:44.837] [Server thread/WARN] [com.unlikepaladin.pfm.PaladinFurnitureMod/]: Something has tried to get the output of a dynamic furniture recipe without context
[09Jul2025 23:46:44.837] [Server thread/WARN] [com.unlikepaladin.pfm.PaladinFurnitureMod/]: Something has tried to get the output of a dynamic furniture recipe without context
[09Jul2025 23:46:44.837] [Server thread/WARN] [com.unlikepaladin.pfm.PaladinFurnitureMod/]: Something has tried to get the output of a dynamic furniture recipe without context
[09Jul2025 23:46:44.838] [Server thread/WARN] [com.unlikepaladin.pfm.PaladinFurnitureMod/]: Something has tried to get the output of a dynamic furniture recipe without context
[09Jul2025 23:46:44.838] [Server thread/WARN] [com.unlikepaladin.pfm.PaladinFurnitureMod/]: Something has tried to get the output of a dynamic furniture recipe without context
[09Jul2025 23:46:44.838] [Server thread/WARN] [com.unlikepaladin.pfm.PaladinFurnitureMod/]: Something has tried to get the output of a dynamic furniture recipe without context
[09Jul2025 23:46:44.838] [Server thread/WARN] [com.unlikepaladin.pfm.PaladinFurnitureMod/]: Something has tried to get the output of a dynamic furniture recipe without context
[09Jul2025 23:46:44.838] [Server thread/WARN] [com.unlikepaladin.pfm.PaladinFurnitureMod/]: Something has tried to get the output of a dynamic furniture recipe without context
[09Jul2025 23:46:44.838] [Server thread/WARN] [com.unlikepaladin.pfm.PaladinFurnitureMod/]: Something has tried to get the output of a dynamic furniture recipe without context
[09Jul2025 23:46:44.838] [Server thread/WARN] [com.unlikepaladin.pfm.PaladinFurnitureMod/]: Something has tried to get the output of a dynamic furniture recipe without context
[09Jul2025 23:46:44.838] [Server thread/WARN] [com.unlikepaladin.pfm.PaladinFurnitureMod/]: Something has tried to get the output of a dynamic furniture recipe without context
[09Jul2025 23:46:44.839] [Server thread/WARN] [com.unlikepaladin.pfm.PaladinFurnitureMod/]: Something has tried to get the output of a dynamic furniture recipe without context
[09Jul2025 23:46:44.839] [Server thread/WARN] [com.unlikepaladin.pfm.PaladinFurnitureMod/]: Something has tried to get the output of a dynamic furniture recipe without context
[09Jul2025 23:46:44.839] [Server thread/WARN] [com.unlikepaladin.pfm.PaladinFurnitureMod/]: Something has tried to get the output of a dynamic furniture recipe without context
[09Jul2025 23:46:44.839] [Server thread/WARN] [com.unlikepaladin.pfm.PaladinFurnitureMod/]: Something has tried to get the output of a dynamic furniture recipe without context
[09Jul2025 23:46:44.839] [Server thread/WARN] [com.unlikepaladin.pfm.PaladinFurnitureMod/]: Something has tried to get the output of a dynamic furniture recipe without context
[09Jul2025 23:46:44.839] [Server thread/WARN] [com.unlikepaladin.pfm.PaladinFurnitureMod/]: Something has tried to get the output of a dynamic furniture recipe without context
[09Jul2025 23:46:44.839] [Server thread/WARN] [com.unlikepaladin.pfm.PaladinFurnitureMod/]: Something has tried to get the output of a dynamic furniture recipe without context
[09Jul2025 23:46:44.840] [Server thread/WARN] [com.unlikepaladin.pfm.PaladinFurnitureMod/]: Something has tried to get the output of a dynamic furniture recipe without context
[09Jul2025 23:46:44.840] [Server thread/WARN] [com.unlikepaladin.pfm.PaladinFurnitureMod/]: Something has tried to get the output of a dynamic furniture recipe without context
[09Jul2025 23:46:44.840] [Server thread/WARN] [com.unlikepaladin.pfm.PaladinFurnitureMod/]: Something has tried to get the output of a dynamic furniture recipe without context
[09Jul2025 23:46:44.840] [Server thread/WARN] [com.unlikepaladin.pfm.PaladinFurnitureMod/]: Something has tried to get the output of a dynamic furniture recipe without context
[09Jul2025 23:46:44.840] [Server thread/WARN] [com.unlikepaladin.pfm.PaladinFurnitureMod/]: Something has tried to get the output of a dynamic furniture recipe without context
[09Jul2025 23:46:44.840] [Server thread/WARN] [com.unlikepaladin.pfm.PaladinFurnitureMod/]: Something has tried to get the output of a dynamic furniture recipe without context
[09Jul2025 23:46:44.841] [Server thread/WARN] [com.unlikepaladin.pfm.PaladinFurnitureMod/]: Something has tried to get the output of a dynamic furniture recipe without context
[09Jul2025 23:46:44.841] [Server thread/WARN] [com.unlikepaladin.pfm.PaladinFurnitureMod/]: Something has tried to get the output of a dynamic furniture recipe without context
[09Jul2025 23:46:44.841] [Server thread/WARN] [com.unlikepaladin.pfm.PaladinFurnitureMod/]: Something has tried to get the output of a dynamic furniture recipe without context
[09Jul2025 23:46:44.841] [Server thread/WARN] [com.unlikepaladin.pfm.PaladinFurnitureMod/]: Something has tried to get the output of a dynamic furniture recipe without context
[09Jul2025 23:46:44.841] [Server thread/WARN] [com.unlikepaladin.pfm.PaladinFurnitureMod/]: Something has tried to get the output of a dynamic furniture recipe without context
[09Jul2025 23:46:44.841] [Server thread/WARN] [com.unlikepaladin.pfm.PaladinFurnitureMod/]: Something has tried to get the output of a dynamic furniture recipe without context
[09Jul2025 23:46:44.841] [Server thread/WARN] [com.unlikepaladin.pfm.PaladinFurnitureMod/]: Something has tried to get the output of a dynamic furniture recipe without context
[09Jul2025 23:46:44.841] [Server thread/WARN] [com.unlikepaladin.pfm.PaladinFurnitureMod/]: Something has tried to get the output of a dynamic furniture recipe without context
[09Jul2025 23:46:44.842] [Server thread/WARN] [com.unlikepaladin.pfm.PaladinFurnitureMod/]: Something has tried to get the output of a dynamic furniture recipe without context
[09Jul2025 23:46:44.842] [Server thread/WARN] [com.unlikepaladin.pfm.PaladinFurnitureMod/]: Something has tried to get the output of a dynamic furniture recipe without context
[09Jul2025 23:46:44.842] [Server thread/WARN] [com.unlikepaladin.pfm.PaladinFurnitureMod/]: Something has tried to get the output of a dynamic furniture recipe without context
[09Jul2025 23:46:44.842] [Server thread/WARN] [com.unlikepaladin.pfm.PaladinFurnitureMod/]: Something has tried to get the output of a dynamic furniture recipe without context
[09Jul2025 23:46:44.842] [Server thread/WARN] [com.unlikepaladin.pfm.PaladinFurnitureMod/]: Something has tried to get the output of a dynamic furniture recipe without context
[09Jul2025 23:46:44.842] [Server thread/WARN] [com.unlikepaladin.pfm.PaladinFurnitureMod/]: Something has tried to get the output of a dynamic furniture recipe without context
[09Jul2025 23:46:44.843] [Server thread/WARN] [com.unlikepaladin.pfm.PaladinFurnitureMod/]: Something has tried to get the output of a dynamic furniture recipe without context
[09Jul2025 23:46:44.843] [Server thread/WARN] [com.unlikepaladin.pfm.PaladinFurnitureMod/]: Something has tried to get the output of a dynamic furniture recipe without context
[09Jul2025 23:46:44.843] [Server thread/WARN] [com.unlikepaladin.pfm.PaladinFurnitureMod/]: Something has tried to get the output of a dynamic furniture recipe without context
[09Jul2025 23:46:44.843] [Server thread/WARN] [com.unlikepaladin.pfm.PaladinFurnitureMod/]: Something has tried to get the output of a dynamic furniture recipe without context
[09Jul2025 23:46:44.843] [Server thread/WARN] [com.unlikepaladin.pfm.PaladinFurnitureMod/]: Something has tried to get the output of a dynamic furniture recipe without context
[09Jul2025 23:46:44.843] [Server thread/WARN] [com.unlikepaladin.pfm.PaladinFurnitureMod/]: Something has tried to get the output of a dynamic furniture recipe without context
[09Jul2025 23:46:44.844] [Server thread/WARN] [com.unlikepaladin.pfm.PaladinFurnitureMod/]: Something has tried to get the output of a dynamic furniture recipe without context
[09Jul2025 23:46:44.844] [Server thread/WARN] [com.unlikepaladin.pfm.PaladinFurnitureMod/]: Something has tried to get the output of a dynamic furniture recipe without context
[09Jul2025 23:46:44.844] [Server thread/WARN] [com.unlikepaladin.pfm.PaladinFurnitureMod/]: Something has tried to get the output of a dynamic furniture recipe without context
[09Jul2025 23:46:44.844] [Server thread/WARN] [com.unlikepaladin.pfm.PaladinFurnitureMod/]: Something has tried to get the output of a dynamic furniture recipe without context
[09Jul2025 23:46:44.846] [Server thread/WARN] [com.unlikepaladin.pfm.PaladinFurnitureMod/]: Something has tried to get the output of a dynamic furniture recipe without context
[09Jul2025 23:46:44.846] [Server thread/WARN] [com.unlikepaladin.pfm.PaladinFurnitureMod/]: Something has tried to get the output of a dynamic furniture recipe without context
[09Jul2025 23:46:44.846] [Server thread/WARN] [com.unlikepaladin.pfm.PaladinFurnitureMod/]: Something has tried to get the output of a dynamic furniture recipe without context
[09Jul2025 23:46:44.847] [Server thread/WARN] [com.unlikepaladin.pfm.PaladinFurnitureMod/]: Something has tried to get the output of a dynamic furniture recipe without context
[09Jul2025 23:46:44.847] [Server thread/WARN] [com.unlikepaladin.pfm.PaladinFurnitureMod/]: Something has tried to get the output of a dynamic furniture recipe without context
[09Jul2025 23:46:44.847] [Server thread/WARN] [com.unlikepaladin.pfm.PaladinFurnitureMod/]: Something has tried to get the output of a dynamic furniture recipe without context
[09Jul2025 23:46:44.849] [Server thread/WARN] [com.unlikepaladin.pfm.PaladinFurnitureMod/]: Something has tried to get the output of a dynamic furniture recipe without context
[09Jul2025 23:46:44.849] [Server thread/WARN] [com.unlikepaladin.pfm.PaladinFurnitureMod/]: Something has tried to get the output of a dynamic furniture recipe without context
[09Jul2025 23:46:44.850] [Server thread/WARN] [com.unlikepaladin.pfm.PaladinFurnitureMod/]: Something has tried to get the output of a dynamic furniture recipe without context
[09Jul2025 23:46:44.850] [Server thread/WARN] [com.unlikepaladin.pfm.PaladinFurnitureMod/]: Something has tried to get the output of a dynamic furniture recipe without context
[09Jul2025 23:46:46.219] [Server thread/INFO] [net.minecraft.server.network.ServerGamePacketListenerImpl/]: SrArthuro lost connection: Disconnected
[09Jul2025 23:46:46.219] [Server thread/INFO] [net.minecraft.server.MinecraftServer/]: SrArthuro left the game
[09Jul2025 23:47:12.110] [Server thread/INFO] [net.minecraft.server.network.ServerGamePacketListenerImpl/]: Angelichi25 lost connection: Disconnected
[09Jul2025 23:47:12.111] [Server thread/INFO] [net.minecraft.server.MinecraftServer/]: Angelichi25 left the game
[09Jul2025 23:47:29.212] [User Authenticator #4/INFO] [net.minecraft.server.network.ServerLoginPacketListenerImpl/]: UUID of player ThebrosXD is ac889c61-5016-4a68-be9f-2dfdcc9a0cad
[09Jul2025 23:47:32.975] [Server thread/INFO] [net.minecraft.server.players.PlayerList/]: ThebrosXD[/127.49.165.69:34835] logged in with entity id 1873 at (-533.6451435576564, 65.0, 85.65788487177956)
[09Jul2025 23:47:33.004] [Server thread/INFO] [ModernFix/]: Using enhanced recipe sync for player ThebrosXD
[09Jul2025 23:47:33.023] [Server thread/INFO] [net.minecraft.server.MinecraftServer/]: ThebrosXD joined the game
[09Jul2025 23:47:33.054] [Server thread/WARN] [com.unlikepaladin.pfm.PaladinFurnitureMod/]: Something has tried to get the output of a dynamic furniture recipe without context
[09Jul2025 23:47:33.055] [Server thread/WARN] [com.unlikepaladin.pfm.PaladinFurnitureMod/]: Something has tried to get the output of a dynamic furniture recipe without context
[09Jul2025 23:47:33.055] [Server thread/WARN] [com.unlikepaladin.pfm.PaladinFurnitureMod/]: Something has tried to get the output of a dynamic furniture recipe without context
[09Jul2025 23:47:33.055] [Server thread/WARN] [com.unlikepaladin.pfm.PaladinFurnitureMod/]: Something has tried to get the output of a dynamic furniture recipe without context
[09Jul2025 23:47:33.055] [Server thread/WARN] [com.unlikepaladin.pfm.PaladinFurnitureMod/]: Something has tried to get the output of a dynamic furniture recipe without context
[09Jul2025 23:47:33.055] [Server thread/WARN] [com.unlikepaladin.pfm.PaladinFurnitureMod/]: Something has tried to get the output of a dynamic furniture recipe without context
[09Jul2025 23:47:33.055] [Server thread/WARN] [com.unlikepaladin.pfm.PaladinFurnitureMod/]: Something has tried to get the output of a dynamic furniture recipe without context
[09Jul2025 23:47:33.055] [Server thread/WARN] [com.unlikepaladin.pfm.PaladinFurnitureMod/]: Something has tried to get the output of a dynamic furniture recipe without context
[09Jul2025 23:47:33.055] [Server thread/WARN] [com.unlikepaladin.pfm.PaladinFurnitureMod/]: Something has tried to get the output of a dynamic furniture recipe without context
[09Jul2025 23:47:33.057] [Server thread/WARN] [com.unlikepaladin.pfm.PaladinFurnitureMod/]: Something has tried to get the output of a dynamic furniture recipe without context
[09Jul2025 23:47:33.057] [Server thread/WARN] [com.unlikepaladin.pfm.PaladinFurnitureMod/]: Something has tried to get the output of a dynamic furniture recipe without context
[09Jul2025 23:47:33.057] [Server thread/WARN] [com.unlikepaladin.pfm.PaladinFurnitureMod/]: Something has tried to get the output of a dynamic furniture recipe without context
[09Jul2025 23:47:33.057] [Server thread/WARN] [com.unlikepaladin.pfm.PaladinFurnitureMod/]: Something has tried to get the output of a dynamic furniture recipe without context
[09Jul2025 23:47:33.057] [Server thread/WARN] [com.unlikepaladin.pfm.PaladinFurnitureMod/]: Something has tried to get the output of a dynamic furniture recipe without context
[09Jul2025 23:47:33.058] [Server thread/WARN] [com.unlikepaladin.pfm.PaladinFurnitureMod/]: Something has tried to get the output of a dynamic furniture recipe without context
[09Jul2025 23:47:33.058] [Server thread/WARN] [com.unlikepaladin.pfm.PaladinFurnitureMod/]: Something has tried to get the output of a dynamic furniture recipe without context
[09Jul2025 23:47:33.058] [Server thread/WARN] [com.unlikepaladin.pfm.PaladinFurnitureMod/]: Something has tried to get the output of a dynamic furniture recipe without context
[09Jul2025 23:47:33.058] [Server thread/WARN] [com.unlikepaladin.pfm.PaladinFurnitureMod/]: Something has tried to get the output of a dynamic furniture recipe without context
[09Jul2025 23:47:33.059] [Server thread/WARN] [com.unlikepaladin.pfm.PaladinFurnitureMod/]: Something has tried to get the output of a dynamic furniture recipe without context
[09Jul2025 23:47:33.059] [Server thread/WARN] [com.unlikepaladin.pfm.PaladinFurnitureMod/]: Something has tried to get the output of a dynamic furniture recipe without context
[09Jul2025 23:47:33.059] [Server thread/WARN] [com.unlikepaladin.pfm.PaladinFurnitureMod/]: Something has tried to get the output of a dynamic furniture recipe without context
[09Jul2025 23:47:33.059] [Server thread/WARN] [com.unlikepaladin.pfm.PaladinFurnitureMod/]: Something has tried to get the output of a dynamic furniture recipe without context
[09Jul2025 23:47:33.059] [Server thread/WARN] [com.unlikepaladin.pfm.PaladinFurnitureMod/]: Something has tried to get the output of a dynamic furniture recipe without context
[09Jul2025 23:47:33.059] [Server thread/WARN] [com.unlikepaladin.pfm.PaladinFurnitureMod/]: Something has tried to get the output of a dynamic furniture recipe without context
[09Jul2025 23:47:33.059] [Server thread/WARN] [com.unlikepaladin.pfm.PaladinFurnitureMod/]: Something has tried to get the output of a dynamic furniture recipe without context
[09Jul2025 23:47:33.060] [Server thread/WARN] [com.unlikepaladin.pfm.PaladinFurnitureMod/]: Something has tried to get the output of a dynamic furniture recipe without context
[09Jul2025 23:47:33.060] [Server thread/WARN] [com.unlikepaladin.pfm.PaladinFurnitureMod/]: Something has tried to get the output of a dynamic furniture recipe without context
[09Jul2025 23:47:33.060] [Server thread/WARN] [com.unlikepaladin.pfm.PaladinFurnitureMod/]: Something has tried to get the output of a dynamic furniture recipe without context
[09Jul2025 23:47:33.060] [Server thread/WARN] [com.unlikepaladin.pfm.PaladinFurnitureMod/]: Something has tried to get the output of a dynamic furniture recipe without context
[09Jul2025 23:47:33.060] [Server thread/WARN] [com.unlikepaladin.pfm.PaladinFurnitureMod/]: Something has tried to get the output of a dynamic furniture recipe without context
[09Jul2025 23:47:33.060] [Server thread/WARN] [com.unlikepaladin.pfm.PaladinFurnitureMod/]: Something has tried to get the output of a dynamic furniture recipe without context
[09Jul2025 23:47:33.060] [Server thread/WARN] [com.unlikepaladin.pfm.PaladinFurnitureMod/]: Something has tried to get the output of a dynamic furniture recipe without context
[09Jul2025 23:47:33.060] [Server thread/WARN] [com.unlikepaladin.pfm.PaladinFurnitureMod/]: Something has tried to get the output of a dynamic furniture recipe without context
[09Jul2025 23:47:33.061] [Server thread/WARN] [com.unlikepaladin.pfm.PaladinFurnitureMod/]: Something has tried to get the output of a dynamic furniture recipe without context
[09Jul2025 23:47:33.061] [Server thread/WARN] [com.unlikepaladin.pfm.PaladinFurnitureMod/]: Something has tried to get the output of a dynamic furniture recipe without context
[09Jul2025 23:47:33.061] [Server thread/WARN] [com.unlikepaladin.pfm.PaladinFurnitureMod/]: Something has tried to get the output of a dynamic furniture recipe without context
[09Jul2025 23:47:33.061] [Server thread/WARN] [com.unlikepaladin.pfm.PaladinFurnitureMod/]: Something has tried to get the output of a dynamic furniture recipe without context
[09Jul2025 23:47:33.061] [Server thread/WARN] [com.unlikepaladin.pfm.PaladinFurnitureMod/]: Something has tried to get the output of a dynamic furniture recipe without context
[09Jul2025 23:47:33.062] [Server thread/WARN] [com.unlikepaladin.pfm.PaladinFurnitureMod/]: Something has tried to get the output of a dynamic furniture recipe without context
[09Jul2025 23:47:33.062] [Server thread/WARN] [com.unlikepaladin.pfm.PaladinFurnitureMod/]: Something has tried to get the output of a dynamic furniture recipe without context
[09Jul2025 23:47:33.062] [Server thread/WARN] [com.unlikepaladin.pfm.PaladinFurnitureMod/]: Something has tried to get the output of a dynamic furniture recipe without context
[09Jul2025 23:47:33.062] [Server thread/WARN] [com.unlikepaladin.pfm.PaladinFurnitureMod/]: Something has tried to get the output of a dynamic furniture recipe without context
[09Jul2025 23:47:33.062] [Server thread/WARN] [com.unlikepaladin.pfm.PaladinFurnitureMod/]: Something has tried to get the output of a dynamic furniture recipe without context
[09Jul2025 23:47:33.062] [Server thread/WARN] [com.unlikepaladin.pfm.PaladinFurnitureMod/]: Something has tried to get the output of a dynamic furniture recipe without context
[09Jul2025 23:47:33.063] [Server thread/WARN] [com.unlikepaladin.pfm.PaladinFurnitureMod/]: Something has tried to get the output of a dynamic furniture recipe without context
[09Jul2025 23:47:33.063] [Server thread/WARN] [com.unlikepaladin.pfm.PaladinFurnitureMod/]: Something has tried to get the output of a dynamic furniture recipe without context
[09Jul2025 23:47:33.063] [Server thread/WARN] [com.unlikepaladin.pfm.PaladinFurnitureMod/]: Something has tried to get the output of a dynamic furniture recipe without context
[09Jul2025 23:47:33.063] [Server thread/WARN] [com.unlikepaladin.pfm.PaladinFurnitureMod/]: Something has tried to get the output of a dynamic furniture recipe without context
[09Jul2025 23:47:33.063] [Server thread/WARN] [com.unlikepaladin.pfm.PaladinFurnitureMod/]: Something has tried to get the output of a dynamic furniture recipe without context
[09Jul2025 23:47:33.063] [Server thread/WARN] [com.unlikepaladin.pfm.PaladinFurnitureMod/]: Something has tried to get the output of a dynamic furniture recipe without context
[09Jul2025 23:47:33.063] [Server thread/WARN] [com.unlikepaladin.pfm.PaladinFurnitureMod/]: Something has tried to get the output of a dynamic furniture recipe without context
[09Jul2025 23:47:33.063] [Server thread/WARN] [com.unlikepaladin.pfm.PaladinFurnitureMod/]: Something has tried to get the output of a dynamic furniture recipe without context
[09Jul2025 23:47:33.064] [Server thread/WARN] [com.unlikepaladin.pfm.PaladinFurnitureMod/]: Something has tried to get the output of a dynamic furniture recipe without context
[09Jul2025 23:47:33.066] [Server thread/WARN] [com.unlikepaladin.pfm.PaladinFurnitureMod/]: Something has tried to get the output of a dynamic furniture recipe without context
[09Jul2025 23:47:33.066] [Server thread/WARN] [com.unlikepaladin.pfm.PaladinFurnitureMod/]: Something has tried to get the output of a dynamic furniture recipe without context
[09Jul2025 23:47:33.066] [Server thread/WARN] [com.unlikepaladin.pfm.PaladinFurnitureMod/]: Something has tried to get the output of a dynamic furniture recipe without context
[09Jul2025 23:47:33.067] [Server thread/WARN] [com.unlikepaladin.pfm.PaladinFurnitureMod/]: Something has tried to get the output of a dynamic furniture recipe without context
[09Jul2025 23:47:33.067] [Server thread/WARN] [com.unlikepaladin.pfm.PaladinFurnitureMod/]: Something has tried to get the output of a dynamic furniture recipe without context
[09Jul2025 23:47:33.072] [Server thread/WARN] [com.unlikepaladin.pfm.PaladinFurnitureMod/]: Something has tried to get the output of a dynamic furniture recipe without context
[09Jul2025 23:47:33.072] [Server thread/WARN] [com.unlikepaladin.pfm.PaladinFurnitureMod/]: Something has tried to get the output of a dynamic furniture recipe without context
[09Jul2025 23:47:33.073] [Server thread/WARN] [com.unlikepaladin.pfm.PaladinFurnitureMod/]: Something has tried to get the output of a dynamic furniture recipe without context
[09Jul2025 23:47:33.073] [Server thread/WARN] [com.unlikepaladin.pfm.PaladinFurnitureMod/]: Something has tried to get the output of a dynamic furniture recipe without context
[09Jul2025 23:47:33.073] [Server thread/WARN] [com.unlikepaladin.pfm.PaladinFurnitureMod/]: Something has tried to get the output of a dynamic furniture recipe without context
[09Jul2025 23:47:33.073] [Server thread/WARN] [com.unlikepaladin.pfm.PaladinFurnitureMod/]: Something has tried to get the output of a dynamic furniture recipe without context
[09Jul2025 23:47:33.073] [Server thread/WARN] [com.unlikepaladin.pfm.PaladinFurnitureMod/]: Something has tried to get the output of a dynamic furniture recipe without context
[09Jul2025 23:47:33.073] [Server thread/WARN] [com.unlikepaladin.pfm.PaladinFurnitureMod/]: Something has tried to get the output of a dynamic furniture recipe without context
[09Jul2025 23:47:33.073] [Server thread/WARN] [com.unlikepaladin.pfm.PaladinFurnitureMod/]: Something has tried to get the output of a dynamic furniture recipe without context
[09Jul2025 23:47:33.073] [Server thread/WARN] [com.unlikepaladin.pfm.PaladinFurnitureMod/]: Something has tried to get the output of a dynamic furniture recipe without context
[09Jul2025 23:47:33.074] [Server thread/WARN] [com.unlikepaladin.pfm.PaladinFurnitureMod/]: Something has tried to get the output of a dynamic furniture recipe without context
[09Jul2025 23:47:33.074] [Server thread/WARN] [com.unlikepaladin.pfm.PaladinFurnitureMod/]: Something has tried to get the output of a dynamic furniture recipe without context
[09Jul2025 23:47:33.074] [Server thread/WARN] [com.unlikepaladin.pfm.PaladinFurnitureMod/]: Something has tried to get the output of a dynamic furniture recipe without context
[09Jul2025 23:47:33.074] [Server thread/WARN] [com.unlikepaladin.pfm.PaladinFurnitureMod/]: Something has tried to get the output of a dynamic furniture recipe without context
[09Jul2025 23:47:33.075] [Server thread/WARN] [com.unlikepaladin.pfm.PaladinFurnitureMod/]: Something has tried to get the output of a dynamic furniture recipe without context
[09Jul2025 23:47:33.075] [Server thread/WARN] [com.unlikepaladin.pfm.PaladinFurnitureMod/]: Something has tried to get the output of a dynamic furniture recipe without context
[09Jul2025 23:47:33.076] [Server thread/WARN] [com.unlikepaladin.pfm.PaladinFurnitureMod/]: Something has tried to get the output of a dynamic furniture recipe without context
[09Jul2025 23:47:33.076] [Server thread/WARN] [com.unlikepaladin.pfm.PaladinFurnitureMod/]: Something has tried to get the output of a dynamic furniture recipe without context
[09Jul2025 23:47:33.076] [Server thread/WARN] [com.unlikepaladin.pfm.PaladinFurnitureMod/]: Something has tried to get the output of a dynamic furniture recipe without context
[09Jul2025 23:47:33.076] [Server thread/WARN] [com.unlikepaladin.pfm.PaladinFurnitureMod/]: Something has tried to get the output of a dynamic furniture recipe without context
[09Jul2025 23:47:33.076] [Server thread/WARN] [com.unlikepaladin.pfm.PaladinFurnitureMod/]: Something has tried to get the output of a dynamic furniture recipe without context
[09Jul2025 23:47:33.077] [Server thread/WARN] [com.unlikepaladin.pfm.PaladinFurnitureMod/]: Something has tried to get the output of a dynamic furniture recipe without context
[09Jul2025 23:47:33.077] [Server thread/WARN] [com.unlikepaladin.pfm.PaladinFurnitureMod/]: Something has tried to get the output of a dynamic furniture recipe without context
[09Jul2025 23:47:33.077] [Server thread/WARN] [com.unlikepaladin.pfm.PaladinFurnitureMod/]: Something has tried to get the output of a dynamic furniture recipe without context
[09Jul2025 23:47:33.078] [Server thread/WARN] [com.unlikepaladin.pfm.PaladinFurnitureMod/]: Something has tried to get the output of a dynamic furniture recipe without context
[09Jul2025 23:47:33.078] [Server thread/WARN] [com.unlikepaladin.pfm.PaladinFurnitureMod/]: Something has tried to get the output of a dynamic furniture recipe without context
[09Jul2025 23:47:33.078] [Server thread/WARN] [com.unlikepaladin.pfm.PaladinFurnitureMod/]: Something has tried to get the output of a dynamic furniture recipe without context
[09Jul2025 23:47:33.078] [Server thread/WARN] [com.unlikepaladin.pfm.PaladinFurnitureMod/]: Something has tried to get the output of a dynamic furniture recipe without context
[09Jul2025 23:47:33.078] [Server thread/WARN] [com.unlikepaladin.pfm.PaladinFurnitureMod/]: Something has tried to get the output of a dynamic furniture recipe without context
[09Jul2025 23:47:33.079] [Server thread/WARN] [com.unlikepaladin.pfm.PaladinFurnitureMod/]: Something has tried to get the output of a dynamic furniture recipe without context
[09Jul2025 23:47:33.079] [Server thread/WARN] [com.unlikepaladin.pfm.PaladinFurnitureMod/]: Something has tried to get the output of a dynamic furniture recipe without context
[09Jul2025 23:47:33.079] [Server thread/WARN] [com.unlikepaladin.pfm.PaladinFurnitureMod/]: Something has tried to get the output of a dynamic furniture recipe without context
[09Jul2025 23:47:33.081] [Server thread/WARN] [com.unlikepaladin.pfm.PaladinFurnitureMod/]: Something has tried to get the output of a dynamic furniture recipe without context
[09Jul2025 23:47:33.081] [Server thread/WARN] [com.unlikepaladin.pfm.PaladinFurnitureMod/]: Something has tried to get the output of a dynamic furniture recipe without context
[09Jul2025 23:47:33.081] [Server thread/WARN] [com.unlikepaladin.pfm.PaladinFurnitureMod/]: Something has tried to get the output of a dynamic furniture recipe without context
[09Jul2025 23:47:33.081] [Server thread/WARN] [com.unlikepaladin.pfm.PaladinFurnitureMod/]: Something has tried to get the output of a dynamic furniture recipe without context
[09Jul2025 23:47:33.081] [Server thread/WARN] [com.unlikepaladin.pfm.PaladinFurnitureMod/]: Something has tried to get the output of a dynamic furniture recipe without context
[09Jul2025 23:47:33.081] [Server thread/WARN] [com.unlikepaladin.pfm.PaladinFurnitureMod/]: Something has tried to get the output of a dynamic furniture recipe without context
[09Jul2025 23:47:33.081] [Server thread/WARN] [com.unlikepaladin.pfm.PaladinFurnitureMod/]: Something has tried to get the output of a dynamic furniture recipe without context
[09Jul2025 23:47:33.082] [Server thread/WARN] [com.unlikepaladin.pfm.PaladinFurnitureMod/]: Something has tried to get the output of a dynamic furniture recipe without context
[09Jul2025 23:47:33.082] [Server thread/WARN] [com.unlikepaladin.pfm.PaladinFurnitureMod/]: Something has tried to get the output of a dynamic furniture recipe without context
[09Jul2025 23:47:33.082] [Server thread/WARN] [com.unlikepaladin.pfm.PaladinFurnitureMod/]: Something has tried to get the output of a dynamic furniture recipe without context
[09Jul2025 23:47:33.082] [Server thread/WARN] [com.unlikepaladin.pfm.PaladinFurnitureMod/]: Something has tried to get the output of a dynamic furniture recipe without context
[09Jul2025 23:47:33.082] [Server thread/WARN] [com.unlikepaladin.pfm.PaladinFurnitureMod/]: Something has tried to get the output of a dynamic furniture recipe without context
[09Jul2025 23:47:33.082] [Server thread/WARN] [com.unlikepaladin.pfm.PaladinFurnitureMod/]: Something has tried to get the output of a dynamic furniture recipe without context
[09Jul2025 23:47:33.083] [Server thread/WARN] [com.unlikepaladin.pfm.PaladinFurnitureMod/]: Something has tried to get the output of a dynamic furniture recipe without context
[09Jul2025 23:47:33.083] [Server thread/WARN] [com.unlikepaladin.pfm.PaladinFurnitureMod/]: Something has tried to get the output of a dynamic furniture recipe without context
[09Jul2025 23:47:33.083] [Server thread/WARN] [com.unlikepaladin.pfm.PaladinFurnitureMod/]: Something has tried to get the output of a dynamic furniture recipe without context
[09Jul2025 23:47:33.084] [Server thread/WARN] [com.unlikepaladin.pfm.PaladinFurnitureMod/]: Something has tried to get the output of a dynamic furniture recipe without context
[09Jul2025 23:47:33.084] [Server thread/WARN] [com.unlikepaladin.pfm.PaladinFurnitureMod/]: Something has tried to get the output of a dynamic furniture recipe without context
[09Jul2025 23:47:33.085] [Server thread/WARN] [com.unlikepaladin.pfm.PaladinFurnitureMod/]: Something has tried to get the output of a dynamic furniture recipe without context
[09Jul2025 23:47:33.085] [Server thread/WARN] [com.unlikepaladin.pfm.PaladinFurnitureMod/]: Something has tried to get the output of a dynamic furniture recipe without context
[09Jul2025 23:47:33.086] [Server thread/WARN] [com.unlikepaladin.pfm.PaladinFurnitureMod/]: Something has tried to get the output of a dynamic furniture recipe without context
[09Jul2025 23:47:33.086] [Server thread/WARN] [com.unlikepaladin.pfm.PaladinFurnitureMod/]: Something has tried to get the output of a dynamic furniture recipe without context
[09Jul2025 23:47:33.087] [Server thread/WARN] [com.unlikepaladin.pfm.PaladinFurnitureMod/]: Something has tried to get the output of a dynamic furniture recipe without context
[09Jul2025 23:47:33.087] [Server thread/WARN] [com.unlikepaladin.pfm.PaladinFurnitureMod/]: Something has tried to get the output of a dynamic furniture recipe without context
[09Jul2025 23:47:33.087] [Server thread/WARN] [com.unlikepaladin.pfm.PaladinFurnitureMod/]: Something has tried to get the output of a dynamic furniture recipe without context
[09Jul2025 23:47:33.088] [Server thread/WARN] [com.unlikepaladin.pfm.PaladinFurnitureMod/]: Something has tried to get the output of a dynamic furniture recipe without context
[09Jul2025 23:47:33.089] [Server thread/WARN] [com.unlikepaladin.pfm.PaladinFurnitureMod/]: Something has tried to get the output of a dynamic furniture recipe without context
[09Jul2025 23:47:33.090] [Server thread/WARN] [com.unlikepaladin.pfm.PaladinFurnitureMod/]: Something has tried to get the output of a dynamic furniture recipe without context
[09Jul2025 23:47:33.090] [Server thread/WARN] [com.unlikepaladin.pfm.PaladinFurnitureMod/]: Something has tried to get the output of a dynamic furniture recipe without context
[09Jul2025 23:47:33.090] [Server thread/WARN] [com.unlikepaladin.pfm.PaladinFurnitureMod/]: Something has tried to get the output of a dynamic furniture recipe without context
[09Jul2025 23:47:33.090] [Server thread/WARN] [com.unlikepaladin.pfm.PaladinFurnitureMod/]: Something has tried to get the output of a dynamic furniture recipe without context
[09Jul2025 23:47:33.091] [Server thread/WARN] [com.unlikepaladin.pfm.PaladinFurnitureMod/]: Something has tried to get the output of a dynamic furniture recipe without context
[09Jul2025 23:47:33.091] [Server thread/WARN] [com.unlikepaladin.pfm.PaladinFurnitureMod/]: Something has tried to get the output of a dynamic furniture recipe without context
[09Jul2025 23:47:33.091] [Server thread/WARN] [com.unlikepaladin.pfm.PaladinFurnitureMod/]: Something has tried to get the output of a dynamic furniture recipe without context
[09Jul2025 23:47:33.091] [Server thread/WARN] [com.unlikepaladin.pfm.PaladinFurnitureMod/]: Something has tried to get the output of a dynamic furniture recipe without context
[09Jul2025 23:47:33.091] [Server thread/WARN] [com.unlikepaladin.pfm.PaladinFurnitureMod/]: Something has tried to get the output of a dynamic furniture recipe without context
[09Jul2025 23:47:33.091] [Server thread/WARN] [com.unlikepaladin.pfm.PaladinFurnitureMod/]: Something has tried to get the output of a dynamic furniture recipe without context
[09Jul2025 23:47:33.091] [Server thread/WARN] [com.unlikepaladin.pfm.PaladinFurnitureMod/]: Something has tried to get the output of a dynamic furniture recipe without context
[09Jul2025 23:47:33.091] [Server thread/WARN] [com.unlikepaladin.pfm.PaladinFurnitureMod/]: Something has tried to get the output of a dynamic furniture recipe without context
[09Jul2025 23:47:33.091] [Server thread/WARN] [com.unlikepaladin.pfm.PaladinFurnitureMod/]: Something has tried to get the output of a dynamic furniture recipe without context
[09Jul2025 23:47:33.091] [Server thread/WARN] [com.unlikepaladin.pfm.PaladinFurnitureMod/]: Something has tried to get the output of a dynamic furniture recipe without context
[09Jul2025 23:47:33.091] [Server thread/WARN] [com.unlikepaladin.pfm.PaladinFurnitureMod/]: Something has tried to get the output of a dynamic furniture recipe without context
[09Jul2025 23:47:33.092] [Server thread/WARN] [com.unlikepaladin.pfm.PaladinFurnitureMod/]: Something has tried to get the output of a dynamic furniture recipe without context
[09Jul2025 23:47:33.092] [Server thread/WARN] [com.unlikepaladin.pfm.PaladinFurnitureMod/]: Something has tried to get the output of a dynamic furniture recipe without context
[09Jul2025 23:47:33.092] [Server thread/WARN] [com.unlikepaladin.pfm.PaladinFurnitureMod/]: Something has tried to get the output of a dynamic furniture recipe without context
[09Jul2025 23:47:33.092] [Server thread/WARN] [com.unlikepaladin.pfm.PaladinFurnitureMod/]: Something has tried to get the output of a dynamic furniture recipe without context
[09Jul2025 23:47:33.092] [Server thread/WARN] [com.unlikepaladin.pfm.PaladinFurnitureMod/]: Something has tried to get the output of a dynamic furniture recipe without context
[09Jul2025 23:47:33.092] [Server thread/WARN] [com.unlikepaladin.pfm.PaladinFurnitureMod/]: Something has tried to get the output of a dynamic furniture recipe without context
[09Jul2025 23:47:33.092] [Server thread/WARN] [com.unlikepaladin.pfm.PaladinFurnitureMod/]: Something has tried to get the output of a dynamic furniture recipe without context
[09Jul2025 23:47:33.092] [Server thread/WARN] [com.unlikepaladin.pfm.PaladinFurnitureMod/]: Something has tried to get the output of a dynamic furniture recipe without context
[09Jul2025 23:47:33.092] [Server thread/WARN] [com.unlikepaladin.pfm.PaladinFurnitureMod/]: Something has tried to get the output of a dynamic furniture recipe without context
[09Jul2025 23:47:33.092] [Server thread/WARN] [com.unlikepaladin.pfm.PaladinFurnitureMod/]: Something has tried to get the output of a dynamic furniture recipe without context
[09Jul2025 23:47:33.093] [Server thread/WARN] [com.unlikepaladin.pfm.PaladinFurnitureMod/]: Something has tried to get the output of a dynamic furniture recipe without context
[09Jul2025 23:47:33.093] [Server thread/WARN] [com.unlikepaladin.pfm.PaladinFurnitureMod/]: Something has tried to get the output of a dynamic furniture recipe without context
[09Jul2025 23:47:33.093] [Server thread/WARN] [com.unlikepaladin.pfm.PaladinFurnitureMod/]: Something has tried to get the output of a dynamic furniture recipe without context
[09Jul2025 23:47:33.093] [Server thread/WARN] [com.unlikepaladin.pfm.PaladinFurnitureMod/]: Something has tried to get the output of a dynamic furniture recipe without context
[09Jul2025 23:47:33.093] [Server thread/WARN] [com.unlikepaladin.pfm.PaladinFurnitureMod/]: Something has tried to get the output of a dynamic furniture recipe without context
[09Jul2025 23:47:33.094] [Server thread/WARN] [com.unlikepaladin.pfm.PaladinFurnitureMod/]: Something has tried to get the output of a dynamic furniture recipe without context
[09Jul2025 23:47:33.094] [Server thread/WARN] [com.unlikepaladin.pfm.PaladinFurnitureMod/]: Something has tried to get the output of a dynamic furniture recipe without context
[09Jul2025 23:47:33.094] [Server thread/WARN] [com.unlikepaladin.pfm.PaladinFurnitureMod/]: Something has tried to get the output of a dynamic furniture recipe without context
[09Jul2025 23:47:33.094] [Server thread/WARN] [com.unlikepaladin.pfm.PaladinFurnitureMod/]: Something has tried to get the output of a dynamic furniture recipe without context
[09Jul2025 23:47:33.094] [Server thread/WARN] [com.unlikepaladin.pfm.PaladinFurnitureMod/]: Something has tried to get the output of a dynamic furniture recipe without context
[09Jul2025 23:47:33.094] [Server thread/WARN] [com.unlikepaladin.pfm.PaladinFurnitureMod/]: Something has tried to get the output of a dynamic furniture recipe without context
[09Jul2025 23:47:33.095] [Server thread/WARN] [com.unlikepaladin.pfm.PaladinFurnitureMod/]: Something has tried to get the output of a dynamic furniture recipe without context
[09Jul2025 23:48:20.199] [User Authenticator #5/INFO] [net.minecraft.server.network.ServerLoginPacketListenerImpl/]: UUID of player SrArthuro is d76a0a41-42b7-4708-a6fb-21d044903d04
[09Jul2025 23:48:24.343] [Server thread/INFO] [net.minecraft.server.players.PlayerList/]: SrArthuro[/127.207.17.91:58191] logged in with entity id 2332 at (-511.5314746562132, 85.0625, 96.4812098251553)
[09Jul2025 23:48:24.374] [Server thread/INFO] [ModernFix/]: Using enhanced recipe sync for player SrArthuro
[09Jul2025 23:48:24.376] [Server thread/INFO] [net.minecraft.server.MinecraftServer/]: SrArthuro joined the game
[09Jul2025 23:48:24.436] [Server thread/WARN] [com.unlikepaladin.pfm.PaladinFurnitureMod/]: Something has tried to get the output of a dynamic furniture recipe without context
[09Jul2025 23:48:24.436] [Server thread/WARN] [com.unlikepaladin.pfm.PaladinFurnitureMod/]: Something has tried to get the output of a dynamic furniture recipe without context
[09Jul2025 23:48:24.436] [Server thread/WARN] [com.unlikepaladin.pfm.PaladinFurnitureMod/]: Something has tried to get the output of a dynamic furniture recipe without context
[09Jul2025 23:48:24.436] [Server thread/WARN] [com.unlikepaladin.pfm.PaladinFurnitureMod/]: Something has tried to get the output of a dynamic furniture recipe without context
[09Jul2025 23:48:24.436] [Server thread/WARN] [com.unlikepaladin.pfm.PaladinFurnitureMod/]: Something has tried to get the output of a dynamic furniture recipe without context
[09Jul2025 23:48:24.437] [Server thread/WARN] [com.unlikepaladin.pfm.PaladinFurnitureMod/]: Something has tried to get the output of a dynamic furniture recipe without context
[09Jul2025 23:48:24.437] [Server thread/WARN] [com.unlikepaladin.pfm.PaladinFurnitureMod/]: Something has tried to get the output of a dynamic furniture recipe without context
[09Jul2025 23:48:24.437] [Server thread/WARN] [com.unlikepaladin.pfm.PaladinFurnitureMod/]: Something has tried to get the output of a dynamic furniture recipe without context
[09Jul2025 23:48:24.437] [Server thread/WARN] [com.unlikepaladin.pfm.PaladinFurnitureMod/]: Something has tried to get the output of a dynamic furniture recipe without context
[09Jul2025 23:48:24.437] [Server thread/WARN] [com.unlikepaladin.pfm.PaladinFurnitureMod/]: Something has tried to get the output of a dynamic furniture recipe without context
[09Jul2025 23:48:24.437] [Server thread/WARN] [com.unlikepaladin.pfm.PaladinFurnitureMod/]: Something has tried to get the output of a dynamic furniture recipe without context
[09Jul2025 23:48:24.437] [Server thread/WARN] [com.unlikepaladin.pfm.PaladinFurnitureMod/]: Something has tried to get the output of a dynamic furniture recipe without context
[09Jul2025 23:48:24.437] [Server thread/WARN] [com.unlikepaladin.pfm.PaladinFurnitureMod/]: Something has tried to get the output of a dynamic furniture recipe without context
[09Jul2025 23:48:24.437] [Server thread/WARN] [com.unlikepaladin.pfm.PaladinFurnitureMod/]: Something has tried to get the output of a dynamic furniture recipe without context
[09Jul2025 23:48:24.438] [Server thread/WARN] [com.unlikepaladin.pfm.PaladinFurnitureMod/]: Something has tried to get the output of a dynamic furniture recipe without context
[09Jul2025 23:48:24.438] [Server thread/WARN] [com.unlikepaladin.pfm.PaladinFurnitureMod/]: Something has tried to get the output of a dynamic furniture recipe without context
[09Jul2025 23:48:24.438] [Server thread/WARN] [com.unlikepaladin.pfm.PaladinFurnitureMod/]: Something has tried to get the output of a dynamic furniture recipe without context
[09Jul2025 23:48:24.438] [Server thread/WARN] [com.unlikepaladin.pfm.PaladinFurnitureMod/]: Something has tried to get the output of a dynamic furniture recipe without context
[09Jul2025 23:48:24.439] [Server thread/WARN] [com.unlikepaladin.pfm.PaladinFurnitureMod/]: Something has tried to get the output of a dynamic furniture recipe without context
[09Jul2025 23:48:24.439] [Server thread/WARN] [com.unlikepaladin.pfm.PaladinFurnitureMod/]: Something has tried to get the output of a dynamic furniture recipe without context
[09Jul2025 23:48:24.439] [Server thread/WARN] [com.unlikepaladin.pfm.PaladinFurnitureMod/]: Something has tried to get the output of a dynamic furniture recipe without context
[09Jul2025 23:48:24.439] [Server thread/WARN] [com.unlikepaladin.pfm.PaladinFurnitureMod/]: Something has tried to get the output of a dynamic furniture recipe without context
[09Jul2025 23:48:24.439] [Server thread/WARN] [com.unlikepaladin.pfm.PaladinFurnitureMod/]: Something has tried to get the output of a dynamic furniture recipe without context
[09Jul2025 23:48:24.439] [Server thread/WARN] [com.unlikepaladin.pfm.PaladinFurnitureMod/]: Something has tried to get the output of a dynamic furniture recipe without context
[09Jul2025 23:48:24.439] [Server thread/WARN] [com.unlikepaladin.pfm.PaladinFurnitureMod/]: Something has tried to get the output of a dynamic furniture recipe without context
[09Jul2025 23:48:24.439] [Server thread/WARN] [com.unlikepaladin.pfm.PaladinFurnitureMod/]: Something has tried to get the output of a dynamic furniture recipe without context
[09Jul2025 23:48:24.440] [Server thread/WARN] [com.unlikepaladin.pfm.PaladinFurnitureMod/]: Something has tried to get the output of a dynamic furniture recipe without context
[09Jul2025 23:48:24.440] [Server thread/WARN] [com.unlikepaladin.pfm.PaladinFurnitureMod/]: Something has tried to get the output of a dynamic furniture recipe without context
[09Jul2025 23:48:24.440] [Server thread/WARN] [com.unlikepaladin.pfm.PaladinFurnitureMod/]: Something has tried to get the output of a dynamic furniture recipe without context
[09Jul2025 23:48:24.440] [Server thread/WARN] [com.unlikepaladin.pfm.PaladinFurnitureMod/]: Something has tried to get the output of a dynamic furniture recipe without context
[09Jul2025 23:48:24.441] [Server thread/WARN] [com.unlikepaladin.pfm.PaladinFurnitureMod/]: Something has tried to get the output of a dynamic furniture recipe without context
[09Jul2025 23:48:24.441] [Server thread/WARN] [com.unlikepaladin.pfm.PaladinFurnitureMod/]: Something has tried to get the output of a dynamic furniture recipe without context
[09Jul2025 23:48:24.441] [Server thread/WARN] [com.unlikepaladin.pfm.PaladinFurnitureMod/]: Something has tried to get the output of a dynamic furniture recipe without context
[09Jul2025 23:48:24.441] [Server thread/WARN] [com.unlikepaladin.pfm.PaladinFurnitureMod/]: Something has tried to get the output of a dynamic furniture recipe without context
[09Jul2025 23:48:24.441] [Server thread/WARN] [com.unlikepaladin.pfm.PaladinFurnitureMod/]: Something has tried to get the output of a dynamic furniture recipe without context
[09Jul2025 23:48:24.442] [Server thread/WARN] [com.unlikepaladin.pfm.PaladinFurnitureMod/]: Something has tried to get the output of a dynamic furniture recipe without context
[09Jul2025 23:48:24.442] [Server thread/WARN] [com.unlikepaladin.pfm.PaladinFurnitureMod/]: Something has tried to get the output of a dynamic furniture recipe without context
[09Jul2025 23:48:24.442] [Server thread/WARN] [com.unlikepaladin.pfm.PaladinFurnitureMod/]: Something has tried to get the output of a dynamic furniture recipe without context
[09Jul2025 23:48:24.443] [Server thread/WARN] [com.unlikepaladin.pfm.PaladinFurnitureMod/]: Something has tried to get the output of a dynamic furniture recipe without context
[09Jul2025 23:48:24.443] [Server thread/WARN] [com.unlikepaladin.pfm.PaladinFurnitureMod/]: Something has tried to get the output of a dynamic furniture recipe without context
[09Jul2025 23:48:24.443] [Server thread/WARN] [com.unlikepaladin.pfm.PaladinFurnitureMod/]: Something has tried to get the output of a dynamic furniture recipe without context
[09Jul2025 23:48:24.444] [Server thread/WARN] [com.unlikepaladin.pfm.PaladinFurnitureMod/]: Something has tried to get the output of a dynamic furniture recipe without context
[09Jul2025 23:48:24.444] [Server thread/WARN] [com.unlikepaladin.pfm.PaladinFurnitureMod/]: Something has tried to get the output of a dynamic furniture recipe without context
[09Jul2025 23:48:24.444] [Server thread/WARN] [com.unlikepaladin.pfm.PaladinFurnitureMod/]: Something has tried to get the output of a dynamic furniture recipe without context
[09Jul2025 23:48:24.444] [Server thread/WARN] [com.unlikepaladin.pfm.PaladinFurnitureMod/]: Something has tried to get the output of a dynamic furniture recipe without context
[09Jul2025 23:48:24.444] [Server thread/WARN] [com.unlikepaladin.pfm.PaladinFurnitureMod/]: Something has tried to get the output of a dynamic furniture recipe without context
[09Jul2025 23:48:24.445] [Server thread/WARN] [com.unlikepaladin.pfm.PaladinFurnitureMod/]: Something has tried to get the output of a dynamic furniture recipe without context
[09Jul2025 23:48:24.445] [Server thread/WARN] [com.unlikepaladin.pfm.PaladinFurnitureMod/]: Something has tried to get the output of a dynamic furniture recipe without context
[09Jul2025 23:48:24.445] [Server thread/WARN] [com.unlikepaladin.pfm.PaladinFurnitureMod/]: Something has tried to get the output of a dynamic furniture recipe without context
[09Jul2025 23:48:24.445] [Server thread/WARN] [com.unlikepaladin.pfm.PaladinFurnitureMod/]: Something has tried to get the output of a dynamic furniture recipe without context
[09Jul2025 23:48:24.446] [Server thread/WARN] [com.unlikepaladin.pfm.PaladinFurnitureMod/]: Something has tried to get the output of a dynamic furniture recipe without context
[09Jul2025 23:48:24.446] [Server thread/WARN] [com.unlikepaladin.pfm.PaladinFurnitureMod/]: Something has tried to get the output of a dynamic furniture recipe without context
[09Jul2025 23:48:24.446] [Server thread/WARN] [com.unlikepaladin.pfm.PaladinFurnitureMod/]: Something has tried to get the output of a dynamic furniture recipe without context
[09Jul2025 23:48:24.447] [Server thread/WARN] [com.unlikepaladin.pfm.PaladinFurnitureMod/]: Something has tried to get the output of a dynamic furniture recipe without context
[09Jul2025 23:48:24.447] [Server thread/WARN] [com.unlikepaladin.pfm.PaladinFurnitureMod/]: Something has tried to get the output of a dynamic furniture recipe without context
[09Jul2025 23:48:24.448] [Server thread/WARN] [com.unlikepaladin.pfm.PaladinFurnitureMod/]: Something has tried to get the output of a dynamic furniture recipe without context
[09Jul2025 23:48:24.448] [Server thread/WARN] [com.unlikepaladin.pfm.PaladinFurnitureMod/]: Something has tried to get the output of a dynamic furniture recipe without context
[09Jul2025 23:48:24.448] [Server thread/WARN] [com.unlikepaladin.pfm.PaladinFurnitureMod/]: Something has tried to get the output of a dynamic furniture recipe without context
[09Jul2025 23:48:24.449] [Server thread/WARN] [com.unlikepaladin.pfm.PaladinFurnitureMod/]: Something has tried to get the output of a dynamic furniture recipe without context
[09Jul2025 23:48:24.449] [Server thread/WARN] [com.unlikepaladin.pfm.PaladinFurnitureMod/]: Something has tried to get the output of a dynamic furniture recipe without context
[09Jul2025 23:48:24.449] [Server thread/WARN] [com.unlikepaladin.pfm.PaladinFurnitureMod/]: Something has tried to get the output of a dynamic furniture recipe without context
[09Jul2025 23:48:24.450] [Server thread/WARN] [com.unlikepaladin.pfm.PaladinFurnitureMod/]: Something has tried to get the output of a dynamic furniture recipe without context
[09Jul2025 23:48:24.450] [Server thread/WARN] [com.unlikepaladin.pfm.PaladinFurnitureMod/]: Something has tried to get the output of a dynamic furniture recipe without context
[09Jul2025 23:48:24.450] [Server thread/WARN] [com.unlikepaladin.pfm.PaladinFurnitureMod/]: Something has tried to get the output of a dynamic furniture recipe without context
[09Jul2025 23:48:24.450] [Server thread/WARN] [com.unlikepaladin.pfm.PaladinFurnitureMod/]: Something has tried to get the output of a dynamic furniture recipe without context
[09Jul2025 23:48:24.451] [Server thread/WARN] [com.unlikepaladin.pfm.PaladinFurnitureMod/]: Something has tried to get the output of a dynamic furniture recipe without context
[09Jul2025 23:48:24.451] [Server thread/WARN] [com.unlikepaladin.pfm.PaladinFurnitureMod/]: Something has tried to get the output of a dynamic furniture recipe without context
[09Jul2025 23:48:24.451] [Server thread/WARN] [com.unlikepaladin.pfm.PaladinFurnitureMod/]: Something has tried to get the output of a dynamic furniture recipe without context
[09Jul2025 23:48:24.451] [Server thread/WARN] [com.unlikepaladin.pfm.PaladinFurnitureMod/]: Something has tried to get the output of a dynamic furniture recipe without context
[09Jul2025 23:48:24.452] [Server thread/WARN] [com.unlikepaladin.pfm.PaladinFurnitureMod/]: Something has tried to get the output of a dynamic furniture recipe without context
[09Jul2025 23:48:24.452] [Server thread/WARN] [com.unlikepaladin.pfm.PaladinFurnitureMod/]: Something has tried to get the output of a dynamic furniture recipe without context
[09Jul2025 23:48:24.452] [Server thread/WARN] [com.unlikepaladin.pfm.PaladinFurnitureMod/]: Something has tried to get the output of a dynamic furniture recipe without context
[09Jul2025 23:48:24.452] [Server thread/WARN] [com.unlikepaladin.pfm.PaladinFurnitureMod/]: Something has tried to get the output of a dynamic furniture recipe without context
[09Jul2025 23:48:24.453] [Server thread/WARN] [com.unlikepaladin.pfm.PaladinFurnitureMod/]: Something has tried to get the output of a dynamic furniture recipe without context
[09Jul2025 23:48:24.453] [Server thread/WARN] [com.unlikepaladin.pfm.PaladinFurnitureMod/]: Something has tried to get the output of a dynamic furniture recipe without context
[09Jul2025 23:48:24.453] [Server thread/WARN] [com.unlikepaladin.pfm.PaladinFurnitureMod/]: Something has tried to get the output of a dynamic furniture recipe without context
[09Jul2025 23:48:24.453] [Server thread/WARN] [com.unlikepaladin.pfm.PaladinFurnitureMod/]: Something has tried to get the output of a dynamic furniture recipe without context
[09Jul2025 23:48:24.454] [Server thread/WARN] [com.unlikepaladin.pfm.PaladinFurnitureMod/]: Something has tried to get the output of a dynamic furniture recipe without context
[09Jul2025 23:48:24.454] [Server thread/WARN] [com.unlikepaladin.pfm.PaladinFurnitureMod/]: Something has tried to get the output of a dynamic furniture recipe without context
[09Jul2025 23:48:24.454] [Server thread/WARN] [com.unlikepaladin.pfm.PaladinFurnitureMod/]: Something has tried to get the output of a dynamic furniture recipe without context
[09Jul2025 23:48:24.455] [Server thread/WARN] [com.unlikepaladin.pfm.PaladinFurnitureMod/]: Something has tried to get the output of a dynamic furniture recipe without context
[09Jul2025 23:48:24.455] [Server thread/WARN] [com.unlikepaladin.pfm.PaladinFurnitureMod/]: Something has tried to get the output of a dynamic furniture recipe without context
[09Jul2025 23:48:24.455] [Server thread/WARN] [com.unlikepaladin.pfm.PaladinFurnitureMod/]: Something has tried to get the output of a dynamic furniture recipe without context
[09Jul2025 23:48:24.455] [Server thread/WARN] [com.unlikepaladin.pfm.PaladinFurnitureMod/]: Something has tried to get the output of a dynamic furniture recipe without context
[09Jul2025 23:48:24.455] [Server thread/WARN] [com.unlikepaladin.pfm.PaladinFurnitureMod/]: Something has tried to get the output of a dynamic furniture recipe without context
[09Jul2025 23:48:24.456] [Server thread/WARN] [com.unlikepaladin.pfm.PaladinFurnitureMod/]: Something has tried to get the output of a dynamic furniture recipe without context
[09Jul2025 23:48:24.456] [Server thread/WARN] [com.unlikepaladin.pfm.PaladinFurnitureMod/]: Something has tried to get the output of a dynamic furniture recipe without context
[09Jul2025 23:48:24.456] [Server thread/WARN] [com.unlikepaladin.pfm.PaladinFurnitureMod/]: Something has tried to get the output of a dynamic furniture recipe without context
[09Jul2025 23:48:24.456] [Server thread/WARN] [com.unlikepaladin.pfm.PaladinFurnitureMod/]: Something has tried to get the output of a dynamic furniture recipe without context
[09Jul2025 23:48:24.456] [Server thread/WARN] [com.unlikepaladin.pfm.PaladinFurnitureMod/]: Something has tried to get the output of a dynamic furniture recipe without context
[09Jul2025 23:48:24.457] [Server thread/WARN] [com.unlikepaladin.pfm.PaladinFurnitureMod/]: Something has tried to get the output of a dynamic furniture recipe without context
[09Jul2025 23:48:24.457] [Server thread/WARN] [com.unlikepaladin.pfm.PaladinFurnitureMod/]: Something has tried to get the output of a dynamic furniture recipe without context
[09Jul2025 23:48:24.457] [Server thread/WARN] [com.unlikepaladin.pfm.PaladinFurnitureMod/]: Something has tried to get the output of a dynamic furniture recipe without context
[09Jul2025 23:48:24.458] [Server thread/WARN] [com.unlikepaladin.pfm.PaladinFurnitureMod/]: Something has tried to get the output of a dynamic furniture recipe without context
[09Jul2025 23:48:24.458] [Server thread/WARN] [com.unlikepaladin.pfm.PaladinFurnitureMod/]: Something has tried to get the output of a dynamic furniture recipe without context
[09Jul2025 23:48:24.458] [Server thread/WARN] [com.unlikepaladin.pfm.PaladinFurnitureMod/]: Something has tried to get the output of a dynamic furniture recipe without context
[09Jul2025 23:48:24.458] [Server thread/WARN] [com.unlikepaladin.pfm.PaladinFurnitureMod/]: Something has tried to get the output of a dynamic furniture recipe without context
[09Jul2025 23:48:24.459] [Server thread/WARN] [com.unlikepaladin.pfm.PaladinFurnitureMod/]: Something has tried to get the output of a dynamic furniture recipe without context
[09Jul2025 23:48:24.459] [Server thread/WARN] [com.unlikepaladin.pfm.PaladinFurnitureMod/]: Something has tried to get the output of a dynamic furniture recipe without context
[09Jul2025 23:48:24.459] [Server thread/WARN] [com.unlikepaladin.pfm.PaladinFurnitureMod/]: Something has tried to get the output of a dynamic furniture recipe without context
[09Jul2025 23:48:24.459] [Server thread/WARN] [com.unlikepaladin.pfm.PaladinFurnitureMod/]: Something has tried to get the output of a dynamic furniture recipe without context
[09Jul2025 23:48:24.459] [Server thread/WARN] [com.unlikepaladin.pfm.PaladinFurnitureMod/]: Something has tried to get the output of a dynamic furniture recipe without context
[09Jul2025 23:48:24.459] [Server thread/WARN] [com.unlikepaladin.pfm.PaladinFurnitureMod/]: Something has tried to get the output of a dynamic furniture recipe without context
[09Jul2025 23:48:24.459] [Server thread/WARN] [com.unlikepaladin.pfm.PaladinFurnitureMod/]: Something has tried to get the output of a dynamic furniture recipe without context
[09Jul2025 23:48:24.459] [Server thread/WARN] [com.unlikepaladin.pfm.PaladinFurnitureMod/]: Something has tried to get the output of a dynamic furniture recipe without context
[09Jul2025 23:48:24.459] [Server thread/WARN] [com.unlikepaladin.pfm.PaladinFurnitureMod/]: Something has tried to get the output of a dynamic furniture recipe without context
[09Jul2025 23:48:24.459] [Server thread/WARN] [com.unlikepaladin.pfm.PaladinFurnitureMod/]: Something has tried to get the output of a dynamic furniture recipe without context
[09Jul2025 23:48:24.459] [Server thread/WARN] [com.unlikepaladin.pfm.PaladinFurnitureMod/]: Something has tried to get the output of a dynamic furniture recipe without context
[09Jul2025 23:48:24.460] [Server thread/WARN] [com.unlikepaladin.pfm.PaladinFurnitureMod/]: Something has tried to get the output of a dynamic furniture recipe without context
[09Jul2025 23:48:24.460] [Server thread/WARN] [com.unlikepaladin.pfm.PaladinFurnitureMod/]: Something has tried to get the output of a dynamic furniture recipe without context
[09Jul2025 23:48:24.460] [Server thread/WARN] [com.unlikepaladin.pfm.PaladinFurnitureMod/]: Something has tried to get the output of a dynamic furniture recipe without context
[09Jul2025 23:48:24.460] [Server thread/WARN] [com.unlikepaladin.pfm.PaladinFurnitureMod/]: Something has tried to get the output of a dynamic furniture recipe without context
[09Jul2025 23:48:24.460] [Server thread/WARN] [com.unlikepaladin.pfm.PaladinFurnitureMod/]: Something has tried to get the output of a dynamic furniture recipe without context
[09Jul2025 23:48:24.460] [Server thread/WARN] [com.unlikepaladin.pfm.PaladinFurnitureMod/]: Something has tried to get the output of a dynamic furniture recipe without context
[09Jul2025 23:48:24.460] [Server thread/WARN] [com.unlikepaladin.pfm.PaladinFurnitureMod/]: Something has tried to get the output of a dynamic furniture recipe without context
[09Jul2025 23:48:24.460] [Server thread/WARN] [com.unlikepaladin.pfm.PaladinFurnitureMod/]: Something has tried to get the output of a dynamic furniture recipe without context
[09Jul2025 23:48:24.460] [Server thread/WARN] [com.unlikepaladin.pfm.PaladinFurnitureMod/]: Something has tried to get the output of a dynamic furniture recipe without context
[09Jul2025 23:48:24.460] [Server thread/WARN] [com.unlikepaladin.pfm.PaladinFurnitureMod/]: Something has tried to get the output of a dynamic furniture recipe without context
[09Jul2025 23:48:24.461] [Server thread/WARN] [com.unlikepaladin.pfm.PaladinFurnitureMod/]: Something has tried to get the output of a dynamic furniture recipe without context
[09Jul2025 23:48:24.461] [Server thread/WARN] [com.unlikepaladin.pfm.PaladinFurnitureMod/]: Something has tried to get the output of a dynamic furniture recipe without context
[09Jul2025 23:48:24.462] [Server thread/WARN] [com.unlikepaladin.pfm.PaladinFurnitureMod/]: Something has tried to get the output of a dynamic furniture recipe without context
[09Jul2025 23:48:24.462] [Server thread/WARN] [com.unlikepaladin.pfm.PaladinFurnitureMod/]: Something has tried to get the output of a dynamic furniture recipe without context
[09Jul2025 23:48:24.462] [Server thread/WARN] [com.unlikepaladin.pfm.PaladinFurnitureMod/]: Something has tried to get the output of a dynamic furniture recipe without context
[09Jul2025 23:48:24.462] [Server thread/WARN] [com.unlikepaladin.pfm.PaladinFurnitureMod/]: Something has tried to get the output of a dynamic furniture recipe without context
[09Jul2025 23:48:24.462] [Server thread/WARN] [com.unlikepaladin.pfm.PaladinFurnitureMod/]: Something has tried to get the output of a dynamic furniture recipe without context
[09Jul2025 23:48:24.463] [Server thread/WARN] [com.unlikepaladin.pfm.PaladinFurnitureMod/]: Something has tried to get the output of a dynamic furniture recipe without context
[09Jul2025 23:48:24.463] [Server thread/WARN] [com.unlikepaladin.pfm.PaladinFurnitureMod/]: Something has tried to get the output of a dynamic furniture recipe without context
[09Jul2025 23:48:24.463] [Server thread/WARN] [com.unlikepaladin.pfm.PaladinFurnitureMod/]: Something has tried to get the output of a dynamic furniture recipe without context
[09Jul2025 23:48:24.463] [Server thread/WARN] [com.unlikepaladin.pfm.PaladinFurnitureMod/]: Something has tried to get the output of a dynamic furniture recipe without context
[09Jul2025 23:48:24.464] [Server thread/WARN] [com.unlikepaladin.pfm.PaladinFurnitureMod/]: Something has tried to get the output of a dynamic furniture recipe without context
[09Jul2025 23:48:24.464] [Server thread/WARN] [com.unlikepaladin.pfm.PaladinFurnitureMod/]: Something has tried to get the output of a dynamic furniture recipe without context
[09Jul2025 23:48:24.464] [Server thread/WARN] [com.unlikepaladin.pfm.PaladinFurnitureMod/]: Something has tried to get the output of a dynamic furniture recipe without context
[09Jul2025 23:48:24.464] [Server thread/WARN] [com.unlikepaladin.pfm.PaladinFurnitureMod/]: Something has tried to get the output of a dynamic furniture recipe without context
[09Jul2025 23:48:24.464] [Server thread/WARN] [com.unlikepaladin.pfm.PaladinFurnitureMod/]: Something has tried to get the output of a dynamic furniture recipe without context
[09Jul2025 23:48:24.465] [Server thread/WARN] [com.unlikepaladin.pfm.PaladinFurnitureMod/]: Something has tried to get the output of a dynamic furniture recipe without context
[09Jul2025 23:48:24.465] [Server thread/WARN] [com.unlikepaladin.pfm.PaladinFurnitureMod/]: Something has tried to get the output of a dynamic furniture recipe without context
[09Jul2025 23:48:24.465] [Server thread/WARN] [com.unlikepaladin.pfm.PaladinFurnitureMod/]: Something has tried to get the output of a dynamic furniture recipe without context
[09Jul2025 23:48:24.465] [Server thread/WARN] [com.unlikepaladin.pfm.PaladinFurnitureMod/]: Something has tried to get the output of a dynamic furniture recipe without context
[09Jul2025 23:48:24.465] [Server thread/WARN] [com.unlikepaladin.pfm.PaladinFurnitureMod/]: Something has tried to get the output of a dynamic furniture recipe without context
[09Jul2025 23:48:24.466] [Server thread/WARN] [com.unlikepaladin.pfm.PaladinFurnitureMod/]: Something has tried to get the output of a dynamic furniture recipe without context
[09Jul2025 23:48:24.466] [Server thread/WARN] [com.unlikepaladin.pfm.PaladinFurnitureMod/]: Something has tried to get the output of a dynamic furniture recipe without context
[09Jul2025 23:48:24.466] [Server thread/WARN] [com.unlikepaladin.pfm.PaladinFurnitureMod/]: Something has tried to get the output of a dynamic furniture recipe without context
[09Jul2025 23:48:24.467] [Server thread/WARN] [com.unlikepaladin.pfm.PaladinFurnitureMod/]: Something has tried to get the output of a dynamic furniture recipe without context
[09Jul2025 23:48:24.467] [Server thread/WARN] [com.unlikepaladin.pfm.PaladinFurnitureMod/]: Something has tried to get the output of a dynamic furniture recipe without context
[09Jul2025 23:48:24.468] [Server thread/WARN] [com.unlikepaladin.pfm.PaladinFurnitureMod/]: Something has tried to get the output of a dynamic furniture recipe without context
[09Jul2025 23:48:24.468] [Server thread/WARN] [com.unlikepaladin.pfm.PaladinFurnitureMod/]: Something has tried to get the output of a dynamic furniture recipe without context
[09Jul2025 23:48:24.468] [Server thread/WARN] [com.unlikepaladin.pfm.PaladinFurnitureMod/]: Something has tried to get the output of a dynamic furniture recipe without context
[09Jul2025 23:48:24.469] [Server thread/WARN] [com.unlikepaladin.pfm.PaladinFurnitureMod/]: Something has tried to get the output of a dynamic furniture recipe without context
[09Jul2025 23:48:24.469] [Server thread/WARN] [com.unlikepaladin.pfm.PaladinFurnitureMod/]: Something has tried to get the output of a dynamic furniture recipe without context
[09Jul2025 23:48:24.469] [Server thread/WARN] [com.unlikepaladin.pfm.PaladinFurnitureMod/]: Something has tried to get the output of a dynamic furniture recipe without context
[09Jul2025 23:48:24.469] [Server thread/WARN] [com.unlikepaladin.pfm.PaladinFurnitureMod/]: Something has tried to get the output of a dynamic furniture recipe without context
[09Jul2025 23:48:24.473] [Server thread/WARN] [com.unlikepaladin.pfm.PaladinFurnitureMod/]: Something has tried to get the output of a dynamic furniture recipe without context
[09Jul2025 23:48:24.473] [Server thread/WARN] [com.unlikepaladin.pfm.PaladinFurnitureMod/]: Something has tried to get the output of a dynamic furniture recipe without context
[09Jul2025 23:48:24.473] [Server thread/WARN] [com.unlikepaladin.pfm.PaladinFurnitureMod/]: Something has tried to get the output of a dynamic furniture recipe without context
[09Jul2025 23:48:27.458] [Server thread/INFO] [net.minecraft.server.network.ServerGamePacketListenerImpl/]: SrArthuro lost connection: Disconnected
[09Jul2025 23:48:27.459] [Server thread/INFO] [net.minecraft.server.MinecraftServer/]: SrArthuro left the game
[09Jul2025 23:49:09.504] [Server thread/INFO] [net.minecraft.server.network.ServerLoginPacketListenerImpl/]: com.mojang.authlib.GameProfile@71231352[id=<null>,name=SrArthuro,properties={},legacy=false] (/127.207.17.91:56453) lost connection: Disconnected
[09Jul2025 23:54:31.455] [Server thread/INFO] [net.minecraft.server.network.ServerLoginPacketListenerImpl/]: com.mojang.authlib.GameProfile@5b9b92e1[id=<null>,name=SrArthuro,properties={},legacy=false] (/127.207.17.91:34641) lost connection: Disconnected
